13:31:13 **** Incremental Build of configuration Nios II for project NIOS_Project_Small ****
wsl make all 
Info: Building /mnt/c/Users/guan-ming.dennis-won/Documents/Code/SPI_4_Wire_Serial_Intel_FPGA_IP/software/NIOS_Project_Small_bsp/
make --no-print-directory -C /mnt/c/Users/guan-ming.dennis-won/Documents/Code/SPI_4_Wire_Serial_Intel_FPGA_IP/software/NIOS_Project_Small_bsp/
[BSP build complete]
[NIOS_Project_Small build complete]
13:32:25 **** Incremental Build of configuration Nios II for project NIOS_Project_Small ****
wsl make all 
Info: Building /mnt/c/Users/guan-ming.dennis-won/Documents/Code/SPI_4_Wire_Serial_Intel_FPGA_IP/software/NIOS_Project_Small_bsp/
make --no-print-directory -C /mnt/c/Users/guan-ming.dennis-won/Documents/Code/SPI_4_Wire_Serial_Intel_FPGA_IP/software/NIOS_Project_Small_bsp/
[BSP build complete]
[NIOS_Project_Small build complete]
13:55:42 **** Build of configuration Nios II for project NIOS_Project_Small ****
wsl make all 
Info: Building /mnt/c/Users/guan-ming.dennis-won/Documents/Code/SPI_4_Wire_Serial_Intel_FPGA_IP/software/NIOS_Project_Small_bsp/
make --no-print-directory -C /mnt/c/Users/guan-ming.dennis-won/Documents/Code/SPI_4_Wire_Serial_Intel_FPGA_IP/software/NIOS_Project_Small_bsp/
[BSP build complete]
[NIOS_Project_Small build complete]
15:45:08 **** Clean-only build of configuration Nios II for project NIOS_Project_Small ****
wsl make clean 
[NIOS_Project_Small clean complete]
15:45:13 **** Build of configuration Nios II for project NIOS_Project_Small ****
wsl make all 
Info: Building /mnt/c/Users/guan-ming.dennis-won/Documents/Code/SPI_4_Wire_Serial_Intel_FPGA_IP/software/NIOS_Project_Small_bsp/
make --no-print-directory -C /mnt/c/Users/guan-ming.dennis-won/Documents/Code/SPI_4_Wire_Serial_Intel_FPGA_IP/software/NIOS_Project_Small_bsp/
[BSP build complete]
Info: Compiling hello_world_small.c to obj/default/hello_world_small.o
nios2-elf-gcc.exe -xc -MP -MMD -c -Ic:/Users/guan-ming.dennis-won/Documents/Code/SPI_4_Wire_Serial_Intel_FPGA_IP/software/NIOS_Project_Small_bsp//HAL/inc -Ic:/Users/guan-ming.dennis-won/Documents/Code/SPI_4_Wire_Serial_Intel_FPGA_IP/software/NIOS_Project_Small_bsp/ -Ic:/Users/guan-ming.dennis-won/Documents/Code/SPI_4_Wire_Serial_Intel_FPGA_IP/software/NIOS_Project_Small_bsp//drivers/inc  -pipe -D__hal__ -DALT_NO_C_PLUS_PLUS -DALT_NO_CLEAN_EXIT -D'exit(a)=_exit(a)' -DALT_NO_EXIT -DALT_USE_DIRECT_DRIVERS -DALT_NO_INSTRUCTION_EMULATION -DALT_USE_SMALL_DRIVERS -DSMALL_C_LIB -DALT_SINGLE_THREADED    -Os -g -Wall   -mno-hw-div -mno-hw-div -mhw-mul -mno-hw-mulx -mgpopt=global  -o "obj/default/hello_world_small.o" "hello_world_small.c"
hello_world_small.c: In function 'main':
hello_world_small.c:38:3: warning: implicit declaration of function 'main_initial' [-Wimplicit-function-declaration]
   38 |   main_initial();
      |   ^~~~~~~~~~~~
hello_world_small.c:28:27: warning: unused variable 'invert_me' [-Wunused-variable]
   28 |   static volatile uint8_t invert_me = 1;
      |                           ^~~~~~~~~
hello_world_small.c:27:11: warning: unused variable 'out' [-Wunused-variable]
   27 |   uint8_t out = 0;
      |           ^~~
Info: Compiling imported_source/TENCL040_ESC.c to obj/default/imported_source/TENCL040_ESC.o
nios2-elf-gcc.exe -xc -MP -MMD -c -Ic:/Users/guan-ming.dennis-won/Documents/Code/SPI_4_Wire_Serial_Intel_FPGA_IP/software/NIOS_Project_Small_bsp//HAL/inc -Ic:/Users/guan-ming.dennis-won/Documents/Code/SPI_4_Wire_Serial_Intel_FPGA_IP/software/NIOS_Project_Small_bsp/ -Ic:/Users/guan-ming.dennis-won/Documents/Code/SPI_4_Wire_Serial_Intel_FPGA_IP/software/NIOS_Project_Small_bsp//drivers/inc  -pipe -D__hal__ -DALT_NO_C_PLUS_PLUS -DALT_NO_CLEAN_EXIT -D'exit(a)=_exit(a)' -DALT_NO_EXIT -DALT_USE_DIRECT_DRIVERS -DALT_NO_INSTRUCTION_EMULATION -DALT_USE_SMALL_DRIVERS -DSMALL_C_LIB -DALT_SINGLE_THREADED    -Os -g -Wall   -mno-hw-div -mno-hw-div -mhw-mul -mno-hw-mulx -mgpopt=global  -o "obj/default/imported_source/TENCL040_ESC.o" "imported_source/TENCL040_ESC.c"
In file included from imported_source/../imported_source/TENCL040_ESC.h:41,
                 from imported_source/TENCL040_ESC.c:29:
imported_source/../imported_source/../imported_source/TENCL040_ESCObjects.h:2677:8: warning: excess elements in array initializer
 2677 | ={8,{0,0,0,0,0,0,0,0}}
      |        ^
imported_source/../imported_source/../imported_source/TENCL040_ESCObjects.h:2677:8: note: (near initialization for 'OnOffContinuousModeGroup0x7010.aEntries')
imported_source/../imported_source/../imported_source/TENCL040_ESCObjects.h:2677:10: warning: excess elements in array initializer
 2677 | ={8,{0,0,0,0,0,0,0,0}}
      |          ^
imported_source/../imported_source/../imported_source/TENCL040_ESCObjects.h:2677:10: note: (near initialization for 'OnOffContinuousModeGroup0x7010.aEntries')
imported_source/../imported_source/../imported_source/TENCL040_ESCObjects.h:2677:12: warning: excess elements in array initializer
 2677 | ={8,{0,0,0,0,0,0,0,0}}
      |            ^
imported_source/../imported_source/../imported_source/TENCL040_ESCObjects.h:2677:12: note: (near initialization for 'OnOffContinuousModeGroup0x7010.aEntries')
imported_source/../imported_source/../imported_source/TENCL040_ESCObjects.h:2677:14: warning: excess elements in array initializer
 2677 | ={8,{0,0,0,0,0,0,0,0}}
      |              ^
imported_source/../imported_source/../imported_source/TENCL040_ESCObjects.h:2677:14: note: (near initialization for 'OnOffContinuousModeGroup0x7010.aEntries')
imported_source/../imported_source/../imported_source/TENCL040_ESCObjects.h:2677:16: warning: excess elements in array initializer
 2677 | ={8,{0,0,0,0,0,0,0,0}}
      |                ^
imported_source/../imported_source/../imported_source/TENCL040_ESCObjects.h:2677:16: note: (near initialization for 'OnOffContinuousModeGroup0x7010.aEntries')
imported_source/../imported_source/../imported_source/TENCL040_ESCObjects.h:2677:18: warning: excess elements in array initializer
 2677 | ={8,{0,0,0,0,0,0,0,0}}
      |                  ^
imported_source/../imported_source/../imported_source/TENCL040_ESCObjects.h:2677:18: note: (near initialization for 'OnOffContinuousModeGroup0x7010.aEntries')
imported_source/../imported_source/../imported_source/TENCL040_ESCObjects.h:2677:20: warning: excess elements in array initializer
 2677 | ={8,{0,0,0,0,0,0,0,0}}
      |                    ^
imported_source/../imported_source/../imported_source/TENCL040_ESCObjects.h:2677:20: note: (near initialization for 'OnOffContinuousModeGroup0x7010.aEntries')
Info: Compiling imported_source/ax58100_hw.c to obj/default/imported_source/ax58100_hw.o
nios2-elf-gcc.exe -xc -MP -MMD -c -Ic:/Users/guan-ming.dennis-won/Documents/Code/SPI_4_Wire_Serial_Intel_FPGA_IP/software/NIOS_Project_Small_bsp//HAL/inc -Ic:/Users/guan-ming.dennis-won/Documents/Code/SPI_4_Wire_Serial_Intel_FPGA_IP/software/NIOS_Project_Small_bsp/ -Ic:/Users/guan-ming.dennis-won/Documents/Code/SPI_4_Wire_Serial_Intel_FPGA_IP/software/NIOS_Project_Small_bsp//drivers/inc  -pipe -D__hal__ -DALT_NO_C_PLUS_PLUS -DALT_NO_CLEAN_EXIT -D'exit(a)=_exit(a)' -DALT_NO_EXIT -DALT_USE_DIRECT_DRIVERS -DALT_NO_INSTRUCTION_EMULATION -DALT_USE_SMALL_DRIVERS -DSMALL_C_LIB -DALT_SINGLE_THREADED    -Os -g -Wall   -mno-hw-div -mno-hw-div -mhw-mul -mno-hw-mulx -mgpopt=global  -o "obj/default/imported_source/ax58100_hw.o" "imported_source/ax58100_hw.c"
imported_source/ax58100_hw.c: In function 'HW_SPI_Read':
imported_source/ax58100_hw.c:169:25: warning: unused variable 'spi_check' [-Wunused-variable]
  169 |                 uint8_t spi_check =  spi_transmit_receive(ESC_SPI_BASE, 0,
      |                         ^~~~~~~~~
imported_source/ax58100_hw.c: In function 'HW_SPI_Write':
imported_source/ax58100_hw.c:259:25: warning: unused variable 'spi_check' [-Wunused-variable]
  259 |                 uint8_t spi_check =  spi_transmit_receive(ESC_SPI_BASE, 0,
      |                         ^~~~~~~~~
imported_source/ax58100_hw.c: In function 'HW_Init':
imported_source/ax58100_hw.c:333:9: warning: implicit declaration of function 'init_exti0_it' [-Wimplicit-function-declaration]
  333 |         init_exti0_it();
      |         ^~~~~~~~~~~~~
imported_source/ax58100_hw.c: At top level:
imported_source/ax58100_hw.c:61:16: warning: 'HW_SPI_TransmitReceive' defined but not used [-Wunused-function]
   61 | static int32_t HW_SPI_TransmitReceive(uint8_t* pTxData, uint8_t* pRxData,
      |                ^~~~~~~~~~~~~~~~~~~~~~
Info: Compiling imported_source/coeappl.c to obj/default/imported_source/coeappl.o
nios2-elf-gcc.exe -xc -MP -MMD -c -Ic:/Users/guan-ming.dennis-won/Documents/Code/SPI_4_Wire_Serial_Intel_FPGA_IP/software/NIOS_Project_Small_bsp//HAL/inc -Ic:/Users/guan-ming.dennis-won/Documents/Code/SPI_4_Wire_Serial_Intel_FPGA_IP/software/NIOS_Project_Small_bsp/ -Ic:/Users/guan-ming.dennis-won/Documents/Code/SPI_4_Wire_Serial_Intel_FPGA_IP/software/NIOS_Project_Small_bsp//drivers/inc  -pipe -D__hal__ -DALT_NO_C_PLUS_PLUS -DALT_NO_CLEAN_EXIT -D'exit(a)=_exit(a)' -DALT_NO_EXIT -DALT_USE_DIRECT_DRIVERS -DALT_NO_INSTRUCTION_EMULATION -DALT_USE_SMALL_DRIVERS -DSMALL_C_LIB -DALT_SINGLE_THREADED    -Os -g -Wall   -mno-hw-div -mno-hw-div -mhw-mul -mno-hw-mulx -mgpopt=global  -o "obj/default/imported_source/coeappl.o" "imported_source/coeappl.c"
imported_source/coeappl.c: In function 'COE_ObjDictionaryInit':
imported_source/coeappl.c:882:26: warning: the comparison will always evaluate as 'true' for the address of 'ApplicationObjDic' will never be NULL [-Waddress]
  882 |     if(ApplicationObjDic != NULL)
      |                          ^~
In file included from imported_source/../imported_source/TENCL040_ESC.h:41,
                 from imported_source/coeappl.c:132:
imported_source/../imported_source/../imported_source/TENCL040_ESCObjects.h:2689:19: note: 'ApplicationObjDic' declared here
 2689 | TOBJECT    OBJMEM ApplicationObjDic[] = {
      |                   ^~~~~~~~~~~~~~~~~
Info: Compiling imported_source/ecatappl.c to obj/default/imported_source/ecatappl.o
nios2-elf-gcc.exe -xc -MP -MMD -c -Ic:/Users/guan-ming.dennis-won/Documents/Code/SPI_4_Wire_Serial_Intel_FPGA_IP/software/NIOS_Project_Small_bsp//HAL/inc -Ic:/Users/guan-ming.dennis-won/Documents/Code/SPI_4_Wire_Serial_Intel_FPGA_IP/software/NIOS_Project_Small_bsp/ -Ic:/Users/guan-ming.dennis-won/Documents/Code/SPI_4_Wire_Serial_Intel_FPGA_IP/software/NIOS_Project_Small_bsp//drivers/inc  -pipe -D__hal__ -DALT_NO_C_PLUS_PLUS -DALT_NO_CLEAN_EXIT -D'exit(a)=_exit(a)' -DALT_NO_EXIT -DALT_USE_DIRECT_DRIVERS -DALT_NO_INSTRUCTION_EMULATION -DALT_USE_SMALL_DRIVERS -DSMALL_C_LIB -DALT_SINGLE_THREADED    -Os -g -Wall   -mno-hw-div -mno-hw-div -mhw-mul -mno-hw-mulx -mgpopt=global  -o "obj/default/imported_source/ecatappl.o" "imported_source/ecatappl.c"
Info: Compiling imported_source/ecatcoe.c to obj/default/imported_source/ecatcoe.o
nios2-elf-gcc.exe -xc -MP -MMD -c -Ic:/Users/guan-ming.dennis-won/Documents/Code/SPI_4_Wire_Serial_Intel_FPGA_IP/software/NIOS_Project_Small_bsp//HAL/inc -Ic:/Users/guan-ming.dennis-won/Documents/Code/SPI_4_Wire_Serial_Intel_FPGA_IP/software/NIOS_Project_Small_bsp/ -Ic:/Users/guan-ming.dennis-won/Documents/Code/SPI_4_Wire_Serial_Intel_FPGA_IP/software/NIOS_Project_Small_bsp//drivers/inc  -pipe -D__hal__ -DALT_NO_C_PLUS_PLUS -DALT_NO_CLEAN_EXIT -D'exit(a)=_exit(a)' -DALT_NO_EXIT -DALT_USE_DIRECT_DRIVERS -DALT_NO_INSTRUCTION_EMULATION -DALT_USE_SMALL_DRIVERS -DSMALL_C_LIB -DALT_SINGLE_THREADED    -Os -g -Wall   -mno-hw-div -mno-hw-div -mhw-mul -mno-hw-mulx -mgpopt=global  -o "obj/default/imported_source/ecatcoe.o" "imported_source/ecatcoe.c"
Info: Compiling imported_source/ecatslv.c to obj/default/imported_source/ecatslv.o
nios2-elf-gcc.exe -xc -MP -MMD -c -Ic:/Users/guan-ming.dennis-won/Documents/Code/SPI_4_Wire_Serial_Intel_FPGA_IP/software/NIOS_Project_Small_bsp//HAL/inc -Ic:/Users/guan-ming.dennis-won/Documents/Code/SPI_4_Wire_Serial_Intel_FPGA_IP/software/NIOS_Project_Small_bsp/ -Ic:/Users/guan-ming.dennis-won/Documents/Code/SPI_4_Wire_Serial_Intel_FPGA_IP/software/NIOS_Project_Small_bsp//drivers/inc  -pipe -D__hal__ -DALT_NO_C_PLUS_PLUS -DALT_NO_CLEAN_EXIT -D'exit(a)=_exit(a)' -DALT_NO_EXIT -DALT_USE_DIRECT_DRIVERS -DALT_NO_INSTRUCTION_EMULATION -DALT_USE_SMALL_DRIVERS -DSMALL_C_LIB -DALT_SINGLE_THREADED    -Os -g -Wall   -mno-hw-div -mno-hw-div -mhw-mul -mno-hw-mulx -mgpopt=global  -o "obj/default/imported_source/ecatslv.o" "imported_source/ecatslv.c"
Info: Compiling imported_source/mailbox.c to obj/default/imported_source/mailbox.o
nios2-elf-gcc.exe -xc -MP -MMD -c -Ic:/Users/guan-ming.dennis-won/Documents/Code/SPI_4_Wire_Serial_Intel_FPGA_IP/software/NIOS_Project_Small_bsp//HAL/inc -Ic:/Users/guan-ming.dennis-won/Documents/Code/SPI_4_Wire_Serial_Intel_FPGA_IP/software/NIOS_Project_Small_bsp/ -Ic:/Users/guan-ming.dennis-won/Documents/Code/SPI_4_Wire_Serial_Intel_FPGA_IP/software/NIOS_Project_Small_bsp//drivers/inc  -pipe -D__hal__ -DALT_NO_C_PLUS_PLUS -DALT_NO_CLEAN_EXIT -D'exit(a)=_exit(a)' -DALT_NO_EXIT -DALT_USE_DIRECT_DRIVERS -DALT_NO_INSTRUCTION_EMULATION -DALT_USE_SMALL_DRIVERS -DSMALL_C_LIB -DALT_SINGLE_THREADED    -Os -g -Wall   -mno-hw-div -mno-hw-div -mhw-mul -mno-hw-mulx -mgpopt=global  -o "obj/default/imported_source/mailbox.o" "imported_source/mailbox.c"
imported_source/mailbox.c: In function 'MBX_CheckAndCopyMailbox':
imported_source/mailbox.c:760:17: warning: array subscript 'TMBX[0]' is partly outside array bounds of 'unsigned char[10]' [-Warray-bounds]
  760 |             pMbx->MbxHeader.Length     = 4;
      |                 ^~
In file included from imported_source/mailbox.c:138:
imported_source/../imported_source/ecat_def.h:776:51: note: object of size 10 allocated by 'malloc'
  776 | #define APPL_AllocMailboxBuffer(size)             malloc((size))
      |                                                   ^~~~~~~~~~~~~~
imported_source/mailbox.c:753:45: note: in expansion of macro 'APPL_AllocMailboxBuffer'
  753 |         TMBX MBXMEM *pMbx = (TMBX MBXMEM *) APPL_AllocMailboxBuffer(10); /* a mailbox error datagram length*/
      |                                             ^~~~~~~~~~~~~~~~~~~~~~~
imported_source/mailbox.c:762:17: warning: array subscript 'TMBX[0]' is partly outside array bounds of 'unsigned char[10]' [-Warray-bounds]
  762 |             pMbx->Data[0]                        = SWAPWORD(MBXSERVICE_MBXERRORCMD);
      |                 ^~
imported_source/../imported_source/ecat_def.h:776:51: note: object of size 10 allocated by 'malloc'
  776 | #define APPL_AllocMailboxBuffer(size)             malloc((size))
      |                                                   ^~~~~~~~~~~~~~
imported_source/mailbox.c:753:45: note: in expansion of macro 'APPL_AllocMailboxBuffer'
  753 |         TMBX MBXMEM *pMbx = (TMBX MBXMEM *) APPL_AllocMailboxBuffer(10); /* a mailbox error datagram length*/
      |                                             ^~~~~~~~~~~~~~~~~~~~~~~
imported_source/mailbox.c:763:17: warning: array subscript 'TMBX[0]' is partly outside array bounds of 'unsigned char[10]' [-Warray-bounds]
  763 |             pMbx->Data[1]                        = SWAPWORD(MBXERR_NOMOREMEMORY);
      |                 ^~
imported_source/../imported_source/ecat_def.h:776:51: note: object of size 10 allocated by 'malloc'
  776 | #define APPL_AllocMailboxBuffer(size)             malloc((size))
      |                                                   ^~~~~~~~~~~~~~
imported_source/mailbox.c:753:45: note: in expansion of macro 'APPL_AllocMailboxBuffer'
  753 |         TMBX MBXMEM *pMbx = (TMBX MBXMEM *) APPL_AllocMailboxBuffer(10); /* a mailbox error datagram length*/
      |                                             ^~~~~~~~~~~~~~~~~~~~~~~
Info: Compiling imported_source/objdef.c to obj/default/imported_source/objdef.o
nios2-elf-gcc.exe -xc -MP -MMD -c -Ic:/Users/guan-ming.dennis-won/Documents/Code/SPI_4_Wire_Serial_Intel_FPGA_IP/software/NIOS_Project_Small_bsp//HAL/inc -Ic:/Users/guan-ming.dennis-won/Documents/Code/SPI_4_Wire_Serial_Intel_FPGA_IP/software/NIOS_Project_Small_bsp/ -Ic:/Users/guan-ming.dennis-won/Documents/Code/SPI_4_Wire_Serial_Intel_FPGA_IP/software/NIOS_Project_Small_bsp//drivers/inc  -pipe -D__hal__ -DALT_NO_C_PLUS_PLUS -DALT_NO_CLEAN_EXIT -D'exit(a)=_exit(a)' -DALT_NO_EXIT -DALT_USE_DIRECT_DRIVERS -DALT_NO_INSTRUCTION_EMULATION -DALT_USE_SMALL_DRIVERS -DSMALL_C_LIB -DALT_SINGLE_THREADED    -Os -g -Wall   -mno-hw-div -mno-hw-div -mhw-mul -mno-hw-mulx -mgpopt=global  -o "obj/default/imported_source/objdef.o" "imported_source/objdef.c"
Info: Compiling imported_source/sdoserv.c to obj/default/imported_source/sdoserv.o
nios2-elf-gcc.exe -xc -MP -MMD -c -Ic:/Users/guan-ming.dennis-won/Documents/Code/SPI_4_Wire_Serial_Intel_FPGA_IP/software/NIOS_Project_Small_bsp//HAL/inc -Ic:/Users/guan-ming.dennis-won/Documents/Code/SPI_4_Wire_Serial_Intel_FPGA_IP/software/NIOS_Project_Small_bsp/ -Ic:/Users/guan-ming.dennis-won/Documents/Code/SPI_4_Wire_Serial_Intel_FPGA_IP/software/NIOS_Project_Small_bsp//drivers/inc  -pipe -D__hal__ -DALT_NO_C_PLUS_PLUS -DALT_NO_CLEAN_EXIT -D'exit(a)=_exit(a)' -DALT_NO_EXIT -DALT_USE_DIRECT_DRIVERS -DALT_NO_INSTRUCTION_EMULATION -DALT_USE_SMALL_DRIVERS -DSMALL_C_LIB -DALT_SINGLE_THREADED    -Os -g -Wall   -mno-hw-div -mno-hw-div -mhw-mul -mno-hw-mulx -mgpopt=global  -o "obj/default/imported_source/sdoserv.o" "imported_source/sdoserv.c"
Info: Compiling nios_it/nios_it.c to obj/default/nios_it/nios_it.o
nios2-elf-gcc.exe -xc -MP -MMD -c -Ic:/Users/guan-ming.dennis-won/Documents/Code/SPI_4_Wire_Serial_Intel_FPGA_IP/software/NIOS_Project_Small_bsp//HAL/inc -Ic:/Users/guan-ming.dennis-won/Documents/Code/SPI_4_Wire_Serial_Intel_FPGA_IP/software/NIOS_Project_Small_bsp/ -Ic:/Users/guan-ming.dennis-won/Documents/Code/SPI_4_Wire_Serial_Intel_FPGA_IP/software/NIOS_Project_Small_bsp//drivers/inc  -pipe -D__hal__ -DALT_NO_C_PLUS_PLUS -DALT_NO_CLEAN_EXIT -D'exit(a)=_exit(a)' -DALT_NO_EXIT -DALT_USE_DIRECT_DRIVERS -DALT_NO_INSTRUCTION_EMULATION -DALT_USE_SMALL_DRIVERS -DSMALL_C_LIB -DALT_SINGLE_THREADED    -Os -g -Wall   -mno-hw-div -mno-hw-div -mhw-mul -mno-hw-mulx -mgpopt=global  -o "obj/default/nios_it/nios_it.o" "nios_it/nios_it.c"
nios_it/nios_it.c: In function 'exti0_isr':
nios_it/nios_it.c:18:10: warning: implicit declaration of function 'PDI_Isr' [-Wimplicit-function-declaration]
   18 |          PDI_Isr();
      |          ^~~~~~~
nios_it/nios_it.c:21:10: warning: implicit declaration of function 'ECAT_CheckTimer' [-Wimplicit-function-declaration]
   21 |          ECAT_CheckTimer();
      |          ^~~~~~~~~~~~~~~
nios_it/nios_it.c:22:10: warning: implicit declaration of function 'appTimerRun' [-Wimplicit-function-declaration]
   22 |          appTimerRun();
      |          ^~~~~~~~~~~
Info: Compiling peripheral/peripheral_linker.c to obj/default/peripheral/peripheral_linker.o
nios2-elf-gcc.exe -xc -MP -MMD -c -Ic:/Users/guan-ming.dennis-won/Documents/Code/SPI_4_Wire_Serial_Intel_FPGA_IP/software/NIOS_Project_Small_bsp//HAL/inc -Ic:/Users/guan-ming.dennis-won/Documents/Code/SPI_4_Wire_Serial_Intel_FPGA_IP/software/NIOS_Project_Small_bsp/ -Ic:/Users/guan-ming.dennis-won/Documents/Code/SPI_4_Wire_Serial_Intel_FPGA_IP/software/NIOS_Project_Small_bsp//drivers/inc  -pipe -D__hal__ -DALT_NO_C_PLUS_PLUS -DALT_NO_CLEAN_EXIT -D'exit(a)=_exit(a)' -DALT_NO_EXIT -DALT_USE_DIRECT_DRIVERS -DALT_NO_INSTRUCTION_EMULATION -DALT_USE_SMALL_DRIVERS -DSMALL_C_LIB -DALT_SINGLE_THREADED    -Os -g -Wall   -mno-hw-div -mno-hw-div -mhw-mul -mno-hw-mulx -mgpopt=global  -o "obj/default/peripheral/peripheral_linker.o" "peripheral/peripheral_linker.c"
peripheral/peripheral_linker.c: In function 'delay_ms':
peripheral/peripheral_linker.c:8:5: warning: implicit declaration of function 'usleep' [-Wimplicit-function-declaration]
    8 |     usleep(milliseconds * 1000);  // Convert to microseconds
      |     ^~~~~~
peripheral/peripheral_linker.c: In function 'adc_init':
peripheral/peripheral_linker.c:16:13: warning: variable 'spi_check' set but not used [-Wunused-but-set-variable]
   16 |         int spi_check = -1;
      |             ^~~~~~~~~
peripheral/peripheral_linker.c: In function 'adc_init_spi_transmit_receive':
peripheral/peripheral_linker.c:160:13: warning: variable 'spi_check' set but not used [-Wunused-but-set-variable]
  160 |         int spi_check = -1;
      |             ^~~~~~~~~
peripheral/peripheral_linker.c: In function 'spi_transmit_receive':
peripheral/peripheral_linker.c:347:19: warning: implicit declaration of function 'printf' [-Wimplicit-function-declaration]
  347 |                   printf("error!");
      |                   ^~~~~~
peripheral/peripheral_linker.c:2:1: note: include '<stdio.h>' or provide a declaration of 'printf'
    1 | #include "peripheral_linker.h"  // Include the linker header file with peripheral definitions
  +++ |+#include <stdio.h>
    2 | #include "system.h"
peripheral/peripheral_linker.c:347:19: warning: incompatible implicit declaration of built-in function 'printf' [-Wbuiltin-declaration-mismatch]
  347 |                   printf("error!");
      |                   ^~~~~~
peripheral/peripheral_linker.c:347:19: note: include '<stdio.h>' or provide a declaration of 'printf'
Info: Linking NIOS_Project_Small.elf
nios2-elf-g++.exe  -T'c:/Users/guan-ming.dennis-won/Documents/Code/SPI_4_Wire_Serial_Intel_FPGA_IP/software/NIOS_Project_Small_bsp//linker.x' -msys-crt0='c:/Users/guan-ming.dennis-won/Documents/Code/SPI_4_Wire_Serial_Intel_FPGA_IP/software/NIOS_Project_Small_bsp//obj/HAL/src/crt0.o' -msys-lib=hal_bsp -Lc:/Users/guan-ming.dennis-won/Documents/Code/SPI_4_Wire_Serial_Intel_FPGA_IP/software/NIOS_Project_Small_bsp/  -msmallc  -Wl,-Map=NIOS_Project_Small.map   -Os -g -Wall   -mno-hw-div -mno-hw-div -mhw-mul -mno-hw-mulx -mgpopt=global  -o NIOS_Project_Small.elf obj/default/hello_world_small.o obj/default/imported_source/TENCL040_ESC.o obj/default/imported_source/ax58100_hw.o obj/default/imported_source/coeappl.o obj/default/imported_source/ecatappl.o obj/default/imported_source/ecatcoe.o obj/default/imported_source/ecatslv.o obj/default/imported_source/mailbox.o obj/default/imported_source/objdef.o obj/default/imported_source/sdoserv.o obj/default/nios_it/nios_it.o obj/default/peripheral/peripheral_linker.o -lm -msys-lib=m
nios2-elf-insert.exe NIOS_Project_Small.elf --thread_model hal --cpu_name NIOS --qsys true --simulation_enabled false --id 39011 --sidp 0x41060 --timestamp 1747198670 --stderr_dev DEBUG --stdin_dev DEBUG --stdout_dev DEBUG --sopc_system_name spi_platform_designer --quartus_project_dir "c:/Users/guan-ming.dennis-won/Documents/Code/SPI_4_Wire_Serial_Intel_FPGA_IP" --jdi ../..//output_files/spi.jdi --sopcinfo C:/Users/guan-ming.dennis-won/Documents/Code/SPI_4_Wire_Serial_Intel_FPGA_IP/spi_platform_designer.sopcinfo
Info: (NIOS_Project_Small.elf) 41 KBytes program size (code + initialized data).
Info:                          34 KBytes free for stack + heap.
Info: Creating NIOS_Project_Small.objdump
nios2-elf-objdump.exe --disassemble --syms --all-header --source NIOS_Project_Small.elf >NIOS_Project_Small.objdump
[NIOS_Project_Small build complete]
15:46:45 **** Clean-only build of configuration Nios II for project NIOS_Project_Small ****
wsl make clean 
[NIOS_Project_Small clean complete]
15:46:48 **** Build of configuration Nios II for project NIOS_Project_Small ****
wsl make all 
Info: Building /mnt/c/Users/guan-ming.dennis-won/Documents/Code/SPI_4_Wire_Serial_Intel_FPGA_IP/software/NIOS_Project_Small_bsp/
make --no-print-directory -C /mnt/c/Users/guan-ming.dennis-won/Documents/Code/SPI_4_Wire_Serial_Intel_FPGA_IP/software/NIOS_Project_Small_bsp/
[BSP build complete]
Info: Compiling hello_world_small.c to obj/default/hello_world_small.o
nios2-elf-gcc.exe -xc -MP -MMD -c -Ic:/Users/guan-ming.dennis-won/Documents/Code/SPI_4_Wire_Serial_Intel_FPGA_IP/software/NIOS_Project_Small_bsp//HAL/inc -Ic:/Users/guan-ming.dennis-won/Documents/Code/SPI_4_Wire_Serial_Intel_FPGA_IP/software/NIOS_Project_Small_bsp/ -Ic:/Users/guan-ming.dennis-won/Documents/Code/SPI_4_Wire_Serial_Intel_FPGA_IP/software/NIOS_Project_Small_bsp//drivers/inc  -pipe -D__hal__ -DALT_NO_C_PLUS_PLUS -DALT_NO_CLEAN_EXIT -D'exit(a)=_exit(a)' -DALT_NO_EXIT -DALT_USE_DIRECT_DRIVERS -DALT_NO_INSTRUCTION_EMULATION -DALT_USE_SMALL_DRIVERS -DSMALL_C_LIB -DALT_SINGLE_THREADED    -Os -g -Wall   -mno-hw-div -mno-hw-div -mhw-mul -mno-hw-mulx -mgpopt=global  -o "obj/default/hello_world_small.o" "hello_world_small.c"
hello_world_small.c: In function 'main':
hello_world_small.c:38:3: warning: implicit declaration of function 'main_initial' [-Wimplicit-function-declaration]
   38 |   main_initial();
      |   ^~~~~~~~~~~~
hello_world_small.c:28:27: warning: unused variable 'invert_me' [-Wunused-variable]
   28 |   static volatile uint8_t invert_me = 1;
      |                           ^~~~~~~~~
hello_world_small.c:27:11: warning: unused variable 'out' [-Wunused-variable]
   27 |   uint8_t out = 0;
      |           ^~~
Info: Compiling imported_source/TENCL040_ESC.c to obj/default/imported_source/TENCL040_ESC.o
nios2-elf-gcc.exe -xc -MP -MMD -c -Ic:/Users/guan-ming.dennis-won/Documents/Code/SPI_4_Wire_Serial_Intel_FPGA_IP/software/NIOS_Project_Small_bsp//HAL/inc -Ic:/Users/guan-ming.dennis-won/Documents/Code/SPI_4_Wire_Serial_Intel_FPGA_IP/software/NIOS_Project_Small_bsp/ -Ic:/Users/guan-ming.dennis-won/Documents/Code/SPI_4_Wire_Serial_Intel_FPGA_IP/software/NIOS_Project_Small_bsp//drivers/inc  -pipe -D__hal__ -DALT_NO_C_PLUS_PLUS -DALT_NO_CLEAN_EXIT -D'exit(a)=_exit(a)' -DALT_NO_EXIT -DALT_USE_DIRECT_DRIVERS -DALT_NO_INSTRUCTION_EMULATION -DALT_USE_SMALL_DRIVERS -DSMALL_C_LIB -DALT_SINGLE_THREADED    -Os -g -Wall   -mno-hw-div -mno-hw-div -mhw-mul -mno-hw-mulx -mgpopt=global  -o "obj/default/imported_source/TENCL040_ESC.o" "imported_source/TENCL040_ESC.c"
In file included from imported_source/TENCL040_ESC.h:41,
                 from imported_source/TENCL040_ESC.c:29:
imported_source/TENCL040_ESCObjects.h:2677:8: warning: excess elements in array initializer
 2677 | ={8,{0,0,0,0,0,0,0,0}}
      |        ^
imported_source/TENCL040_ESCObjects.h:2677:8: note: (near initialization for 'OnOffContinuousModeGroup0x7010.aEntries')
imported_source/TENCL040_ESCObjects.h:2677:10: warning: excess elements in array initializer
 2677 | ={8,{0,0,0,0,0,0,0,0}}
      |          ^
imported_source/TENCL040_ESCObjects.h:2677:10: note: (near initialization for 'OnOffContinuousModeGroup0x7010.aEntries')
imported_source/TENCL040_ESCObjects.h:2677:12: warning: excess elements in array initializer
 2677 | ={8,{0,0,0,0,0,0,0,0}}
      |            ^
imported_source/TENCL040_ESCObjects.h:2677:12: note: (near initialization for 'OnOffContinuousModeGroup0x7010.aEntries')
imported_source/TENCL040_ESCObjects.h:2677:14: warning: excess elements in array initializer
 2677 | ={8,{0,0,0,0,0,0,0,0}}
      |              ^
imported_source/TENCL040_ESCObjects.h:2677:14: note: (near initialization for 'OnOffContinuousModeGroup0x7010.aEntries')
imported_source/TENCL040_ESCObjects.h:2677:16: warning: excess elements in array initializer
 2677 | ={8,{0,0,0,0,0,0,0,0}}
      |                ^
imported_source/TENCL040_ESCObjects.h:2677:16: note: (near initialization for 'OnOffContinuousModeGroup0x7010.aEntries')
imported_source/TENCL040_ESCObjects.h:2677:18: warning: excess elements in array initializer
 2677 | ={8,{0,0,0,0,0,0,0,0}}
      |                  ^
imported_source/TENCL040_ESCObjects.h:2677:18: note: (near initialization for 'OnOffContinuousModeGroup0x7010.aEntries')
imported_source/TENCL040_ESCObjects.h:2677:20: warning: excess elements in array initializer
 2677 | ={8,{0,0,0,0,0,0,0,0}}
      |                    ^
imported_source/TENCL040_ESCObjects.h:2677:20: note: (near initialization for 'OnOffContinuousModeGroup0x7010.aEntries')
imported_source/TENCL040_ESC.c: In function 'APPL_InputMapping':
imported_source/TENCL040_ESC.c:275:6: warning: #warning "Implement input (Slave->Master) mapping" [-Wcpp]
  275 |     #warning "Implement input (Slave->Master) mapping"
      |      ^~~~~~~
imported_source/TENCL040_ESC.c: In function 'APPL_OutputMapping':
imported_source/TENCL040_ESC.c:291:6: warning: #warning "Implement output (Master->Slave) mapping" [-Wcpp]
  291 |     #warning "Implement output (Master->Slave) mapping"
      |      ^~~~~~~
imported_source/TENCL040_ESC.c: In function 'APPL_Application':
imported_source/TENCL040_ESC.c:305:6: warning: #warning "Implement the slave application" [-Wcpp]
  305 |     #warning "Implement the slave application"
      |      ^~~~~~~
imported_source/TENCL040_ESC.c: In function 'APPL_GetDeviceID':
imported_source/TENCL040_ESC.c:321:6: warning: #warning "Implement explicit Device ID latching" [-Wcpp]
  321 |     #warning "Implement explicit Device ID latching"
      |      ^~~~~~~
imported_source/TENCL040_ESC.c: At top level:
imported_source/TENCL040_ESC.c:340:6: warning: return type of 'main' is not 'int' [-Wmain]
  340 | void main(void)
      |      ^~~~
Info: Compiling imported_source/ax58100_hw.c to obj/default/imported_source/ax58100_hw.o
nios2-elf-gcc.exe -xc -MP -MMD -c -Ic:/Users/guan-ming.dennis-won/Documents/Code/SPI_4_Wire_Serial_Intel_FPGA_IP/software/NIOS_Project_Small_bsp//HAL/inc -Ic:/Users/guan-ming.dennis-won/Documents/Code/SPI_4_Wire_Serial_Intel_FPGA_IP/software/NIOS_Project_Small_bsp/ -Ic:/Users/guan-ming.dennis-won/Documents/Code/SPI_4_Wire_Serial_Intel_FPGA_IP/software/NIOS_Project_Small_bsp//drivers/inc  -pipe -D__hal__ -DALT_NO_C_PLUS_PLUS -DALT_NO_CLEAN_EXIT -D'exit(a)=_exit(a)' -DALT_NO_EXIT -DALT_USE_DIRECT_DRIVERS -DALT_NO_INSTRUCTION_EMULATION -DALT_USE_SMALL_DRIVERS -DSMALL_C_LIB -DALT_SINGLE_THREADED    -Os -g -Wall   -mno-hw-div -mno-hw-div -mhw-mul -mno-hw-mulx -mgpopt=global  -o "obj/default/imported_source/ax58100_hw.o" "imported_source/ax58100_hw.c"
imported_source/ax58100_hw.c: In function 'HW_SPI_Read':
imported_source/ax58100_hw.c:169:25: warning: unused variable 'spi_check' [-Wunused-variable]
  169 |                 uint8_t spi_check =  spi_transmit_receive(ESC_SPI_BASE, 0,
      |                         ^~~~~~~~~
imported_source/ax58100_hw.c: In function 'HW_SPI_Write':
imported_source/ax58100_hw.c:259:25: warning: unused variable 'spi_check' [-Wunused-variable]
  259 |                 uint8_t spi_check =  spi_transmit_receive(ESC_SPI_BASE, 0,
      |                         ^~~~~~~~~
imported_source/ax58100_hw.c: In function 'HW_Init':
imported_source/ax58100_hw.c:333:9: warning: implicit declaration of function 'init_exti0_it' [-Wimplicit-function-declaration]
  333 |         init_exti0_it();
      |         ^~~~~~~~~~~~~
imported_source/ax58100_hw.c: At top level:
imported_source/ax58100_hw.c:61:16: warning: 'HW_SPI_TransmitReceive' defined but not used [-Wunused-function]
   61 | static int32_t HW_SPI_TransmitReceive(uint8_t* pTxData, uint8_t* pRxData,
      |                ^~~~~~~~~~~~~~~~~~~~~~
Info: Compiling imported_source/coeappl.c to obj/default/imported_source/coeappl.o
nios2-elf-gcc.exe -xc -MP -MMD -c -Ic:/Users/guan-ming.dennis-won/Documents/Code/SPI_4_Wire_Serial_Intel_FPGA_IP/software/NIOS_Project_Small_bsp//HAL/inc -Ic:/Users/guan-ming.dennis-won/Documents/Code/SPI_4_Wire_Serial_Intel_FPGA_IP/software/NIOS_Project_Small_bsp/ -Ic:/Users/guan-ming.dennis-won/Documents/Code/SPI_4_Wire_Serial_Intel_FPGA_IP/software/NIOS_Project_Small_bsp//drivers/inc  -pipe -D__hal__ -DALT_NO_C_PLUS_PLUS -DALT_NO_CLEAN_EXIT -D'exit(a)=_exit(a)' -DALT_NO_EXIT -DALT_USE_DIRECT_DRIVERS -DALT_NO_INSTRUCTION_EMULATION -DALT_USE_SMALL_DRIVERS -DSMALL_C_LIB -DALT_SINGLE_THREADED    -Os -g -Wall   -mno-hw-div -mno-hw-div -mhw-mul -mno-hw-mulx -mgpopt=global  -o "obj/default/imported_source/coeappl.o" "imported_source/coeappl.c"
imported_source/coeappl.c: In function 'COE_ObjDictionaryInit':
imported_source/coeappl.c:882:26: warning: the comparison will always evaluate as 'true' for the address of 'ApplicationObjDic' will never be NULL [-Waddress]
  882 |     if(ApplicationObjDic != NULL)
      |                          ^~
In file included from imported_source/../imported_source/TENCL040_ESC.h:41,
                 from imported_source/coeappl.c:132:
imported_source/../imported_source/TENCL040_ESCObjects.h:2689:19: note: 'ApplicationObjDic' declared here
 2689 | TOBJECT    OBJMEM ApplicationObjDic[] = {
      |                   ^~~~~~~~~~~~~~~~~
Info: Compiling imported_source/ecatappl.c to obj/default/imported_source/ecatappl.o
nios2-elf-gcc.exe -xc -MP -MMD -c -Ic:/Users/guan-ming.dennis-won/Documents/Code/SPI_4_Wire_Serial_Intel_FPGA_IP/software/NIOS_Project_Small_bsp//HAL/inc -Ic:/Users/guan-ming.dennis-won/Documents/Code/SPI_4_Wire_Serial_Intel_FPGA_IP/software/NIOS_Project_Small_bsp/ -Ic:/Users/guan-ming.dennis-won/Documents/Code/SPI_4_Wire_Serial_Intel_FPGA_IP/software/NIOS_Project_Small_bsp//drivers/inc  -pipe -D__hal__ -DALT_NO_C_PLUS_PLUS -DALT_NO_CLEAN_EXIT -D'exit(a)=_exit(a)' -DALT_NO_EXIT -DALT_USE_DIRECT_DRIVERS -DALT_NO_INSTRUCTION_EMULATION -DALT_USE_SMALL_DRIVERS -DSMALL_C_LIB -DALT_SINGLE_THREADED    -Os -g -Wall   -mno-hw-div -mno-hw-div -mhw-mul -mno-hw-mulx -mgpopt=global  -o "obj/default/imported_source/ecatappl.o" "imported_source/ecatappl.c"
Info: Compiling imported_source/ecatcoe.c to obj/default/imported_source/ecatcoe.o
nios2-elf-gcc.exe -xc -MP -MMD -c -Ic:/Users/guan-ming.dennis-won/Documents/Code/SPI_4_Wire_Serial_Intel_FPGA_IP/software/NIOS_Project_Small_bsp//HAL/inc -Ic:/Users/guan-ming.dennis-won/Documents/Code/SPI_4_Wire_Serial_Intel_FPGA_IP/software/NIOS_Project_Small_bsp/ -Ic:/Users/guan-ming.dennis-won/Documents/Code/SPI_4_Wire_Serial_Intel_FPGA_IP/software/NIOS_Project_Small_bsp//drivers/inc  -pipe -D__hal__ -DALT_NO_C_PLUS_PLUS -DALT_NO_CLEAN_EXIT -D'exit(a)=_exit(a)' -DALT_NO_EXIT -DALT_USE_DIRECT_DRIVERS -DALT_NO_INSTRUCTION_EMULATION -DALT_USE_SMALL_DRIVERS -DSMALL_C_LIB -DALT_SINGLE_THREADED    -Os -g -Wall   -mno-hw-div -mno-hw-div -mhw-mul -mno-hw-mulx -mgpopt=global  -o "obj/default/imported_source/ecatcoe.o" "imported_source/ecatcoe.c"
Info: Compiling imported_source/ecatslv.c to obj/default/imported_source/ecatslv.o
nios2-elf-gcc.exe -xc -MP -MMD -c -Ic:/Users/guan-ming.dennis-won/Documents/Code/SPI_4_Wire_Serial_Intel_FPGA_IP/software/NIOS_Project_Small_bsp//HAL/inc -Ic:/Users/guan-ming.dennis-won/Documents/Code/SPI_4_Wire_Serial_Intel_FPGA_IP/software/NIOS_Project_Small_bsp/ -Ic:/Users/guan-ming.dennis-won/Documents/Code/SPI_4_Wire_Serial_Intel_FPGA_IP/software/NIOS_Project_Small_bsp//drivers/inc  -pipe -D__hal__ -DALT_NO_C_PLUS_PLUS -DALT_NO_CLEAN_EXIT -D'exit(a)=_exit(a)' -DALT_NO_EXIT -DALT_USE_DIRECT_DRIVERS -DALT_NO_INSTRUCTION_EMULATION -DALT_USE_SMALL_DRIVERS -DSMALL_C_LIB -DALT_SINGLE_THREADED    -Os -g -Wall   -mno-hw-div -mno-hw-div -mhw-mul -mno-hw-mulx -mgpopt=global  -o "obj/default/imported_source/ecatslv.o" "imported_source/ecatslv.c"
Info: Compiling imported_source/mailbox.c to obj/default/imported_source/mailbox.o
nios2-elf-gcc.exe -xc -MP -MMD -c -Ic:/Users/guan-ming.dennis-won/Documents/Code/SPI_4_Wire_Serial_Intel_FPGA_IP/software/NIOS_Project_Small_bsp//HAL/inc -Ic:/Users/guan-ming.dennis-won/Documents/Code/SPI_4_Wire_Serial_Intel_FPGA_IP/software/NIOS_Project_Small_bsp/ -Ic:/Users/guan-ming.dennis-won/Documents/Code/SPI_4_Wire_Serial_Intel_FPGA_IP/software/NIOS_Project_Small_bsp//drivers/inc  -pipe -D__hal__ -DALT_NO_C_PLUS_PLUS -DALT_NO_CLEAN_EXIT -D'exit(a)=_exit(a)' -DALT_NO_EXIT -DALT_USE_DIRECT_DRIVERS -DALT_NO_INSTRUCTION_EMULATION -DALT_USE_SMALL_DRIVERS -DSMALL_C_LIB -DALT_SINGLE_THREADED    -Os -g -Wall   -mno-hw-div -mno-hw-div -mhw-mul -mno-hw-mulx -mgpopt=global  -o "obj/default/imported_source/mailbox.o" "imported_source/mailbox.c"
imported_source/mailbox.c: In function 'MBX_CheckAndCopyMailbox':
imported_source/mailbox.c:760:17: warning: array subscript 'TMBX[0]' is partly outside array bounds of 'unsigned char[10]' [-Warray-bounds]
  760 |             pMbx->MbxHeader.Length     = 4;
      |                 ^~
In file included from imported_source/mailbox.c:138:
imported_source/../imported_source/ecat_def.h:776:51: note: object of size 10 allocated by 'malloc'
  776 | #define APPL_AllocMailboxBuffer(size)             malloc((size))
      |                                                   ^~~~~~~~~~~~~~
imported_source/mailbox.c:753:45: note: in expansion of macro 'APPL_AllocMailboxBuffer'
  753 |         TMBX MBXMEM *pMbx = (TMBX MBXMEM *) APPL_AllocMailboxBuffer(10); /* a mailbox error datagram length*/
      |                                             ^~~~~~~~~~~~~~~~~~~~~~~
imported_source/mailbox.c:762:17: warning: array subscript 'TMBX[0]' is partly outside array bounds of 'unsigned char[10]' [-Warray-bounds]
  762 |             pMbx->Data[0]                        = SWAPWORD(MBXSERVICE_MBXERRORCMD);
      |                 ^~
imported_source/../imported_source/ecat_def.h:776:51: note: object of size 10 allocated by 'malloc'
  776 | #define APPL_AllocMailboxBuffer(size)             malloc((size))
      |                                                   ^~~~~~~~~~~~~~
imported_source/mailbox.c:753:45: note: in expansion of macro 'APPL_AllocMailboxBuffer'
  753 |         TMBX MBXMEM *pMbx = (TMBX MBXMEM *) APPL_AllocMailboxBuffer(10); /* a mailbox error datagram length*/
      |                                             ^~~~~~~~~~~~~~~~~~~~~~~
imported_source/mailbox.c:763:17: warning: array subscript 'TMBX[0]' is partly outside array bounds of 'unsigned char[10]' [-Warray-bounds]
  763 |             pMbx->Data[1]                        = SWAPWORD(MBXERR_NOMOREMEMORY);
      |                 ^~
imported_source/../imported_source/ecat_def.h:776:51: note: object of size 10 allocated by 'malloc'
  776 | #define APPL_AllocMailboxBuffer(size)             malloc((size))
      |                                                   ^~~~~~~~~~~~~~
imported_source/mailbox.c:753:45: note: in expansion of macro 'APPL_AllocMailboxBuffer'
  753 |         TMBX MBXMEM *pMbx = (TMBX MBXMEM *) APPL_AllocMailboxBuffer(10); /* a mailbox error datagram length*/
      |                                             ^~~~~~~~~~~~~~~~~~~~~~~
Info: Compiling imported_source/objdef.c to obj/default/imported_source/objdef.o
nios2-elf-gcc.exe -xc -MP -MMD -c -Ic:/Users/guan-ming.dennis-won/Documents/Code/SPI_4_Wire_Serial_Intel_FPGA_IP/software/NIOS_Project_Small_bsp//HAL/inc -Ic:/Users/guan-ming.dennis-won/Documents/Code/SPI_4_Wire_Serial_Intel_FPGA_IP/software/NIOS_Project_Small_bsp/ -Ic:/Users/guan-ming.dennis-won/Documents/Code/SPI_4_Wire_Serial_Intel_FPGA_IP/software/NIOS_Project_Small_bsp//drivers/inc  -pipe -D__hal__ -DALT_NO_C_PLUS_PLUS -DALT_NO_CLEAN_EXIT -D'exit(a)=_exit(a)' -DALT_NO_EXIT -DALT_USE_DIRECT_DRIVERS -DALT_NO_INSTRUCTION_EMULATION -DALT_USE_SMALL_DRIVERS -DSMALL_C_LIB -DALT_SINGLE_THREADED    -Os -g -Wall   -mno-hw-div -mno-hw-div -mhw-mul -mno-hw-mulx -mgpopt=global  -o "obj/default/imported_source/objdef.o" "imported_source/objdef.c"
Info: Compiling imported_source/sdoserv.c to obj/default/imported_source/sdoserv.o
nios2-elf-gcc.exe -xc -MP -MMD -c -Ic:/Users/guan-ming.dennis-won/Documents/Code/SPI_4_Wire_Serial_Intel_FPGA_IP/software/NIOS_Project_Small_bsp//HAL/inc -Ic:/Users/guan-ming.dennis-won/Documents/Code/SPI_4_Wire_Serial_Intel_FPGA_IP/software/NIOS_Project_Small_bsp/ -Ic:/Users/guan-ming.dennis-won/Documents/Code/SPI_4_Wire_Serial_Intel_FPGA_IP/software/NIOS_Project_Small_bsp//drivers/inc  -pipe -D__hal__ -DALT_NO_C_PLUS_PLUS -DALT_NO_CLEAN_EXIT -D'exit(a)=_exit(a)' -DALT_NO_EXIT -DALT_USE_DIRECT_DRIVERS -DALT_NO_INSTRUCTION_EMULATION -DALT_USE_SMALL_DRIVERS -DSMALL_C_LIB -DALT_SINGLE_THREADED    -Os -g -Wall   -mno-hw-div -mno-hw-div -mhw-mul -mno-hw-mulx -mgpopt=global  -o "obj/default/imported_source/sdoserv.o" "imported_source/sdoserv.c"
Info: Compiling nios_it/nios_it.c to obj/default/nios_it/nios_it.o
nios2-elf-gcc.exe -xc -MP -MMD -c -Ic:/Users/guan-ming.dennis-won/Documents/Code/SPI_4_Wire_Serial_Intel_FPGA_IP/software/NIOS_Project_Small_bsp//HAL/inc -Ic:/Users/guan-ming.dennis-won/Documents/Code/SPI_4_Wire_Serial_Intel_FPGA_IP/software/NIOS_Project_Small_bsp/ -Ic:/Users/guan-ming.dennis-won/Documents/Code/SPI_4_Wire_Serial_Intel_FPGA_IP/software/NIOS_Project_Small_bsp//drivers/inc  -pipe -D__hal__ -DALT_NO_C_PLUS_PLUS -DALT_NO_CLEAN_EXIT -D'exit(a)=_exit(a)' -DALT_NO_EXIT -DALT_USE_DIRECT_DRIVERS -DALT_NO_INSTRUCTION_EMULATION -DALT_USE_SMALL_DRIVERS -DSMALL_C_LIB -DALT_SINGLE_THREADED    -Os -g -Wall   -mno-hw-div -mno-hw-div -mhw-mul -mno-hw-mulx -mgpopt=global  -o "obj/default/nios_it/nios_it.o" "nios_it/nios_it.c"
nios_it/nios_it.c: In function 'exti0_isr':
nios_it/nios_it.c:18:10: warning: implicit declaration of function 'PDI_Isr' [-Wimplicit-function-declaration]
   18 |          PDI_Isr();
      |          ^~~~~~~
nios_it/nios_it.c:21:10: warning: implicit declaration of function 'ECAT_CheckTimer' [-Wimplicit-function-declaration]
   21 |          ECAT_CheckTimer();
      |          ^~~~~~~~~~~~~~~
nios_it/nios_it.c:22:10: warning: implicit declaration of function 'appTimerRun' [-Wimplicit-function-declaration]
   22 |          appTimerRun();
      |          ^~~~~~~~~~~
Info: Compiling peripheral/peripheral_linker.c to obj/default/peripheral/peripheral_linker.o
nios2-elf-gcc.exe -xc -MP -MMD -c -Ic:/Users/guan-ming.dennis-won/Documents/Code/SPI_4_Wire_Serial_Intel_FPGA_IP/software/NIOS_Project_Small_bsp//HAL/inc -Ic:/Users/guan-ming.dennis-won/Documents/Code/SPI_4_Wire_Serial_Intel_FPGA_IP/software/NIOS_Project_Small_bsp/ -Ic:/Users/guan-ming.dennis-won/Documents/Code/SPI_4_Wire_Serial_Intel_FPGA_IP/software/NIOS_Project_Small_bsp//drivers/inc  -pipe -D__hal__ -DALT_NO_C_PLUS_PLUS -DALT_NO_CLEAN_EXIT -D'exit(a)=_exit(a)' -DALT_NO_EXIT -DALT_USE_DIRECT_DRIVERS -DALT_NO_INSTRUCTION_EMULATION -DALT_USE_SMALL_DRIVERS -DSMALL_C_LIB -DALT_SINGLE_THREADED    -Os -g -Wall   -mno-hw-div -mno-hw-div -mhw-mul -mno-hw-mulx -mgpopt=global  -o "obj/default/peripheral/peripheral_linker.o" "peripheral/peripheral_linker.c"
peripheral/peripheral_linker.c: In function 'delay_ms':
peripheral/peripheral_linker.c:8:5: warning: implicit declaration of function 'usleep' [-Wimplicit-function-declaration]
    8 |     usleep(milliseconds * 1000);  // Convert to microseconds
      |     ^~~~~~
peripheral/peripheral_linker.c: In function 'adc_init':
peripheral/peripheral_linker.c:16:13: warning: variable 'spi_check' set but not used [-Wunused-but-set-variable]
   16 |         int spi_check = -1;
      |             ^~~~~~~~~
peripheral/peripheral_linker.c: In function 'adc_init_spi_transmit_receive':
peripheral/peripheral_linker.c:160:13: warning: variable 'spi_check' set but not used [-Wunused-but-set-variable]
  160 |         int spi_check = -1;
      |             ^~~~~~~~~
peripheral/peripheral_linker.c: In function 'spi_transmit_receive':
peripheral/peripheral_linker.c:347:19: warning: implicit declaration of function 'printf' [-Wimplicit-function-declaration]
  347 |                   printf("error!");
      |                   ^~~~~~
peripheral/peripheral_linker.c:2:1: note: include '<stdio.h>' or provide a declaration of 'printf'
    1 | #include "peripheral_linker.h"  // Include the linker header file with peripheral definitions
  +++ |+#include <stdio.h>
    2 | #include "system.h"
peripheral/peripheral_linker.c:347:19: warning: incompatible implicit declaration of built-in function 'printf' [-Wbuiltin-declaration-mismatch]
  347 |                   printf("error!");
      |                   ^~~~~~
peripheral/peripheral_linker.c:347:19: note: include '<stdio.h>' or provide a declaration of 'printf'
Info: Linking NIOS_Project_Small.elf
nios2-elf-g++.exe  -T'c:/Users/guan-ming.dennis-won/Documents/Code/SPI_4_Wire_Serial_Intel_FPGA_IP/software/NIOS_Project_Small_bsp//linker.x' -msys-crt0='c:/Users/guan-ming.dennis-won/Documents/Code/SPI_4_Wire_Serial_Intel_FPGA_IP/software/NIOS_Project_Small_bsp//obj/HAL/src/crt0.o' -msys-lib=hal_bsp -Lc:/Users/guan-ming.dennis-won/Documents/Code/SPI_4_Wire_Serial_Intel_FPGA_IP/software/NIOS_Project_Small_bsp/  -msmallc  -Wl,-Map=NIOS_Project_Small.map   -Os -g -Wall   -mno-hw-div -mno-hw-div -mhw-mul -mno-hw-mulx -mgpopt=global  -o NIOS_Project_Small.elf obj/default/hello_world_small.o obj/default/imported_source/TENCL040_ESC.o obj/default/imported_source/ax58100_hw.o obj/default/imported_source/coeappl.o obj/default/imported_source/ecatappl.o obj/default/imported_source/ecatcoe.o obj/default/imported_source/ecatslv.o obj/default/imported_source/mailbox.o obj/default/imported_source/objdef.o obj/default/imported_source/sdoserv.o obj/default/nios_it/nios_it.o obj/default/peripheral/peripheral_linker.o -lm -msys-lib=m
c:/intelfpga_lite/23.1std/nios2eds/bin/gnu/h-x86_64-mingw32/bin/../lib/gcc/nios2-elf/12.3.1/../../../../../H-x86_64-mingw32/nios2-elf/bin/ld.exe: obj/default/imported_source/TENCL040_ESC.o: in function `main':
C:\Users\guan-ming.dennis-won\Documents\Code\SPI_4_Wire_Serial_Intel_FPGA_IP\software\NIOS_Project_Small/imported_source/TENCL040_ESC.c:342: multiple definition of `main'; obj/default/hello_world_small.o:C:\Users\guan-ming.dennis-won\Documents\Code\SPI_4_Wire_Serial_Intel_FPGA_IP\software\NIOS_Project_Small/hello_world_small.c:26: first defined here
c:/intelfpga_lite/23.1std/nios2eds/bin/gnu/h-x86_64-mingw32/bin/../lib/gcc/nios2-elf/12.3.1/../../../../../H-x86_64-mingw32/nios2-elf/bin/ld.exe: disabling relaxation; it will not work with multiple definitions
c:/intelfpga_lite/23.1std/nios2eds/bin/gnu/h-x86_64-mingw32/bin/../lib/gcc/nios2-elf/12.3.1/../../../../../H-x86_64-mingw32/nios2-elf/bin/ld.exe: obj/default/hello_world_small.o: in function `main':
C:\Users\guan-ming.dennis-won\Documents\Code\SPI_4_Wire_Serial_Intel_FPGA_IP\software\NIOS_Project_Small/hello_world_small.c:38: undefined reference to `main_initial'
collect2.exe: error: ld returned 1 exit status
make: *** [NIOS_Project_Small.elf] Error 1
Makefile:1025: recipe for target 'NIOS_Project_Small.elf' failed
15:48:39 **** Clean-only build of configuration Nios II for project NIOS_Project_Small ****
wsl make clean 
[NIOS_Project_Small clean complete]
15:48:44 **** Build of configuration Nios II for project NIOS_Project_Small ****
wsl make all 
Info: Building /mnt/c/Users/guan-ming.dennis-won/Documents/Code/SPI_4_Wire_Serial_Intel_FPGA_IP/software/NIOS_Project_Small_bsp/
make --no-print-directory -C /mnt/c/Users/guan-ming.dennis-won/Documents/Code/SPI_4_Wire_Serial_Intel_FPGA_IP/software/NIOS_Project_Small_bsp/
[BSP build complete]
Info: Compiling hello_world_small.c to obj/default/hello_world_small.o
nios2-elf-gcc.exe -xc -MP -MMD -c -Ic:/Users/guan-ming.dennis-won/Documents/Code/SPI_4_Wire_Serial_Intel_FPGA_IP/software/NIOS_Project_Small_bsp//HAL/inc -Ic:/Users/guan-ming.dennis-won/Documents/Code/SPI_4_Wire_Serial_Intel_FPGA_IP/software/NIOS_Project_Small_bsp/ -Ic:/Users/guan-ming.dennis-won/Documents/Code/SPI_4_Wire_Serial_Intel_FPGA_IP/software/NIOS_Project_Small_bsp//drivers/inc  -pipe -D__hal__ -DALT_NO_C_PLUS_PLUS -DALT_NO_CLEAN_EXIT -D'exit(a)=_exit(a)' -DALT_NO_EXIT -DALT_USE_DIRECT_DRIVERS -DALT_NO_INSTRUCTION_EMULATION -DALT_USE_SMALL_DRIVERS -DSMALL_C_LIB -DALT_SINGLE_THREADED    -Os -g -Wall   -mno-hw-div -mno-hw-div -mhw-mul -mno-hw-mulx -mgpopt=global  -o "obj/default/hello_world_small.o" "hello_world_small.c"
hello_world_small.c: In function 'main':
hello_world_small.c:38:3: warning: implicit declaration of function 'main_initial' [-Wimplicit-function-declaration]
   38 |   main_initial();
      |   ^~~~~~~~~~~~
hello_world_small.c:28:27: warning: unused variable 'invert_me' [-Wunused-variable]
   28 |   static volatile uint8_t invert_me = 1;
      |                           ^~~~~~~~~
hello_world_small.c:27:11: warning: unused variable 'out' [-Wunused-variable]
   27 |   uint8_t out = 0;
      |           ^~~
Info: Compiling imported_source/TENCL040_ESC.c to obj/default/imported_source/TENCL040_ESC.o
nios2-elf-gcc.exe -xc -MP -MMD -c -Ic:/Users/guan-ming.dennis-won/Documents/Code/SPI_4_Wire_Serial_Intel_FPGA_IP/software/NIOS_Project_Small_bsp//HAL/inc -Ic:/Users/guan-ming.dennis-won/Documents/Code/SPI_4_Wire_Serial_Intel_FPGA_IP/software/NIOS_Project_Small_bsp/ -Ic:/Users/guan-ming.dennis-won/Documents/Code/SPI_4_Wire_Serial_Intel_FPGA_IP/software/NIOS_Project_Small_bsp//drivers/inc  -pipe -D__hal__ -DALT_NO_C_PLUS_PLUS -DALT_NO_CLEAN_EXIT -D'exit(a)=_exit(a)' -DALT_NO_EXIT -DALT_USE_DIRECT_DRIVERS -DALT_NO_INSTRUCTION_EMULATION -DALT_USE_SMALL_DRIVERS -DSMALL_C_LIB -DALT_SINGLE_THREADED    -Os -g -Wall   -mno-hw-div -mno-hw-div -mhw-mul -mno-hw-mulx -mgpopt=global  -o "obj/default/imported_source/TENCL040_ESC.o" "imported_source/TENCL040_ESC.c"
In file included from imported_source/TENCL040_ESC.h:41,
                 from imported_source/TENCL040_ESC.c:29:
imported_source/TENCL040_ESCObjects.h:2677:8: warning: excess elements in array initializer
 2677 | ={8,{0,0,0,0,0,0,0,0}}
      |        ^
imported_source/TENCL040_ESCObjects.h:2677:8: note: (near initialization for 'OnOffContinuousModeGroup0x7010.aEntries')
imported_source/TENCL040_ESCObjects.h:2677:10: warning: excess elements in array initializer
 2677 | ={8,{0,0,0,0,0,0,0,0}}
      |          ^
imported_source/TENCL040_ESCObjects.h:2677:10: note: (near initialization for 'OnOffContinuousModeGroup0x7010.aEntries')
imported_source/TENCL040_ESCObjects.h:2677:12: warning: excess elements in array initializer
 2677 | ={8,{0,0,0,0,0,0,0,0}}
      |            ^
imported_source/TENCL040_ESCObjects.h:2677:12: note: (near initialization for 'OnOffContinuousModeGroup0x7010.aEntries')
imported_source/TENCL040_ESCObjects.h:2677:14: warning: excess elements in array initializer
 2677 | ={8,{0,0,0,0,0,0,0,0}}
      |              ^
imported_source/TENCL040_ESCObjects.h:2677:14: note: (near initialization for 'OnOffContinuousModeGroup0x7010.aEntries')
imported_source/TENCL040_ESCObjects.h:2677:16: warning: excess elements in array initializer
 2677 | ={8,{0,0,0,0,0,0,0,0}}
      |                ^
imported_source/TENCL040_ESCObjects.h:2677:16: note: (near initialization for 'OnOffContinuousModeGroup0x7010.aEntries')
imported_source/TENCL040_ESCObjects.h:2677:18: warning: excess elements in array initializer
 2677 | ={8,{0,0,0,0,0,0,0,0}}
      |                  ^
imported_source/TENCL040_ESCObjects.h:2677:18: note: (near initialization for 'OnOffContinuousModeGroup0x7010.aEntries')
imported_source/TENCL040_ESCObjects.h:2677:20: warning: excess elements in array initializer
 2677 | ={8,{0,0,0,0,0,0,0,0}}
      |                    ^
imported_source/TENCL040_ESCObjects.h:2677:20: note: (near initialization for 'OnOffContinuousModeGroup0x7010.aEntries')
imported_source/TENCL040_ESC.c: In function 'APPL_InputMapping':
imported_source/TENCL040_ESC.c:275:6: warning: #warning "Implement input (Slave->Master) mapping" [-Wcpp]
  275 |     #warning "Implement input (Slave->Master) mapping"
      |      ^~~~~~~
imported_source/TENCL040_ESC.c: In function 'APPL_OutputMapping':
imported_source/TENCL040_ESC.c:291:6: warning: #warning "Implement output (Master->Slave) mapping" [-Wcpp]
  291 |     #warning "Implement output (Master->Slave) mapping"
      |      ^~~~~~~
imported_source/TENCL040_ESC.c: In function 'APPL_Application':
imported_source/TENCL040_ESC.c:305:6: warning: #warning "Implement the slave application" [-Wcpp]
  305 |     #warning "Implement the slave application"
      |      ^~~~~~~
imported_source/TENCL040_ESC.c: In function 'APPL_GetDeviceID':
imported_source/TENCL040_ESC.c:321:6: warning: #warning "Implement explicit Device ID latching" [-Wcpp]
  321 |     #warning "Implement explicit Device ID latching"
      |      ^~~~~~~
Info: Compiling imported_source/ax58100_hw.c to obj/default/imported_source/ax58100_hw.o
nios2-elf-gcc.exe -xc -MP -MMD -c -Ic:/Users/guan-ming.dennis-won/Documents/Code/SPI_4_Wire_Serial_Intel_FPGA_IP/software/NIOS_Project_Small_bsp//HAL/inc -Ic:/Users/guan-ming.dennis-won/Documents/Code/SPI_4_Wire_Serial_Intel_FPGA_IP/software/NIOS_Project_Small_bsp/ -Ic:/Users/guan-ming.dennis-won/Documents/Code/SPI_4_Wire_Serial_Intel_FPGA_IP/software/NIOS_Project_Small_bsp//drivers/inc  -pipe -D__hal__ -DALT_NO_C_PLUS_PLUS -DALT_NO_CLEAN_EXIT -D'exit(a)=_exit(a)' -DALT_NO_EXIT -DALT_USE_DIRECT_DRIVERS -DALT_NO_INSTRUCTION_EMULATION -DALT_USE_SMALL_DRIVERS -DSMALL_C_LIB -DALT_SINGLE_THREADED    -Os -g -Wall   -mno-hw-div -mno-hw-div -mhw-mul -mno-hw-mulx -mgpopt=global  -o "obj/default/imported_source/ax58100_hw.o" "imported_source/ax58100_hw.c"
imported_source/ax58100_hw.c: In function 'HW_SPI_Read':
imported_source/ax58100_hw.c:169:25: warning: unused variable 'spi_check' [-Wunused-variable]
  169 |                 uint8_t spi_check =  spi_transmit_receive(ESC_SPI_BASE, 0,
      |                         ^~~~~~~~~
imported_source/ax58100_hw.c: In function 'HW_SPI_Write':
imported_source/ax58100_hw.c:259:25: warning: unused variable 'spi_check' [-Wunused-variable]
  259 |                 uint8_t spi_check =  spi_transmit_receive(ESC_SPI_BASE, 0,
      |                         ^~~~~~~~~
imported_source/ax58100_hw.c: In function 'HW_Init':
imported_source/ax58100_hw.c:333:9: warning: implicit declaration of function 'init_exti0_it' [-Wimplicit-function-declaration]
  333 |         init_exti0_it();
      |         ^~~~~~~~~~~~~
imported_source/ax58100_hw.c: At top level:
imported_source/ax58100_hw.c:61:16: warning: 'HW_SPI_TransmitReceive' defined but not used [-Wunused-function]
   61 | static int32_t HW_SPI_TransmitReceive(uint8_t* pTxData, uint8_t* pRxData,
      |                ^~~~~~~~~~~~~~~~~~~~~~
Info: Compiling imported_source/coeappl.c to obj/default/imported_source/coeappl.o
nios2-elf-gcc.exe -xc -MP -MMD -c -Ic:/Users/guan-ming.dennis-won/Documents/Code/SPI_4_Wire_Serial_Intel_FPGA_IP/software/NIOS_Project_Small_bsp//HAL/inc -Ic:/Users/guan-ming.dennis-won/Documents/Code/SPI_4_Wire_Serial_Intel_FPGA_IP/software/NIOS_Project_Small_bsp/ -Ic:/Users/guan-ming.dennis-won/Documents/Code/SPI_4_Wire_Serial_Intel_FPGA_IP/software/NIOS_Project_Small_bsp//drivers/inc  -pipe -D__hal__ -DALT_NO_C_PLUS_PLUS -DALT_NO_CLEAN_EXIT -D'exit(a)=_exit(a)' -DALT_NO_EXIT -DALT_USE_DIRECT_DRIVERS -DALT_NO_INSTRUCTION_EMULATION -DALT_USE_SMALL_DRIVERS -DSMALL_C_LIB -DALT_SINGLE_THREADED    -Os -g -Wall   -mno-hw-div -mno-hw-div -mhw-mul -mno-hw-mulx -mgpopt=global  -o "obj/default/imported_source/coeappl.o" "imported_source/coeappl.c"
imported_source/coeappl.c: In function 'COE_ObjDictionaryInit':
imported_source/coeappl.c:882:26: warning: the comparison will always evaluate as 'true' for the address of 'ApplicationObjDic' will never be NULL [-Waddress]
  882 |     if(ApplicationObjDic != NULL)
      |                          ^~
In file included from imported_source/../imported_source/TENCL040_ESC.h:41,
                 from imported_source/coeappl.c:132:
imported_source/../imported_source/TENCL040_ESCObjects.h:2689:19: note: 'ApplicationObjDic' declared here
 2689 | TOBJECT    OBJMEM ApplicationObjDic[] = {
      |                   ^~~~~~~~~~~~~~~~~
Info: Compiling imported_source/ecatappl.c to obj/default/imported_source/ecatappl.o
nios2-elf-gcc.exe -xc -MP -MMD -c -Ic:/Users/guan-ming.dennis-won/Documents/Code/SPI_4_Wire_Serial_Intel_FPGA_IP/software/NIOS_Project_Small_bsp//HAL/inc -Ic:/Users/guan-ming.dennis-won/Documents/Code/SPI_4_Wire_Serial_Intel_FPGA_IP/software/NIOS_Project_Small_bsp/ -Ic:/Users/guan-ming.dennis-won/Documents/Code/SPI_4_Wire_Serial_Intel_FPGA_IP/software/NIOS_Project_Small_bsp//drivers/inc  -pipe -D__hal__ -DALT_NO_C_PLUS_PLUS -DALT_NO_CLEAN_EXIT -D'exit(a)=_exit(a)' -DALT_NO_EXIT -DALT_USE_DIRECT_DRIVERS -DALT_NO_INSTRUCTION_EMULATION -DALT_USE_SMALL_DRIVERS -DSMALL_C_LIB -DALT_SINGLE_THREADED    -Os -g -Wall   -mno-hw-div -mno-hw-div -mhw-mul -mno-hw-mulx -mgpopt=global  -o "obj/default/imported_source/ecatappl.o" "imported_source/ecatappl.c"
Info: Compiling imported_source/ecatcoe.c to obj/default/imported_source/ecatcoe.o
nios2-elf-gcc.exe -xc -MP -MMD -c -Ic:/Users/guan-ming.dennis-won/Documents/Code/SPI_4_Wire_Serial_Intel_FPGA_IP/software/NIOS_Project_Small_bsp//HAL/inc -Ic:/Users/guan-ming.dennis-won/Documents/Code/SPI_4_Wire_Serial_Intel_FPGA_IP/software/NIOS_Project_Small_bsp/ -Ic:/Users/guan-ming.dennis-won/Documents/Code/SPI_4_Wire_Serial_Intel_FPGA_IP/software/NIOS_Project_Small_bsp//drivers/inc  -pipe -D__hal__ -DALT_NO_C_PLUS_PLUS -DALT_NO_CLEAN_EXIT -D'exit(a)=_exit(a)' -DALT_NO_EXIT -DALT_USE_DIRECT_DRIVERS -DALT_NO_INSTRUCTION_EMULATION -DALT_USE_SMALL_DRIVERS -DSMALL_C_LIB -DALT_SINGLE_THREADED    -Os -g -Wall   -mno-hw-div -mno-hw-div -mhw-mul -mno-hw-mulx -mgpopt=global  -o "obj/default/imported_source/ecatcoe.o" "imported_source/ecatcoe.c"
Info: Compiling imported_source/ecatslv.c to obj/default/imported_source/ecatslv.o
nios2-elf-gcc.exe -xc -MP -MMD -c -Ic:/Users/guan-ming.dennis-won/Documents/Code/SPI_4_Wire_Serial_Intel_FPGA_IP/software/NIOS_Project_Small_bsp//HAL/inc -Ic:/Users/guan-ming.dennis-won/Documents/Code/SPI_4_Wire_Serial_Intel_FPGA_IP/software/NIOS_Project_Small_bsp/ -Ic:/Users/guan-ming.dennis-won/Documents/Code/SPI_4_Wire_Serial_Intel_FPGA_IP/software/NIOS_Project_Small_bsp//drivers/inc  -pipe -D__hal__ -DALT_NO_C_PLUS_PLUS -DALT_NO_CLEAN_EXIT -D'exit(a)=_exit(a)' -DALT_NO_EXIT -DALT_USE_DIRECT_DRIVERS -DALT_NO_INSTRUCTION_EMULATION -DALT_USE_SMALL_DRIVERS -DSMALL_C_LIB -DALT_SINGLE_THREADED    -Os -g -Wall   -mno-hw-div -mno-hw-div -mhw-mul -mno-hw-mulx -mgpopt=global  -o "obj/default/imported_source/ecatslv.o" "imported_source/ecatslv.c"
Info: Compiling imported_source/mailbox.c to obj/default/imported_source/mailbox.o
nios2-elf-gcc.exe -xc -MP -MMD -c -Ic:/Users/guan-ming.dennis-won/Documents/Code/SPI_4_Wire_Serial_Intel_FPGA_IP/software/NIOS_Project_Small_bsp//HAL/inc -Ic:/Users/guan-ming.dennis-won/Documents/Code/SPI_4_Wire_Serial_Intel_FPGA_IP/software/NIOS_Project_Small_bsp/ -Ic:/Users/guan-ming.dennis-won/Documents/Code/SPI_4_Wire_Serial_Intel_FPGA_IP/software/NIOS_Project_Small_bsp//drivers/inc  -pipe -D__hal__ -DALT_NO_C_PLUS_PLUS -DALT_NO_CLEAN_EXIT -D'exit(a)=_exit(a)' -DALT_NO_EXIT -DALT_USE_DIRECT_DRIVERS -DALT_NO_INSTRUCTION_EMULATION -DALT_USE_SMALL_DRIVERS -DSMALL_C_LIB -DALT_SINGLE_THREADED    -Os -g -Wall   -mno-hw-div -mno-hw-div -mhw-mul -mno-hw-mulx -mgpopt=global  -o "obj/default/imported_source/mailbox.o" "imported_source/mailbox.c"
imported_source/mailbox.c: In function 'MBX_CheckAndCopyMailbox':
imported_source/mailbox.c:760:17: warning: array subscript 'TMBX[0]' is partly outside array bounds of 'unsigned char[10]' [-Warray-bounds]
  760 |             pMbx->MbxHeader.Length     = 4;
      |                 ^~
In file included from imported_source/mailbox.c:138:
imported_source/../imported_source/ecat_def.h:776:51: note: object of size 10 allocated by 'malloc'
  776 | #define APPL_AllocMailboxBuffer(size)             malloc((size))
      |                                                   ^~~~~~~~~~~~~~
imported_source/mailbox.c:753:45: note: in expansion of macro 'APPL_AllocMailboxBuffer'
  753 |         TMBX MBXMEM *pMbx = (TMBX MBXMEM *) APPL_AllocMailboxBuffer(10); /* a mailbox error datagram length*/
      |                                             ^~~~~~~~~~~~~~~~~~~~~~~
imported_source/mailbox.c:762:17: warning: array subscript 'TMBX[0]' is partly outside array bounds of 'unsigned char[10]' [-Warray-bounds]
  762 |             pMbx->Data[0]                        = SWAPWORD(MBXSERVICE_MBXERRORCMD);
      |                 ^~
imported_source/../imported_source/ecat_def.h:776:51: note: object of size 10 allocated by 'malloc'
  776 | #define APPL_AllocMailboxBuffer(size)             malloc((size))
      |                                                   ^~~~~~~~~~~~~~
imported_source/mailbox.c:753:45: note: in expansion of macro 'APPL_AllocMailboxBuffer'
  753 |         TMBX MBXMEM *pMbx = (TMBX MBXMEM *) APPL_AllocMailboxBuffer(10); /* a mailbox error datagram length*/
      |                                             ^~~~~~~~~~~~~~~~~~~~~~~
imported_source/mailbox.c:763:17: warning: array subscript 'TMBX[0]' is partly outside array bounds of 'unsigned char[10]' [-Warray-bounds]
  763 |             pMbx->Data[1]                        = SWAPWORD(MBXERR_NOMOREMEMORY);
      |                 ^~
imported_source/../imported_source/ecat_def.h:776:51: note: object of size 10 allocated by 'malloc'
  776 | #define APPL_AllocMailboxBuffer(size)             malloc((size))
      |                                                   ^~~~~~~~~~~~~~
imported_source/mailbox.c:753:45: note: in expansion of macro 'APPL_AllocMailboxBuffer'
  753 |         TMBX MBXMEM *pMbx = (TMBX MBXMEM *) APPL_AllocMailboxBuffer(10); /* a mailbox error datagram length*/
      |                                             ^~~~~~~~~~~~~~~~~~~~~~~
Info: Compiling imported_source/objdef.c to obj/default/imported_source/objdef.o
nios2-elf-gcc.exe -xc -MP -MMD -c -Ic:/Users/guan-ming.dennis-won/Documents/Code/SPI_4_Wire_Serial_Intel_FPGA_IP/software/NIOS_Project_Small_bsp//HAL/inc -Ic:/Users/guan-ming.dennis-won/Documents/Code/SPI_4_Wire_Serial_Intel_FPGA_IP/software/NIOS_Project_Small_bsp/ -Ic:/Users/guan-ming.dennis-won/Documents/Code/SPI_4_Wire_Serial_Intel_FPGA_IP/software/NIOS_Project_Small_bsp//drivers/inc  -pipe -D__hal__ -DALT_NO_C_PLUS_PLUS -DALT_NO_CLEAN_EXIT -D'exit(a)=_exit(a)' -DALT_NO_EXIT -DALT_USE_DIRECT_DRIVERS -DALT_NO_INSTRUCTION_EMULATION -DALT_USE_SMALL_DRIVERS -DSMALL_C_LIB -DALT_SINGLE_THREADED    -Os -g -Wall   -mno-hw-div -mno-hw-div -mhw-mul -mno-hw-mulx -mgpopt=global  -o "obj/default/imported_source/objdef.o" "imported_source/objdef.c"
Info: Compiling imported_source/sdoserv.c to obj/default/imported_source/sdoserv.o
nios2-elf-gcc.exe -xc -MP -MMD -c -Ic:/Users/guan-ming.dennis-won/Documents/Code/SPI_4_Wire_Serial_Intel_FPGA_IP/software/NIOS_Project_Small_bsp//HAL/inc -Ic:/Users/guan-ming.dennis-won/Documents/Code/SPI_4_Wire_Serial_Intel_FPGA_IP/software/NIOS_Project_Small_bsp/ -Ic:/Users/guan-ming.dennis-won/Documents/Code/SPI_4_Wire_Serial_Intel_FPGA_IP/software/NIOS_Project_Small_bsp//drivers/inc  -pipe -D__hal__ -DALT_NO_C_PLUS_PLUS -DALT_NO_CLEAN_EXIT -D'exit(a)=_exit(a)' -DALT_NO_EXIT -DALT_USE_DIRECT_DRIVERS -DALT_NO_INSTRUCTION_EMULATION -DALT_USE_SMALL_DRIVERS -DSMALL_C_LIB -DALT_SINGLE_THREADED    -Os -g -Wall   -mno-hw-div -mno-hw-div -mhw-mul -mno-hw-mulx -mgpopt=global  -o "obj/default/imported_source/sdoserv.o" "imported_source/sdoserv.c"
Info: Compiling nios_it/nios_it.c to obj/default/nios_it/nios_it.o
nios2-elf-gcc.exe -xc -MP -MMD -c -Ic:/Users/guan-ming.dennis-won/Documents/Code/SPI_4_Wire_Serial_Intel_FPGA_IP/software/NIOS_Project_Small_bsp//HAL/inc -Ic:/Users/guan-ming.dennis-won/Documents/Code/SPI_4_Wire_Serial_Intel_FPGA_IP/software/NIOS_Project_Small_bsp/ -Ic:/Users/guan-ming.dennis-won/Documents/Code/SPI_4_Wire_Serial_Intel_FPGA_IP/software/NIOS_Project_Small_bsp//drivers/inc  -pipe -D__hal__ -DALT_NO_C_PLUS_PLUS -DALT_NO_CLEAN_EXIT -D'exit(a)=_exit(a)' -DALT_NO_EXIT -DALT_USE_DIRECT_DRIVERS -DALT_NO_INSTRUCTION_EMULATION -DALT_USE_SMALL_DRIVERS -DSMALL_C_LIB -DALT_SINGLE_THREADED    -Os -g -Wall   -mno-hw-div -mno-hw-div -mhw-mul -mno-hw-mulx -mgpopt=global  -o "obj/default/nios_it/nios_it.o" "nios_it/nios_it.c"
nios_it/nios_it.c: In function 'exti0_isr':
nios_it/nios_it.c:18:10: warning: implicit declaration of function 'PDI_Isr' [-Wimplicit-function-declaration]
   18 |          PDI_Isr();
      |          ^~~~~~~
nios_it/nios_it.c:21:10: warning: implicit declaration of function 'ECAT_CheckTimer' [-Wimplicit-function-declaration]
   21 |          ECAT_CheckTimer();
      |          ^~~~~~~~~~~~~~~
nios_it/nios_it.c:22:10: warning: implicit declaration of function 'appTimerRun' [-Wimplicit-function-declaration]
   22 |          appTimerRun();
      |          ^~~~~~~~~~~
Info: Compiling peripheral/peripheral_linker.c to obj/default/peripheral/peripheral_linker.o
nios2-elf-gcc.exe -xc -MP -MMD -c -Ic:/Users/guan-ming.dennis-won/Documents/Code/SPI_4_Wire_Serial_Intel_FPGA_IP/software/NIOS_Project_Small_bsp//HAL/inc -Ic:/Users/guan-ming.dennis-won/Documents/Code/SPI_4_Wire_Serial_Intel_FPGA_IP/software/NIOS_Project_Small_bsp/ -Ic:/Users/guan-ming.dennis-won/Documents/Code/SPI_4_Wire_Serial_Intel_FPGA_IP/software/NIOS_Project_Small_bsp//drivers/inc  -pipe -D__hal__ -DALT_NO_C_PLUS_PLUS -DALT_NO_CLEAN_EXIT -D'exit(a)=_exit(a)' -DALT_NO_EXIT -DALT_USE_DIRECT_DRIVERS -DALT_NO_INSTRUCTION_EMULATION -DALT_USE_SMALL_DRIVERS -DSMALL_C_LIB -DALT_SINGLE_THREADED    -Os -g -Wall   -mno-hw-div -mno-hw-div -mhw-mul -mno-hw-mulx -mgpopt=global  -o "obj/default/peripheral/peripheral_linker.o" "peripheral/peripheral_linker.c"
peripheral/peripheral_linker.c: In function 'delay_ms':
peripheral/peripheral_linker.c:8:5: warning: implicit declaration of function 'usleep' [-Wimplicit-function-declaration]
    8 |     usleep(milliseconds * 1000);  // Convert to microseconds
      |     ^~~~~~
peripheral/peripheral_linker.c: In function 'adc_init':
peripheral/peripheral_linker.c:16:13: warning: variable 'spi_check' set but not used [-Wunused-but-set-variable]
   16 |         int spi_check = -1;
      |             ^~~~~~~~~
peripheral/peripheral_linker.c: In function 'adc_init_spi_transmit_receive':
peripheral/peripheral_linker.c:160:13: warning: variable 'spi_check' set but not used [-Wunused-but-set-variable]
  160 |         int spi_check = -1;
      |             ^~~~~~~~~
peripheral/peripheral_linker.c: In function 'spi_transmit_receive':
peripheral/peripheral_linker.c:347:19: warning: implicit declaration of function 'printf' [-Wimplicit-function-declaration]
  347 |                   printf("error!");
      |                   ^~~~~~
peripheral/peripheral_linker.c:2:1: note: include '<stdio.h>' or provide a declaration of 'printf'
    1 | #include "peripheral_linker.h"  // Include the linker header file with peripheral definitions
  +++ |+#include <stdio.h>
    2 | #include "system.h"
peripheral/peripheral_linker.c:347:19: warning: incompatible implicit declaration of built-in function 'printf' [-Wbuiltin-declaration-mismatch]
  347 |                   printf("error!");
      |                   ^~~~~~
peripheral/peripheral_linker.c:347:19: note: include '<stdio.h>' or provide a declaration of 'printf'
Info: Linking NIOS_Project_Small.elf
nios2-elf-g++.exe  -T'c:/Users/guan-ming.dennis-won/Documents/Code/SPI_4_Wire_Serial_Intel_FPGA_IP/software/NIOS_Project_Small_bsp//linker.x' -msys-crt0='c:/Users/guan-ming.dennis-won/Documents/Code/SPI_4_Wire_Serial_Intel_FPGA_IP/software/NIOS_Project_Small_bsp//obj/HAL/src/crt0.o' -msys-lib=hal_bsp -Lc:/Users/guan-ming.dennis-won/Documents/Code/SPI_4_Wire_Serial_Intel_FPGA_IP/software/NIOS_Project_Small_bsp/  -msmallc  -Wl,-Map=NIOS_Project_Small.map   -Os -g -Wall   -mno-hw-div -mno-hw-div -mhw-mul -mno-hw-mulx -mgpopt=global  -o NIOS_Project_Small.elf obj/default/hello_world_small.o obj/default/imported_source/TENCL040_ESC.o obj/default/imported_source/ax58100_hw.o obj/default/imported_source/coeappl.o obj/default/imported_source/ecatappl.o obj/default/imported_source/ecatcoe.o obj/default/imported_source/ecatslv.o obj/default/imported_source/mailbox.o obj/default/imported_source/objdef.o obj/default/imported_source/sdoserv.o obj/default/nios_it/nios_it.o obj/default/peripheral/peripheral_linker.o -lm -msys-lib=m
nios2-elf-insert.exe NIOS_Project_Small.elf --thread_model hal --cpu_name NIOS --qsys true --simulation_enabled false --id 39011 --sidp 0x41060 --timestamp 1747198670 --stderr_dev DEBUG --stdin_dev DEBUG --stdout_dev DEBUG --sopc_system_name spi_platform_designer --quartus_project_dir "c:/Users/guan-ming.dennis-won/Documents/Code/SPI_4_Wire_Serial_Intel_FPGA_IP" --jdi ../..//output_files/spi.jdi --sopcinfo C:/Users/guan-ming.dennis-won/Documents/Code/SPI_4_Wire_Serial_Intel_FPGA_IP/spi_platform_designer.sopcinfo
Info: (NIOS_Project_Small.elf) 41 KBytes program size (code + initialized data).
Info:                          34 KBytes free for stack + heap.
Info: Creating NIOS_Project_Small.objdump
nios2-elf-objdump.exe --disassemble --syms --all-header --source NIOS_Project_Small.elf >NIOS_Project_Small.objdump
[NIOS_Project_Small build complete]
15:54:17 **** Clean-only build of configuration Nios II for project NIOS_Project_Small ****
wsl make clean 
[NIOS_Project_Small clean complete]
15:54:21 **** Build of configuration Nios II for project NIOS_Project_Small ****
wsl make all 
Info: Building /mnt/c/Users/guan-ming.dennis-won/Documents/Code/SPI_4_Wire_Serial_Intel_FPGA_IP/software/NIOS_Project_Small_bsp/
make --no-print-directory -C /mnt/c/Users/guan-ming.dennis-won/Documents/Code/SPI_4_Wire_Serial_Intel_FPGA_IP/software/NIOS_Project_Small_bsp/
[BSP build complete]
Info: Compiling hello_world_small.c to obj/default/hello_world_small.o
nios2-elf-gcc.exe -xc -MP -MMD -c -Ic:/Users/guan-ming.dennis-won/Documents/Code/SPI_4_Wire_Serial_Intel_FPGA_IP/software/NIOS_Project_Small_bsp//HAL/inc -Ic:/Users/guan-ming.dennis-won/Documents/Code/SPI_4_Wire_Serial_Intel_FPGA_IP/software/NIOS_Project_Small_bsp/ -Ic:/Users/guan-ming.dennis-won/Documents/Code/SPI_4_Wire_Serial_Intel_FPGA_IP/software/NIOS_Project_Small_bsp//drivers/inc  -pipe -D__hal__ -DALT_NO_C_PLUS_PLUS -DALT_NO_CLEAN_EXIT -D'exit(a)=_exit(a)' -DALT_NO_EXIT -DALT_USE_DIRECT_DRIVERS -DALT_NO_INSTRUCTION_EMULATION -DALT_USE_SMALL_DRIVERS -DSMALL_C_LIB -DALT_SINGLE_THREADED    -Os -g -Wall   -mno-hw-div -mno-hw-div -mhw-mul -mno-hw-mulx -mgpopt=global  -o "obj/default/hello_world_small.o" "hello_world_small.c"
hello_world_small.c: In function 'main':
hello_world_small.c:38:3: warning: implicit declaration of function 'main_initial' [-Wimplicit-function-declaration]
   38 |   main_initial();
      |   ^~~~~~~~~~~~
hello_world_small.c:28:27: warning: unused variable 'invert_me' [-Wunused-variable]
   28 |   static volatile uint8_t invert_me = 1;
      |                           ^~~~~~~~~
hello_world_small.c:27:11: warning: unused variable 'out' [-Wunused-variable]
   27 |   uint8_t out = 0;
      |           ^~~
Info: Compiling imported_source/TENCL040_ESC.c to obj/default/imported_source/TENCL040_ESC.o
nios2-elf-gcc.exe -xc -MP -MMD -c -Ic:/Users/guan-ming.dennis-won/Documents/Code/SPI_4_Wire_Serial_Intel_FPGA_IP/software/NIOS_Project_Small_bsp//HAL/inc -Ic:/Users/guan-ming.dennis-won/Documents/Code/SPI_4_Wire_Serial_Intel_FPGA_IP/software/NIOS_Project_Small_bsp/ -Ic:/Users/guan-ming.dennis-won/Documents/Code/SPI_4_Wire_Serial_Intel_FPGA_IP/software/NIOS_Project_Small_bsp//drivers/inc  -pipe -D__hal__ -DALT_NO_C_PLUS_PLUS -DALT_NO_CLEAN_EXIT -D'exit(a)=_exit(a)' -DALT_NO_EXIT -DALT_USE_DIRECT_DRIVERS -DALT_NO_INSTRUCTION_EMULATION -DALT_USE_SMALL_DRIVERS -DSMALL_C_LIB -DALT_SINGLE_THREADED    -Os -g -Wall   -mno-hw-div -mno-hw-div -mhw-mul -mno-hw-mulx -mgpopt=global  -o "obj/default/imported_source/TENCL040_ESC.o" "imported_source/TENCL040_ESC.c"
In file included from imported_source/TENCL040_ESC.h:41,
                 from imported_source/TENCL040_ESC.c:29:
imported_source/TENCL040_ESCObjects.h:2677:8: warning: excess elements in array initializer
 2677 | ={8,{0,0,0,0,0,0,0,0}}
      |        ^
imported_source/TENCL040_ESCObjects.h:2677:8: note: (near initialization for 'OnOffContinuousModeGroup0x7010.aEntries')
imported_source/TENCL040_ESCObjects.h:2677:10: warning: excess elements in array initializer
 2677 | ={8,{0,0,0,0,0,0,0,0}}
      |          ^
imported_source/TENCL040_ESCObjects.h:2677:10: note: (near initialization for 'OnOffContinuousModeGroup0x7010.aEntries')
imported_source/TENCL040_ESCObjects.h:2677:12: warning: excess elements in array initializer
 2677 | ={8,{0,0,0,0,0,0,0,0}}
      |            ^
imported_source/TENCL040_ESCObjects.h:2677:12: note: (near initialization for 'OnOffContinuousModeGroup0x7010.aEntries')
imported_source/TENCL040_ESCObjects.h:2677:14: warning: excess elements in array initializer
 2677 | ={8,{0,0,0,0,0,0,0,0}}
      |              ^
imported_source/TENCL040_ESCObjects.h:2677:14: note: (near initialization for 'OnOffContinuousModeGroup0x7010.aEntries')
imported_source/TENCL040_ESCObjects.h:2677:16: warning: excess elements in array initializer
 2677 | ={8,{0,0,0,0,0,0,0,0}}
      |                ^
imported_source/TENCL040_ESCObjects.h:2677:16: note: (near initialization for 'OnOffContinuousModeGroup0x7010.aEntries')
imported_source/TENCL040_ESCObjects.h:2677:18: warning: excess elements in array initializer
 2677 | ={8,{0,0,0,0,0,0,0,0}}
      |                  ^
imported_source/TENCL040_ESCObjects.h:2677:18: note: (near initialization for 'OnOffContinuousModeGroup0x7010.aEntries')
imported_source/TENCL040_ESCObjects.h:2677:20: warning: excess elements in array initializer
 2677 | ={8,{0,0,0,0,0,0,0,0}}
      |                    ^
imported_source/TENCL040_ESCObjects.h:2677:20: note: (near initialization for 'OnOffContinuousModeGroup0x7010.aEntries')
imported_source/TENCL040_ESC.c: In function 'APPL_InputMapping':
imported_source/TENCL040_ESC.c:359:33: warning: case label value exceeds maximum value for type [-Wswitch-outside-range]
  359 |                                 case 0x1A010:
      |                                 ^~~~
imported_source/TENCL040_ESC.c: In function 'APPL_GetDeviceID':
imported_source/TENCL040_ESC.c:440:6: warning: #warning "Implement explicit Device ID latching" [-Wcpp]
  440 |     #warning "Implement explicit Device ID latching"
      |      ^~~~~~~
Info: Compiling imported_source/ax58100_hw.c to obj/default/imported_source/ax58100_hw.o
nios2-elf-gcc.exe -xc -MP -MMD -c -Ic:/Users/guan-ming.dennis-won/Documents/Code/SPI_4_Wire_Serial_Intel_FPGA_IP/software/NIOS_Project_Small_bsp//HAL/inc -Ic:/Users/guan-ming.dennis-won/Documents/Code/SPI_4_Wire_Serial_Intel_FPGA_IP/software/NIOS_Project_Small_bsp/ -Ic:/Users/guan-ming.dennis-won/Documents/Code/SPI_4_Wire_Serial_Intel_FPGA_IP/software/NIOS_Project_Small_bsp//drivers/inc  -pipe -D__hal__ -DALT_NO_C_PLUS_PLUS -DALT_NO_CLEAN_EXIT -D'exit(a)=_exit(a)' -DALT_NO_EXIT -DALT_USE_DIRECT_DRIVERS -DALT_NO_INSTRUCTION_EMULATION -DALT_USE_SMALL_DRIVERS -DSMALL_C_LIB -DALT_SINGLE_THREADED    -Os -g -Wall   -mno-hw-div -mno-hw-div -mhw-mul -mno-hw-mulx -mgpopt=global  -o "obj/default/imported_source/ax58100_hw.o" "imported_source/ax58100_hw.c"
imported_source/ax58100_hw.c: In function 'HW_SPI_Read':
imported_source/ax58100_hw.c:169:25: warning: unused variable 'spi_check' [-Wunused-variable]
  169 |                 uint8_t spi_check =  spi_transmit_receive(ESC_SPI_BASE, 0,
      |                         ^~~~~~~~~
imported_source/ax58100_hw.c: In function 'HW_SPI_Write':
imported_source/ax58100_hw.c:259:25: warning: unused variable 'spi_check' [-Wunused-variable]
  259 |                 uint8_t spi_check =  spi_transmit_receive(ESC_SPI_BASE, 0,
      |                         ^~~~~~~~~
imported_source/ax58100_hw.c: In function 'HW_Init':
imported_source/ax58100_hw.c:333:9: warning: implicit declaration of function 'init_exti0_it' [-Wimplicit-function-declaration]
  333 |         init_exti0_it();
      |         ^~~~~~~~~~~~~
imported_source/ax58100_hw.c: At top level:
imported_source/ax58100_hw.c:61:16: warning: 'HW_SPI_TransmitReceive' defined but not used [-Wunused-function]
   61 | static int32_t HW_SPI_TransmitReceive(uint8_t* pTxData, uint8_t* pRxData,
      |                ^~~~~~~~~~~~~~~~~~~~~~
Info: Compiling imported_source/coeappl.c to obj/default/imported_source/coeappl.o
nios2-elf-gcc.exe -xc -MP -MMD -c -Ic:/Users/guan-ming.dennis-won/Documents/Code/SPI_4_Wire_Serial_Intel_FPGA_IP/software/NIOS_Project_Small_bsp//HAL/inc -Ic:/Users/guan-ming.dennis-won/Documents/Code/SPI_4_Wire_Serial_Intel_FPGA_IP/software/NIOS_Project_Small_bsp/ -Ic:/Users/guan-ming.dennis-won/Documents/Code/SPI_4_Wire_Serial_Intel_FPGA_IP/software/NIOS_Project_Small_bsp//drivers/inc  -pipe -D__hal__ -DALT_NO_C_PLUS_PLUS -DALT_NO_CLEAN_EXIT -D'exit(a)=_exit(a)' -DALT_NO_EXIT -DALT_USE_DIRECT_DRIVERS -DALT_NO_INSTRUCTION_EMULATION -DALT_USE_SMALL_DRIVERS -DSMALL_C_LIB -DALT_SINGLE_THREADED    -Os -g -Wall   -mno-hw-div -mno-hw-div -mhw-mul -mno-hw-mulx -mgpopt=global  -o "obj/default/imported_source/coeappl.o" "imported_source/coeappl.c"
imported_source/coeappl.c: In function 'COE_ObjDictionaryInit':
imported_source/coeappl.c:882:26: warning: the comparison will always evaluate as 'true' for the address of 'ApplicationObjDic' will never be NULL [-Waddress]
  882 |     if(ApplicationObjDic != NULL)
      |                          ^~
In file included from imported_source/../imported_source/TENCL040_ESC.h:41,
                 from imported_source/coeappl.c:132:
imported_source/../imported_source/TENCL040_ESCObjects.h:2689:19: note: 'ApplicationObjDic' declared here
 2689 | TOBJECT    OBJMEM ApplicationObjDic[] = {
      |                   ^~~~~~~~~~~~~~~~~
Info: Compiling imported_source/ecatappl.c to obj/default/imported_source/ecatappl.o
nios2-elf-gcc.exe -xc -MP -MMD -c -Ic:/Users/guan-ming.dennis-won/Documents/Code/SPI_4_Wire_Serial_Intel_FPGA_IP/software/NIOS_Project_Small_bsp//HAL/inc -Ic:/Users/guan-ming.dennis-won/Documents/Code/SPI_4_Wire_Serial_Intel_FPGA_IP/software/NIOS_Project_Small_bsp/ -Ic:/Users/guan-ming.dennis-won/Documents/Code/SPI_4_Wire_Serial_Intel_FPGA_IP/software/NIOS_Project_Small_bsp//drivers/inc  -pipe -D__hal__ -DALT_NO_C_PLUS_PLUS -DALT_NO_CLEAN_EXIT -D'exit(a)=_exit(a)' -DALT_NO_EXIT -DALT_USE_DIRECT_DRIVERS -DALT_NO_INSTRUCTION_EMULATION -DALT_USE_SMALL_DRIVERS -DSMALL_C_LIB -DALT_SINGLE_THREADED    -Os -g -Wall   -mno-hw-div -mno-hw-div -mhw-mul -mno-hw-mulx -mgpopt=global  -o "obj/default/imported_source/ecatappl.o" "imported_source/ecatappl.c"
Info: Compiling imported_source/ecatcoe.c to obj/default/imported_source/ecatcoe.o
nios2-elf-gcc.exe -xc -MP -MMD -c -Ic:/Users/guan-ming.dennis-won/Documents/Code/SPI_4_Wire_Serial_Intel_FPGA_IP/software/NIOS_Project_Small_bsp//HAL/inc -Ic:/Users/guan-ming.dennis-won/Documents/Code/SPI_4_Wire_Serial_Intel_FPGA_IP/software/NIOS_Project_Small_bsp/ -Ic:/Users/guan-ming.dennis-won/Documents/Code/SPI_4_Wire_Serial_Intel_FPGA_IP/software/NIOS_Project_Small_bsp//drivers/inc  -pipe -D__hal__ -DALT_NO_C_PLUS_PLUS -DALT_NO_CLEAN_EXIT -D'exit(a)=_exit(a)' -DALT_NO_EXIT -DALT_USE_DIRECT_DRIVERS -DALT_NO_INSTRUCTION_EMULATION -DALT_USE_SMALL_DRIVERS -DSMALL_C_LIB -DALT_SINGLE_THREADED    -Os -g -Wall   -mno-hw-div -mno-hw-div -mhw-mul -mno-hw-mulx -mgpopt=global  -o "obj/default/imported_source/ecatcoe.o" "imported_source/ecatcoe.c"
Info: Compiling imported_source/ecatslv.c to obj/default/imported_source/ecatslv.o
nios2-elf-gcc.exe -xc -MP -MMD -c -Ic:/Users/guan-ming.dennis-won/Documents/Code/SPI_4_Wire_Serial_Intel_FPGA_IP/software/NIOS_Project_Small_bsp//HAL/inc -Ic:/Users/guan-ming.dennis-won/Documents/Code/SPI_4_Wire_Serial_Intel_FPGA_IP/software/NIOS_Project_Small_bsp/ -Ic:/Users/guan-ming.dennis-won/Documents/Code/SPI_4_Wire_Serial_Intel_FPGA_IP/software/NIOS_Project_Small_bsp//drivers/inc  -pipe -D__hal__ -DALT_NO_C_PLUS_PLUS -DALT_NO_CLEAN_EXIT -D'exit(a)=_exit(a)' -DALT_NO_EXIT -DALT_USE_DIRECT_DRIVERS -DALT_NO_INSTRUCTION_EMULATION -DALT_USE_SMALL_DRIVERS -DSMALL_C_LIB -DALT_SINGLE_THREADED    -Os -g -Wall   -mno-hw-div -mno-hw-div -mhw-mul -mno-hw-mulx -mgpopt=global  -o "obj/default/imported_source/ecatslv.o" "imported_source/ecatslv.c"
Info: Compiling imported_source/mailbox.c to obj/default/imported_source/mailbox.o
nios2-elf-gcc.exe -xc -MP -MMD -c -Ic:/Users/guan-ming.dennis-won/Documents/Code/SPI_4_Wire_Serial_Intel_FPGA_IP/software/NIOS_Project_Small_bsp//HAL/inc -Ic:/Users/guan-ming.dennis-won/Documents/Code/SPI_4_Wire_Serial_Intel_FPGA_IP/software/NIOS_Project_Small_bsp/ -Ic:/Users/guan-ming.dennis-won/Documents/Code/SPI_4_Wire_Serial_Intel_FPGA_IP/software/NIOS_Project_Small_bsp//drivers/inc  -pipe -D__hal__ -DALT_NO_C_PLUS_PLUS -DALT_NO_CLEAN_EXIT -D'exit(a)=_exit(a)' -DALT_NO_EXIT -DALT_USE_DIRECT_DRIVERS -DALT_NO_INSTRUCTION_EMULATION -DALT_USE_SMALL_DRIVERS -DSMALL_C_LIB -DALT_SINGLE_THREADED    -Os -g -Wall   -mno-hw-div -mno-hw-div -mhw-mul -mno-hw-mulx -mgpopt=global  -o "obj/default/imported_source/mailbox.o" "imported_source/mailbox.c"
imported_source/mailbox.c: In function 'MBX_CheckAndCopyMailbox':
imported_source/mailbox.c:760:17: warning: array subscript 'TMBX[0]' is partly outside array bounds of 'unsigned char[10]' [-Warray-bounds]
  760 |             pMbx->MbxHeader.Length     = 4;
      |                 ^~
In file included from imported_source/mailbox.c:138:
imported_source/../imported_source/ecat_def.h:776:51: note: object of size 10 allocated by 'malloc'
  776 | #define APPL_AllocMailboxBuffer(size)             malloc((size))
      |                                                   ^~~~~~~~~~~~~~
imported_source/mailbox.c:753:45: note: in expansion of macro 'APPL_AllocMailboxBuffer'
  753 |         TMBX MBXMEM *pMbx = (TMBX MBXMEM *) APPL_AllocMailboxBuffer(10); /* a mailbox error datagram length*/
      |                                             ^~~~~~~~~~~~~~~~~~~~~~~
imported_source/mailbox.c:762:17: warning: array subscript 'TMBX[0]' is partly outside array bounds of 'unsigned char[10]' [-Warray-bounds]
  762 |             pMbx->Data[0]                        = SWAPWORD(MBXSERVICE_MBXERRORCMD);
      |                 ^~
imported_source/../imported_source/ecat_def.h:776:51: note: object of size 10 allocated by 'malloc'
  776 | #define APPL_AllocMailboxBuffer(size)             malloc((size))
      |                                                   ^~~~~~~~~~~~~~
imported_source/mailbox.c:753:45: note: in expansion of macro 'APPL_AllocMailboxBuffer'
  753 |         TMBX MBXMEM *pMbx = (TMBX MBXMEM *) APPL_AllocMailboxBuffer(10); /* a mailbox error datagram length*/
      |                                             ^~~~~~~~~~~~~~~~~~~~~~~
imported_source/mailbox.c:763:17: warning: array subscript 'TMBX[0]' is partly outside array bounds of 'unsigned char[10]' [-Warray-bounds]
  763 |             pMbx->Data[1]                        = SWAPWORD(MBXERR_NOMOREMEMORY);
      |                 ^~
imported_source/../imported_source/ecat_def.h:776:51: note: object of size 10 allocated by 'malloc'
  776 | #define APPL_AllocMailboxBuffer(size)             malloc((size))
      |                                                   ^~~~~~~~~~~~~~
imported_source/mailbox.c:753:45: note: in expansion of macro 'APPL_AllocMailboxBuffer'
  753 |         TMBX MBXMEM *pMbx = (TMBX MBXMEM *) APPL_AllocMailboxBuffer(10); /* a mailbox error datagram length*/
      |                                             ^~~~~~~~~~~~~~~~~~~~~~~
Info: Compiling imported_source/objdef.c to obj/default/imported_source/objdef.o
nios2-elf-gcc.exe -xc -MP -MMD -c -Ic:/Users/guan-ming.dennis-won/Documents/Code/SPI_4_Wire_Serial_Intel_FPGA_IP/software/NIOS_Project_Small_bsp//HAL/inc -Ic:/Users/guan-ming.dennis-won/Documents/Code/SPI_4_Wire_Serial_Intel_FPGA_IP/software/NIOS_Project_Small_bsp/ -Ic:/Users/guan-ming.dennis-won/Documents/Code/SPI_4_Wire_Serial_Intel_FPGA_IP/software/NIOS_Project_Small_bsp//drivers/inc  -pipe -D__hal__ -DALT_NO_C_PLUS_PLUS -DALT_NO_CLEAN_EXIT -D'exit(a)=_exit(a)' -DALT_NO_EXIT -DALT_USE_DIRECT_DRIVERS -DALT_NO_INSTRUCTION_EMULATION -DALT_USE_SMALL_DRIVERS -DSMALL_C_LIB -DALT_SINGLE_THREADED    -Os -g -Wall   -mno-hw-div -mno-hw-div -mhw-mul -mno-hw-mulx -mgpopt=global  -o "obj/default/imported_source/objdef.o" "imported_source/objdef.c"
Info: Compiling imported_source/sdoserv.c to obj/default/imported_source/sdoserv.o
nios2-elf-gcc.exe -xc -MP -MMD -c -Ic:/Users/guan-ming.dennis-won/Documents/Code/SPI_4_Wire_Serial_Intel_FPGA_IP/software/NIOS_Project_Small_bsp//HAL/inc -Ic:/Users/guan-ming.dennis-won/Documents/Code/SPI_4_Wire_Serial_Intel_FPGA_IP/software/NIOS_Project_Small_bsp/ -Ic:/Users/guan-ming.dennis-won/Documents/Code/SPI_4_Wire_Serial_Intel_FPGA_IP/software/NIOS_Project_Small_bsp//drivers/inc  -pipe -D__hal__ -DALT_NO_C_PLUS_PLUS -DALT_NO_CLEAN_EXIT -D'exit(a)=_exit(a)' -DALT_NO_EXIT -DALT_USE_DIRECT_DRIVERS -DALT_NO_INSTRUCTION_EMULATION -DALT_USE_SMALL_DRIVERS -DSMALL_C_LIB -DALT_SINGLE_THREADED    -Os -g -Wall   -mno-hw-div -mno-hw-div -mhw-mul -mno-hw-mulx -mgpopt=global  -o "obj/default/imported_source/sdoserv.o" "imported_source/sdoserv.c"
Info: Compiling nios_it/nios_it.c to obj/default/nios_it/nios_it.o
nios2-elf-gcc.exe -xc -MP -MMD -c -Ic:/Users/guan-ming.dennis-won/Documents/Code/SPI_4_Wire_Serial_Intel_FPGA_IP/software/NIOS_Project_Small_bsp//HAL/inc -Ic:/Users/guan-ming.dennis-won/Documents/Code/SPI_4_Wire_Serial_Intel_FPGA_IP/software/NIOS_Project_Small_bsp/ -Ic:/Users/guan-ming.dennis-won/Documents/Code/SPI_4_Wire_Serial_Intel_FPGA_IP/software/NIOS_Project_Small_bsp//drivers/inc  -pipe -D__hal__ -DALT_NO_C_PLUS_PLUS -DALT_NO_CLEAN_EXIT -D'exit(a)=_exit(a)' -DALT_NO_EXIT -DALT_USE_DIRECT_DRIVERS -DALT_NO_INSTRUCTION_EMULATION -DALT_USE_SMALL_DRIVERS -DSMALL_C_LIB -DALT_SINGLE_THREADED    -Os -g -Wall   -mno-hw-div -mno-hw-div -mhw-mul -mno-hw-mulx -mgpopt=global  -o "obj/default/nios_it/nios_it.o" "nios_it/nios_it.c"
nios_it/nios_it.c: In function 'exti0_isr':
nios_it/nios_it.c:18:10: warning: implicit declaration of function 'PDI_Isr' [-Wimplicit-function-declaration]
   18 |          PDI_Isr();
      |          ^~~~~~~
nios_it/nios_it.c:21:10: warning: implicit declaration of function 'ECAT_CheckTimer' [-Wimplicit-function-declaration]
   21 |          ECAT_CheckTimer();
      |          ^~~~~~~~~~~~~~~
nios_it/nios_it.c:22:10: warning: implicit declaration of function 'appTimerRun' [-Wimplicit-function-declaration]
   22 |          appTimerRun();
      |          ^~~~~~~~~~~
Info: Compiling peripheral/peripheral_linker.c to obj/default/peripheral/peripheral_linker.o
nios2-elf-gcc.exe -xc -MP -MMD -c -Ic:/Users/guan-ming.dennis-won/Documents/Code/SPI_4_Wire_Serial_Intel_FPGA_IP/software/NIOS_Project_Small_bsp//HAL/inc -Ic:/Users/guan-ming.dennis-won/Documents/Code/SPI_4_Wire_Serial_Intel_FPGA_IP/software/NIOS_Project_Small_bsp/ -Ic:/Users/guan-ming.dennis-won/Documents/Code/SPI_4_Wire_Serial_Intel_FPGA_IP/software/NIOS_Project_Small_bsp//drivers/inc  -pipe -D__hal__ -DALT_NO_C_PLUS_PLUS -DALT_NO_CLEAN_EXIT -D'exit(a)=_exit(a)' -DALT_NO_EXIT -DALT_USE_DIRECT_DRIVERS -DALT_NO_INSTRUCTION_EMULATION -DALT_USE_SMALL_DRIVERS -DSMALL_C_LIB -DALT_SINGLE_THREADED    -Os -g -Wall   -mno-hw-div -mno-hw-div -mhw-mul -mno-hw-mulx -mgpopt=global  -o "obj/default/peripheral/peripheral_linker.o" "peripheral/peripheral_linker.c"
peripheral/peripheral_linker.c: In function 'delay_ms':
peripheral/peripheral_linker.c:8:5: warning: implicit declaration of function 'usleep' [-Wimplicit-function-declaration]
    8 |     usleep(milliseconds * 1000);  // Convert to microseconds
      |     ^~~~~~
peripheral/peripheral_linker.c: In function 'adc_init':
peripheral/peripheral_linker.c:16:13: warning: variable 'spi_check' set but not used [-Wunused-but-set-variable]
   16 |         int spi_check = -1;
      |             ^~~~~~~~~
peripheral/peripheral_linker.c: In function 'adc_init_spi_transmit_receive':
peripheral/peripheral_linker.c:160:13: warning: variable 'spi_check' set but not used [-Wunused-but-set-variable]
  160 |         int spi_check = -1;
      |             ^~~~~~~~~
peripheral/peripheral_linker.c: In function 'spi_transmit_receive':
peripheral/peripheral_linker.c:347:19: warning: implicit declaration of function 'printf' [-Wimplicit-function-declaration]
  347 |                   printf("error!");
      |                   ^~~~~~
peripheral/peripheral_linker.c:2:1: note: include '<stdio.h>' or provide a declaration of 'printf'
    1 | #include "peripheral_linker.h"  // Include the linker header file with peripheral definitions
  +++ |+#include <stdio.h>
    2 | #include "system.h"
peripheral/peripheral_linker.c:347:19: warning: incompatible implicit declaration of built-in function 'printf' [-Wbuiltin-declaration-mismatch]
  347 |                   printf("error!");
      |                   ^~~~~~
peripheral/peripheral_linker.c:347:19: note: include '<stdio.h>' or provide a declaration of 'printf'
Info: Linking NIOS_Project_Small.elf
nios2-elf-g++.exe  -T'c:/Users/guan-ming.dennis-won/Documents/Code/SPI_4_Wire_Serial_Intel_FPGA_IP/software/NIOS_Project_Small_bsp//linker.x' -msys-crt0='c:/Users/guan-ming.dennis-won/Documents/Code/SPI_4_Wire_Serial_Intel_FPGA_IP/software/NIOS_Project_Small_bsp//obj/HAL/src/crt0.o' -msys-lib=hal_bsp -Lc:/Users/guan-ming.dennis-won/Documents/Code/SPI_4_Wire_Serial_Intel_FPGA_IP/software/NIOS_Project_Small_bsp/  -msmallc  -Wl,-Map=NIOS_Project_Small.map   -Os -g -Wall   -mno-hw-div -mno-hw-div -mhw-mul -mno-hw-mulx -mgpopt=global  -o NIOS_Project_Small.elf obj/default/hello_world_small.o obj/default/imported_source/TENCL040_ESC.o obj/default/imported_source/ax58100_hw.o obj/default/imported_source/coeappl.o obj/default/imported_source/ecatappl.o obj/default/imported_source/ecatcoe.o obj/default/imported_source/ecatslv.o obj/default/imported_source/mailbox.o obj/default/imported_source/objdef.o obj/default/imported_source/sdoserv.o obj/default/nios_it/nios_it.o obj/default/peripheral/peripheral_linker.o -lm -msys-lib=m
nios2-elf-insert.exe NIOS_Project_Small.elf --thread_model hal --cpu_name NIOS --qsys true --simulation_enabled false --id 39011 --sidp 0x41060 --timestamp 1747198670 --stderr_dev DEBUG --stdin_dev DEBUG --stdout_dev DEBUG --sopc_system_name spi_platform_designer --quartus_project_dir "c:/Users/guan-ming.dennis-won/Documents/Code/SPI_4_Wire_Serial_Intel_FPGA_IP" --jdi ../..//output_files/spi.jdi --sopcinfo C:/Users/guan-ming.dennis-won/Documents/Code/SPI_4_Wire_Serial_Intel_FPGA_IP/spi_platform_designer.sopcinfo
Info: (NIOS_Project_Small.elf) 41 KBytes program size (code + initialized data).
Info:                          34 KBytes free for stack + heap.
Info: Creating NIOS_Project_Small.objdump
nios2-elf-objdump.exe --disassemble --syms --all-header --source NIOS_Project_Small.elf >NIOS_Project_Small.objdump
[NIOS_Project_Small build complete]
16:01:07 **** Clean-only build of configuration Nios II for project NIOS_Project_Small ****
wsl make clean 
[NIOS_Project_Small clean complete]
16:01:09 **** Build of configuration Nios II for project NIOS_Project_Small ****
wsl make all 
Info: Building /mnt/c/Users/guan-ming.dennis-won/Documents/Code/SPI_4_Wire_Serial_Intel_FPGA_IP/software/NIOS_Project_Small_bsp/
make --no-print-directory -C /mnt/c/Users/guan-ming.dennis-won/Documents/Code/SPI_4_Wire_Serial_Intel_FPGA_IP/software/NIOS_Project_Small_bsp/
[BSP build complete]
Info: Compiling hello_world_small.c to obj/default/hello_world_small.o
nios2-elf-gcc.exe -xc -MP -MMD -c -Ic:/Users/guan-ming.dennis-won/Documents/Code/SPI_4_Wire_Serial_Intel_FPGA_IP/software/NIOS_Project_Small_bsp//HAL/inc -Ic:/Users/guan-ming.dennis-won/Documents/Code/SPI_4_Wire_Serial_Intel_FPGA_IP/software/NIOS_Project_Small_bsp/ -Ic:/Users/guan-ming.dennis-won/Documents/Code/SPI_4_Wire_Serial_Intel_FPGA_IP/software/NIOS_Project_Small_bsp//drivers/inc  -pipe -D__hal__ -DALT_NO_C_PLUS_PLUS -DALT_NO_CLEAN_EXIT -D'exit(a)=_exit(a)' -DALT_NO_EXIT -DALT_USE_DIRECT_DRIVERS -DALT_NO_INSTRUCTION_EMULATION -DALT_USE_SMALL_DRIVERS -DSMALL_C_LIB -DALT_SINGLE_THREADED    -Os -g -Wall   -mno-hw-div -mno-hw-div -mhw-mul -mno-hw-mulx -mgpopt=global  -o "obj/default/hello_world_small.o" "hello_world_small.c"
hello_world_small.c: In function 'main':
hello_world_small.c:38:3: warning: implicit declaration of function 'main_initial' [-Wimplicit-function-declaration]
   38 |   main_initial();
      |   ^~~~~~~~~~~~
hello_world_small.c:28:27: warning: unused variable 'invert_me' [-Wunused-variable]
   28 |   static volatile uint8_t invert_me = 1;
      |                           ^~~~~~~~~
hello_world_small.c:27:11: warning: unused variable 'out' [-Wunused-variable]
   27 |   uint8_t out = 0;
      |           ^~~
Info: Compiling imported_source/TENCL040_ESC.c to obj/default/imported_source/TENCL040_ESC.o
nios2-elf-gcc.exe -xc -MP -MMD -c -Ic:/Users/guan-ming.dennis-won/Documents/Code/SPI_4_Wire_Serial_Intel_FPGA_IP/software/NIOS_Project_Small_bsp//HAL/inc -Ic:/Users/guan-ming.dennis-won/Documents/Code/SPI_4_Wire_Serial_Intel_FPGA_IP/software/NIOS_Project_Small_bsp/ -Ic:/Users/guan-ming.dennis-won/Documents/Code/SPI_4_Wire_Serial_Intel_FPGA_IP/software/NIOS_Project_Small_bsp//drivers/inc  -pipe -D__hal__ -DALT_NO_C_PLUS_PLUS -DALT_NO_CLEAN_EXIT -D'exit(a)=_exit(a)' -DALT_NO_EXIT -DALT_USE_DIRECT_DRIVERS -DALT_NO_INSTRUCTION_EMULATION -DALT_USE_SMALL_DRIVERS -DSMALL_C_LIB -DALT_SINGLE_THREADED    -Os -g -Wall   -mno-hw-div -mno-hw-div -mhw-mul -mno-hw-mulx -mgpopt=global  -o "obj/default/imported_source/TENCL040_ESC.o" "imported_source/TENCL040_ESC.c"
In file included from imported_source/TENCL040_ESC.h:41,
                 from imported_source/TENCL040_ESC.c:29:
imported_source/TENCL040_ESCObjects.h:2677:8: warning: excess elements in array initializer
 2677 | ={8,{0,0,0,0,0,0,0,0}}
      |        ^
imported_source/TENCL040_ESCObjects.h:2677:8: note: (near initialization for 'OnOffContinuousModeGroup0x7010.aEntries')
imported_source/TENCL040_ESCObjects.h:2677:10: warning: excess elements in array initializer
 2677 | ={8,{0,0,0,0,0,0,0,0}}
      |          ^
imported_source/TENCL040_ESCObjects.h:2677:10: note: (near initialization for 'OnOffContinuousModeGroup0x7010.aEntries')
imported_source/TENCL040_ESCObjects.h:2677:12: warning: excess elements in array initializer
 2677 | ={8,{0,0,0,0,0,0,0,0}}
      |            ^
imported_source/TENCL040_ESCObjects.h:2677:12: note: (near initialization for 'OnOffContinuousModeGroup0x7010.aEntries')
imported_source/TENCL040_ESCObjects.h:2677:14: warning: excess elements in array initializer
 2677 | ={8,{0,0,0,0,0,0,0,0}}
      |              ^
imported_source/TENCL040_ESCObjects.h:2677:14: note: (near initialization for 'OnOffContinuousModeGroup0x7010.aEntries')
imported_source/TENCL040_ESCObjects.h:2677:16: warning: excess elements in array initializer
 2677 | ={8,{0,0,0,0,0,0,0,0}}
      |                ^
imported_source/TENCL040_ESCObjects.h:2677:16: note: (near initialization for 'OnOffContinuousModeGroup0x7010.aEntries')
imported_source/TENCL040_ESCObjects.h:2677:18: warning: excess elements in array initializer
 2677 | ={8,{0,0,0,0,0,0,0,0}}
      |                  ^
imported_source/TENCL040_ESCObjects.h:2677:18: note: (near initialization for 'OnOffContinuousModeGroup0x7010.aEntries')
imported_source/TENCL040_ESCObjects.h:2677:20: warning: excess elements in array initializer
 2677 | ={8,{0,0,0,0,0,0,0,0}}
      |                    ^
imported_source/TENCL040_ESCObjects.h:2677:20: note: (near initialization for 'OnOffContinuousModeGroup0x7010.aEntries')
imported_source/TENCL040_ESC.c: In function 'APPL_InputMapping':
imported_source/TENCL040_ESC.c:359:33: warning: case label value exceeds maximum value for type [-Wswitch-outside-range]
  359 |                                 case 0x1A010:
      |                                 ^~~~
imported_source/TENCL040_ESC.c: In function 'APPL_GetDeviceID':
imported_source/TENCL040_ESC.c:429:6: warning: #warning "Implement explicit Device ID latching" [-Wcpp]
  429 |     #warning "Implement explicit Device ID latching"
      |      ^~~~~~~
Info: Compiling imported_source/ax58100_hw.c to obj/default/imported_source/ax58100_hw.o
nios2-elf-gcc.exe -xc -MP -MMD -c -Ic:/Users/guan-ming.dennis-won/Documents/Code/SPI_4_Wire_Serial_Intel_FPGA_IP/software/NIOS_Project_Small_bsp//HAL/inc -Ic:/Users/guan-ming.dennis-won/Documents/Code/SPI_4_Wire_Serial_Intel_FPGA_IP/software/NIOS_Project_Small_bsp/ -Ic:/Users/guan-ming.dennis-won/Documents/Code/SPI_4_Wire_Serial_Intel_FPGA_IP/software/NIOS_Project_Small_bsp//drivers/inc  -pipe -D__hal__ -DALT_NO_C_PLUS_PLUS -DALT_NO_CLEAN_EXIT -D'exit(a)=_exit(a)' -DALT_NO_EXIT -DALT_USE_DIRECT_DRIVERS -DALT_NO_INSTRUCTION_EMULATION -DALT_USE_SMALL_DRIVERS -DSMALL_C_LIB -DALT_SINGLE_THREADED    -Os -g -Wall   -mno-hw-div -mno-hw-div -mhw-mul -mno-hw-mulx -mgpopt=global  -o "obj/default/imported_source/ax58100_hw.o" "imported_source/ax58100_hw.c"
imported_source/ax58100_hw.c: In function 'HW_SPI_Read':
imported_source/ax58100_hw.c:169:25: warning: unused variable 'spi_check' [-Wunused-variable]
  169 |                 uint8_t spi_check =  spi_transmit_receive(ESC_SPI_BASE, 0,
      |                         ^~~~~~~~~
imported_source/ax58100_hw.c: In function 'HW_SPI_Write':
imported_source/ax58100_hw.c:259:25: warning: unused variable 'spi_check' [-Wunused-variable]
  259 |                 uint8_t spi_check =  spi_transmit_receive(ESC_SPI_BASE, 0,
      |                         ^~~~~~~~~
imported_source/ax58100_hw.c: In function 'HW_Init':
imported_source/ax58100_hw.c:333:9: warning: implicit declaration of function 'init_exti0_it' [-Wimplicit-function-declaration]
  333 |         init_exti0_it();
      |         ^~~~~~~~~~~~~
imported_source/ax58100_hw.c: At top level:
imported_source/ax58100_hw.c:61:16: warning: 'HW_SPI_TransmitReceive' defined but not used [-Wunused-function]
   61 | static int32_t HW_SPI_TransmitReceive(uint8_t* pTxData, uint8_t* pRxData,
      |                ^~~~~~~~~~~~~~~~~~~~~~
Info: Compiling imported_source/coeappl.c to obj/default/imported_source/coeappl.o
nios2-elf-gcc.exe -xc -MP -MMD -c -Ic:/Users/guan-ming.dennis-won/Documents/Code/SPI_4_Wire_Serial_Intel_FPGA_IP/software/NIOS_Project_Small_bsp//HAL/inc -Ic:/Users/guan-ming.dennis-won/Documents/Code/SPI_4_Wire_Serial_Intel_FPGA_IP/software/NIOS_Project_Small_bsp/ -Ic:/Users/guan-ming.dennis-won/Documents/Code/SPI_4_Wire_Serial_Intel_FPGA_IP/software/NIOS_Project_Small_bsp//drivers/inc  -pipe -D__hal__ -DALT_NO_C_PLUS_PLUS -DALT_NO_CLEAN_EXIT -D'exit(a)=_exit(a)' -DALT_NO_EXIT -DALT_USE_DIRECT_DRIVERS -DALT_NO_INSTRUCTION_EMULATION -DALT_USE_SMALL_DRIVERS -DSMALL_C_LIB -DALT_SINGLE_THREADED    -Os -g -Wall   -mno-hw-div -mno-hw-div -mhw-mul -mno-hw-mulx -mgpopt=global  -o "obj/default/imported_source/coeappl.o" "imported_source/coeappl.c"
imported_source/coeappl.c: In function 'COE_ObjDictionaryInit':
imported_source/coeappl.c:882:26: warning: the comparison will always evaluate as 'true' for the address of 'ApplicationObjDic' will never be NULL [-Waddress]
  882 |     if(ApplicationObjDic != NULL)
      |                          ^~
In file included from imported_source/../imported_source/TENCL040_ESC.h:41,
                 from imported_source/coeappl.c:132:
imported_source/../imported_source/TENCL040_ESCObjects.h:2689:19: note: 'ApplicationObjDic' declared here
 2689 | TOBJECT    OBJMEM ApplicationObjDic[] = {
      |                   ^~~~~~~~~~~~~~~~~
Info: Compiling imported_source/ecatappl.c to obj/default/imported_source/ecatappl.o
nios2-elf-gcc.exe -xc -MP -MMD -c -Ic:/Users/guan-ming.dennis-won/Documents/Code/SPI_4_Wire_Serial_Intel_FPGA_IP/software/NIOS_Project_Small_bsp//HAL/inc -Ic:/Users/guan-ming.dennis-won/Documents/Code/SPI_4_Wire_Serial_Intel_FPGA_IP/software/NIOS_Project_Small_bsp/ -Ic:/Users/guan-ming.dennis-won/Documents/Code/SPI_4_Wire_Serial_Intel_FPGA_IP/software/NIOS_Project_Small_bsp//drivers/inc  -pipe -D__hal__ -DALT_NO_C_PLUS_PLUS -DALT_NO_CLEAN_EXIT -D'exit(a)=_exit(a)' -DALT_NO_EXIT -DALT_USE_DIRECT_DRIVERS -DALT_NO_INSTRUCTION_EMULATION -DALT_USE_SMALL_DRIVERS -DSMALL_C_LIB -DALT_SINGLE_THREADED    -Os -g -Wall   -mno-hw-div -mno-hw-div -mhw-mul -mno-hw-mulx -mgpopt=global  -o "obj/default/imported_source/ecatappl.o" "imported_source/ecatappl.c"
Info: Compiling imported_source/ecatcoe.c to obj/default/imported_source/ecatcoe.o
nios2-elf-gcc.exe -xc -MP -MMD -c -Ic:/Users/guan-ming.dennis-won/Documents/Code/SPI_4_Wire_Serial_Intel_FPGA_IP/software/NIOS_Project_Small_bsp//HAL/inc -Ic:/Users/guan-ming.dennis-won/Documents/Code/SPI_4_Wire_Serial_Intel_FPGA_IP/software/NIOS_Project_Small_bsp/ -Ic:/Users/guan-ming.dennis-won/Documents/Code/SPI_4_Wire_Serial_Intel_FPGA_IP/software/NIOS_Project_Small_bsp//drivers/inc  -pipe -D__hal__ -DALT_NO_C_PLUS_PLUS -DALT_NO_CLEAN_EXIT -D'exit(a)=_exit(a)' -DALT_NO_EXIT -DALT_USE_DIRECT_DRIVERS -DALT_NO_INSTRUCTION_EMULATION -DALT_USE_SMALL_DRIVERS -DSMALL_C_LIB -DALT_SINGLE_THREADED    -Os -g -Wall   -mno-hw-div -mno-hw-div -mhw-mul -mno-hw-mulx -mgpopt=global  -o "obj/default/imported_source/ecatcoe.o" "imported_source/ecatcoe.c"
Info: Compiling imported_source/ecatslv.c to obj/default/imported_source/ecatslv.o
nios2-elf-gcc.exe -xc -MP -MMD -c -Ic:/Users/guan-ming.dennis-won/Documents/Code/SPI_4_Wire_Serial_Intel_FPGA_IP/software/NIOS_Project_Small_bsp//HAL/inc -Ic:/Users/guan-ming.dennis-won/Documents/Code/SPI_4_Wire_Serial_Intel_FPGA_IP/software/NIOS_Project_Small_bsp/ -Ic:/Users/guan-ming.dennis-won/Documents/Code/SPI_4_Wire_Serial_Intel_FPGA_IP/software/NIOS_Project_Small_bsp//drivers/inc  -pipe -D__hal__ -DALT_NO_C_PLUS_PLUS -DALT_NO_CLEAN_EXIT -D'exit(a)=_exit(a)' -DALT_NO_EXIT -DALT_USE_DIRECT_DRIVERS -DALT_NO_INSTRUCTION_EMULATION -DALT_USE_SMALL_DRIVERS -DSMALL_C_LIB -DALT_SINGLE_THREADED    -Os -g -Wall   -mno-hw-div -mno-hw-div -mhw-mul -mno-hw-mulx -mgpopt=global  -o "obj/default/imported_source/ecatslv.o" "imported_source/ecatslv.c"
Info: Compiling imported_source/mailbox.c to obj/default/imported_source/mailbox.o
nios2-elf-gcc.exe -xc -MP -MMD -c -Ic:/Users/guan-ming.dennis-won/Documents/Code/SPI_4_Wire_Serial_Intel_FPGA_IP/software/NIOS_Project_Small_bsp//HAL/inc -Ic:/Users/guan-ming.dennis-won/Documents/Code/SPI_4_Wire_Serial_Intel_FPGA_IP/software/NIOS_Project_Small_bsp/ -Ic:/Users/guan-ming.dennis-won/Documents/Code/SPI_4_Wire_Serial_Intel_FPGA_IP/software/NIOS_Project_Small_bsp//drivers/inc  -pipe -D__hal__ -DALT_NO_C_PLUS_PLUS -DALT_NO_CLEAN_EXIT -D'exit(a)=_exit(a)' -DALT_NO_EXIT -DALT_USE_DIRECT_DRIVERS -DALT_NO_INSTRUCTION_EMULATION -DALT_USE_SMALL_DRIVERS -DSMALL_C_LIB -DALT_SINGLE_THREADED    -Os -g -Wall   -mno-hw-div -mno-hw-div -mhw-mul -mno-hw-mulx -mgpopt=global  -o "obj/default/imported_source/mailbox.o" "imported_source/mailbox.c"
imported_source/mailbox.c: In function 'MBX_CheckAndCopyMailbox':
imported_source/mailbox.c:760:17: warning: array subscript 'TMBX[0]' is partly outside array bounds of 'unsigned char[10]' [-Warray-bounds]
  760 |             pMbx->MbxHeader.Length     = 4;
      |                 ^~
In file included from imported_source/mailbox.c:138:
imported_source/../imported_source/ecat_def.h:776:51: note: object of size 10 allocated by 'malloc'
  776 | #define APPL_AllocMailboxBuffer(size)             malloc((size))
      |                                                   ^~~~~~~~~~~~~~
imported_source/mailbox.c:753:45: note: in expansion of macro 'APPL_AllocMailboxBuffer'
  753 |         TMBX MBXMEM *pMbx = (TMBX MBXMEM *) APPL_AllocMailboxBuffer(10); /* a mailbox error datagram length*/
      |                                             ^~~~~~~~~~~~~~~~~~~~~~~
imported_source/mailbox.c:762:17: warning: array subscript 'TMBX[0]' is partly outside array bounds of 'unsigned char[10]' [-Warray-bounds]
  762 |             pMbx->Data[0]                        = SWAPWORD(MBXSERVICE_MBXERRORCMD);
      |                 ^~
imported_source/../imported_source/ecat_def.h:776:51: note: object of size 10 allocated by 'malloc'
  776 | #define APPL_AllocMailboxBuffer(size)             malloc((size))
      |                                                   ^~~~~~~~~~~~~~
imported_source/mailbox.c:753:45: note: in expansion of macro 'APPL_AllocMailboxBuffer'
  753 |         TMBX MBXMEM *pMbx = (TMBX MBXMEM *) APPL_AllocMailboxBuffer(10); /* a mailbox error datagram length*/
      |                                             ^~~~~~~~~~~~~~~~~~~~~~~
imported_source/mailbox.c:763:17: warning: array subscript 'TMBX[0]' is partly outside array bounds of 'unsigned char[10]' [-Warray-bounds]
  763 |             pMbx->Data[1]                        = SWAPWORD(MBXERR_NOMOREMEMORY);
      |                 ^~
imported_source/../imported_source/ecat_def.h:776:51: note: object of size 10 allocated by 'malloc'
  776 | #define APPL_AllocMailboxBuffer(size)             malloc((size))
      |                                                   ^~~~~~~~~~~~~~
imported_source/mailbox.c:753:45: note: in expansion of macro 'APPL_AllocMailboxBuffer'
  753 |         TMBX MBXMEM *pMbx = (TMBX MBXMEM *) APPL_AllocMailboxBuffer(10); /* a mailbox error datagram length*/
      |                                             ^~~~~~~~~~~~~~~~~~~~~~~
Info: Compiling imported_source/objdef.c to obj/default/imported_source/objdef.o
nios2-elf-gcc.exe -xc -MP -MMD -c -Ic:/Users/guan-ming.dennis-won/Documents/Code/SPI_4_Wire_Serial_Intel_FPGA_IP/software/NIOS_Project_Small_bsp//HAL/inc -Ic:/Users/guan-ming.dennis-won/Documents/Code/SPI_4_Wire_Serial_Intel_FPGA_IP/software/NIOS_Project_Small_bsp/ -Ic:/Users/guan-ming.dennis-won/Documents/Code/SPI_4_Wire_Serial_Intel_FPGA_IP/software/NIOS_Project_Small_bsp//drivers/inc  -pipe -D__hal__ -DALT_NO_C_PLUS_PLUS -DALT_NO_CLEAN_EXIT -D'exit(a)=_exit(a)' -DALT_NO_EXIT -DALT_USE_DIRECT_DRIVERS -DALT_NO_INSTRUCTION_EMULATION -DALT_USE_SMALL_DRIVERS -DSMALL_C_LIB -DALT_SINGLE_THREADED    -Os -g -Wall   -mno-hw-div -mno-hw-div -mhw-mul -mno-hw-mulx -mgpopt=global  -o "obj/default/imported_source/objdef.o" "imported_source/objdef.c"
Info: Compiling imported_source/sdoserv.c to obj/default/imported_source/sdoserv.o
nios2-elf-gcc.exe -xc -MP -MMD -c -Ic:/Users/guan-ming.dennis-won/Documents/Code/SPI_4_Wire_Serial_Intel_FPGA_IP/software/NIOS_Project_Small_bsp//HAL/inc -Ic:/Users/guan-ming.dennis-won/Documents/Code/SPI_4_Wire_Serial_Intel_FPGA_IP/software/NIOS_Project_Small_bsp/ -Ic:/Users/guan-ming.dennis-won/Documents/Code/SPI_4_Wire_Serial_Intel_FPGA_IP/software/NIOS_Project_Small_bsp//drivers/inc  -pipe -D__hal__ -DALT_NO_C_PLUS_PLUS -DALT_NO_CLEAN_EXIT -D'exit(a)=_exit(a)' -DALT_NO_EXIT -DALT_USE_DIRECT_DRIVERS -DALT_NO_INSTRUCTION_EMULATION -DALT_USE_SMALL_DRIVERS -DSMALL_C_LIB -DALT_SINGLE_THREADED    -Os -g -Wall   -mno-hw-div -mno-hw-div -mhw-mul -mno-hw-mulx -mgpopt=global  -o "obj/default/imported_source/sdoserv.o" "imported_source/sdoserv.c"
Info: Compiling nios_it/nios_it.c to obj/default/nios_it/nios_it.o
nios2-elf-gcc.exe -xc -MP -MMD -c -Ic:/Users/guan-ming.dennis-won/Documents/Code/SPI_4_Wire_Serial_Intel_FPGA_IP/software/NIOS_Project_Small_bsp//HAL/inc -Ic:/Users/guan-ming.dennis-won/Documents/Code/SPI_4_Wire_Serial_Intel_FPGA_IP/software/NIOS_Project_Small_bsp/ -Ic:/Users/guan-ming.dennis-won/Documents/Code/SPI_4_Wire_Serial_Intel_FPGA_IP/software/NIOS_Project_Small_bsp//drivers/inc  -pipe -D__hal__ -DALT_NO_C_PLUS_PLUS -DALT_NO_CLEAN_EXIT -D'exit(a)=_exit(a)' -DALT_NO_EXIT -DALT_USE_DIRECT_DRIVERS -DALT_NO_INSTRUCTION_EMULATION -DALT_USE_SMALL_DRIVERS -DSMALL_C_LIB -DALT_SINGLE_THREADED    -Os -g -Wall   -mno-hw-div -mno-hw-div -mhw-mul -mno-hw-mulx -mgpopt=global  -o "obj/default/nios_it/nios_it.o" "nios_it/nios_it.c"
nios_it/nios_it.c: In function 'exti0_isr':
nios_it/nios_it.c:18:10: warning: implicit declaration of function 'PDI_Isr' [-Wimplicit-function-declaration]
   18 |          PDI_Isr();
      |          ^~~~~~~
nios_it/nios_it.c:21:10: warning: implicit declaration of function 'ECAT_CheckTimer' [-Wimplicit-function-declaration]
   21 |          ECAT_CheckTimer();
      |          ^~~~~~~~~~~~~~~
nios_it/nios_it.c:22:10: warning: implicit declaration of function 'appTimerRun' [-Wimplicit-function-declaration]
   22 |          appTimerRun();
      |          ^~~~~~~~~~~
Info: Compiling peripheral/peripheral_linker.c to obj/default/peripheral/peripheral_linker.o
nios2-elf-gcc.exe -xc -MP -MMD -c -Ic:/Users/guan-ming.dennis-won/Documents/Code/SPI_4_Wire_Serial_Intel_FPGA_IP/software/NIOS_Project_Small_bsp//HAL/inc -Ic:/Users/guan-ming.dennis-won/Documents/Code/SPI_4_Wire_Serial_Intel_FPGA_IP/software/NIOS_Project_Small_bsp/ -Ic:/Users/guan-ming.dennis-won/Documents/Code/SPI_4_Wire_Serial_Intel_FPGA_IP/software/NIOS_Project_Small_bsp//drivers/inc  -pipe -D__hal__ -DALT_NO_C_PLUS_PLUS -DALT_NO_CLEAN_EXIT -D'exit(a)=_exit(a)' -DALT_NO_EXIT -DALT_USE_DIRECT_DRIVERS -DALT_NO_INSTRUCTION_EMULATION -DALT_USE_SMALL_DRIVERS -DSMALL_C_LIB -DALT_SINGLE_THREADED    -Os -g -Wall   -mno-hw-div -mno-hw-div -mhw-mul -mno-hw-mulx -mgpopt=global  -o "obj/default/peripheral/peripheral_linker.o" "peripheral/peripheral_linker.c"
peripheral/peripheral_linker.c: In function 'delay_ms':
peripheral/peripheral_linker.c:8:5: warning: implicit declaration of function 'usleep' [-Wimplicit-function-declaration]
    8 |     usleep(milliseconds * 1000);  // Convert to microseconds
      |     ^~~~~~
peripheral/peripheral_linker.c: In function 'adc_init':
peripheral/peripheral_linker.c:16:13: warning: variable 'spi_check' set but not used [-Wunused-but-set-variable]
   16 |         int spi_check = -1;
      |             ^~~~~~~~~
peripheral/peripheral_linker.c: In function 'adc_init_spi_transmit_receive':
peripheral/peripheral_linker.c:160:13: warning: variable 'spi_check' set but not used [-Wunused-but-set-variable]
  160 |         int spi_check = -1;
      |             ^~~~~~~~~
peripheral/peripheral_linker.c: In function 'spi_transmit_receive':
peripheral/peripheral_linker.c:347:19: warning: implicit declaration of function 'printf' [-Wimplicit-function-declaration]
  347 |                   printf("error!");
      |                   ^~~~~~
peripheral/peripheral_linker.c:2:1: note: include '<stdio.h>' or provide a declaration of 'printf'
    1 | #include "peripheral_linker.h"  // Include the linker header file with peripheral definitions
  +++ |+#include <stdio.h>
    2 | #include "system.h"
peripheral/peripheral_linker.c:347:19: warning: incompatible implicit declaration of built-in function 'printf' [-Wbuiltin-declaration-mismatch]
  347 |                   printf("error!");
      |                   ^~~~~~
peripheral/peripheral_linker.c:347:19: note: include '<stdio.h>' or provide a declaration of 'printf'
Info: Linking NIOS_Project_Small.elf
nios2-elf-g++.exe  -T'c:/Users/guan-ming.dennis-won/Documents/Code/SPI_4_Wire_Serial_Intel_FPGA_IP/software/NIOS_Project_Small_bsp//linker.x' -msys-crt0='c:/Users/guan-ming.dennis-won/Documents/Code/SPI_4_Wire_Serial_Intel_FPGA_IP/software/NIOS_Project_Small_bsp//obj/HAL/src/crt0.o' -msys-lib=hal_bsp -Lc:/Users/guan-ming.dennis-won/Documents/Code/SPI_4_Wire_Serial_Intel_FPGA_IP/software/NIOS_Project_Small_bsp/  -msmallc  -Wl,-Map=NIOS_Project_Small.map   -Os -g -Wall   -mno-hw-div -mno-hw-div -mhw-mul -mno-hw-mulx -mgpopt=global  -o NIOS_Project_Small.elf obj/default/hello_world_small.o obj/default/imported_source/TENCL040_ESC.o obj/default/imported_source/ax58100_hw.o obj/default/imported_source/coeappl.o obj/default/imported_source/ecatappl.o obj/default/imported_source/ecatcoe.o obj/default/imported_source/ecatslv.o obj/default/imported_source/mailbox.o obj/default/imported_source/objdef.o obj/default/imported_source/sdoserv.o obj/default/nios_it/nios_it.o obj/default/peripheral/peripheral_linker.o -lm -msys-lib=m
nios2-elf-insert.exe NIOS_Project_Small.elf --thread_model hal --cpu_name NIOS --qsys true --simulation_enabled false --id 39011 --sidp 0x41060 --timestamp 1747198670 --stderr_dev DEBUG --stdin_dev DEBUG --stdout_dev DEBUG --sopc_system_name spi_platform_designer --quartus_project_dir "c:/Users/guan-ming.dennis-won/Documents/Code/SPI_4_Wire_Serial_Intel_FPGA_IP" --jdi ../..//output_files/spi.jdi --sopcinfo C:/Users/guan-ming.dennis-won/Documents/Code/SPI_4_Wire_Serial_Intel_FPGA_IP/spi_platform_designer.sopcinfo
Info: (NIOS_Project_Small.elf) 42 KBytes program size (code + initialized data).
Info:                          34 KBytes free for stack + heap.
Info: Creating NIOS_Project_Small.objdump
nios2-elf-objdump.exe --disassemble --syms --all-header --source NIOS_Project_Small.elf >NIOS_Project_Small.objdump
[NIOS_Project_Small build complete]
16:24:56 **** Incremental Build of configuration Nios II for project NIOS_Project_Small ****
wsl make all 
Info: Building /mnt/c/Users/guan-ming.dennis-won/Documents/Code/SPI_4_Wire_Serial_Intel_FPGA_IP/software/NIOS_Project_Small_bsp/
make --no-print-directory -C /mnt/c/Users/guan-ming.dennis-won/Documents/Code/SPI_4_Wire_Serial_Intel_FPGA_IP/software/NIOS_Project_Small_bsp/
[BSP build complete]
[NIOS_Project_Small build complete]
16:39:19 **** Clean-only build of configuration Nios II for project NIOS_Project_Small ****
wsl make clean 
[NIOS_Project_Small clean complete]
16:39:22 **** Build of configuration Nios II for project NIOS_Project_Small ****
wsl make all 
Info: Building /mnt/c/Users/guan-ming.dennis-won/Documents/Code/SPI_4_Wire_Serial_Intel_FPGA_IP/software/NIOS_Project_Small_bsp/
make --no-print-directory -C /mnt/c/Users/guan-ming.dennis-won/Documents/Code/SPI_4_Wire_Serial_Intel_FPGA_IP/software/NIOS_Project_Small_bsp/
[BSP build complete]
Info: Compiling hello_world_small.c to obj/default/hello_world_small.o
nios2-elf-gcc.exe -xc -MP -MMD -c -Ic:/Users/guan-ming.dennis-won/Documents/Code/SPI_4_Wire_Serial_Intel_FPGA_IP/software/NIOS_Project_Small_bsp//HAL/inc -Ic:/Users/guan-ming.dennis-won/Documents/Code/SPI_4_Wire_Serial_Intel_FPGA_IP/software/NIOS_Project_Small_bsp/ -Ic:/Users/guan-ming.dennis-won/Documents/Code/SPI_4_Wire_Serial_Intel_FPGA_IP/software/NIOS_Project_Small_bsp//drivers/inc  -pipe -D__hal__ -DALT_NO_C_PLUS_PLUS -DALT_NO_CLEAN_EXIT -D'exit(a)=_exit(a)' -DALT_NO_EXIT -DALT_USE_DIRECT_DRIVERS -DALT_NO_INSTRUCTION_EMULATION -DALT_USE_SMALL_DRIVERS -DSMALL_C_LIB -DALT_SINGLE_THREADED    -Os -g -Wall   -mno-hw-div -mno-hw-div -mhw-mul -mno-hw-mulx -mgpopt=global  -o "obj/default/hello_world_small.o" "hello_world_small.c"
hello_world_small.c: In function 'main':
hello_world_small.c:38:3: warning: implicit declaration of function 'main_initial' [-Wimplicit-function-declaration]
   38 |   main_initial();
      |   ^~~~~~~~~~~~
hello_world_small.c:28:27: warning: unused variable 'invert_me' [-Wunused-variable]
   28 |   static volatile uint8_t invert_me = 1;
      |                           ^~~~~~~~~
hello_world_small.c:27:11: warning: unused variable 'out' [-Wunused-variable]
   27 |   uint8_t out = 0;
      |           ^~~
Info: Compiling imported_source/TENCL040_ESC.c to obj/default/imported_source/TENCL040_ESC.o
nios2-elf-gcc.exe -xc -MP -MMD -c -Ic:/Users/guan-ming.dennis-won/Documents/Code/SPI_4_Wire_Serial_Intel_FPGA_IP/software/NIOS_Project_Small_bsp//HAL/inc -Ic:/Users/guan-ming.dennis-won/Documents/Code/SPI_4_Wire_Serial_Intel_FPGA_IP/software/NIOS_Project_Small_bsp/ -Ic:/Users/guan-ming.dennis-won/Documents/Code/SPI_4_Wire_Serial_Intel_FPGA_IP/software/NIOS_Project_Small_bsp//drivers/inc  -pipe -D__hal__ -DALT_NO_C_PLUS_PLUS -DALT_NO_CLEAN_EXIT -D'exit(a)=_exit(a)' -DALT_NO_EXIT -DALT_USE_DIRECT_DRIVERS -DALT_NO_INSTRUCTION_EMULATION -DALT_USE_SMALL_DRIVERS -DSMALL_C_LIB -DALT_SINGLE_THREADED    -Os -g -Wall   -mno-hw-div -mno-hw-div -mhw-mul -mno-hw-mulx -mgpopt=global  -o "obj/default/imported_source/TENCL040_ESC.o" "imported_source/TENCL040_ESC.c"
imported_source/TENCL040_ESC.c: In function 'APPL_GetDeviceID':
imported_source/TENCL040_ESC.c:441:6: warning: #warning "Implement explicit Device ID latching" [-Wcpp]
  441 |     #warning "Implement explicit Device ID latching"
      |      ^~~~~~~
Info: Compiling imported_source/ax58100_hw.c to obj/default/imported_source/ax58100_hw.o
nios2-elf-gcc.exe -xc -MP -MMD -c -Ic:/Users/guan-ming.dennis-won/Documents/Code/SPI_4_Wire_Serial_Intel_FPGA_IP/software/NIOS_Project_Small_bsp//HAL/inc -Ic:/Users/guan-ming.dennis-won/Documents/Code/SPI_4_Wire_Serial_Intel_FPGA_IP/software/NIOS_Project_Small_bsp/ -Ic:/Users/guan-ming.dennis-won/Documents/Code/SPI_4_Wire_Serial_Intel_FPGA_IP/software/NIOS_Project_Small_bsp//drivers/inc  -pipe -D__hal__ -DALT_NO_C_PLUS_PLUS -DALT_NO_CLEAN_EXIT -D'exit(a)=_exit(a)' -DALT_NO_EXIT -DALT_USE_DIRECT_DRIVERS -DALT_NO_INSTRUCTION_EMULATION -DALT_USE_SMALL_DRIVERS -DSMALL_C_LIB -DALT_SINGLE_THREADED    -Os -g -Wall   -mno-hw-div -mno-hw-div -mhw-mul -mno-hw-mulx -mgpopt=global  -o "obj/default/imported_source/ax58100_hw.o" "imported_source/ax58100_hw.c"
imported_source/ax58100_hw.c: In function 'HW_SPI_Read':
imported_source/ax58100_hw.c:169:25: warning: unused variable 'spi_check' [-Wunused-variable]
  169 |                 uint8_t spi_check =  spi_transmit_receive(ESC_SPI_BASE, 0,
      |                         ^~~~~~~~~
imported_source/ax58100_hw.c: In function 'HW_SPI_Write':
imported_source/ax58100_hw.c:259:25: warning: unused variable 'spi_check' [-Wunused-variable]
  259 |                 uint8_t spi_check =  spi_transmit_receive(ESC_SPI_BASE, 0,
      |                         ^~~~~~~~~
imported_source/ax58100_hw.c: In function 'HW_Init':
imported_source/ax58100_hw.c:333:9: warning: implicit declaration of function 'init_exti0_it' [-Wimplicit-function-declaration]
  333 |         init_exti0_it();
      |         ^~~~~~~~~~~~~
imported_source/ax58100_hw.c: At top level:
imported_source/ax58100_hw.c:61:16: warning: 'HW_SPI_TransmitReceive' defined but not used [-Wunused-function]
   61 | static int32_t HW_SPI_TransmitReceive(uint8_t* pTxData, uint8_t* pRxData,
      |                ^~~~~~~~~~~~~~~~~~~~~~
Info: Compiling imported_source/coeappl.c to obj/default/imported_source/coeappl.o
nios2-elf-gcc.exe -xc -MP -MMD -c -Ic:/Users/guan-ming.dennis-won/Documents/Code/SPI_4_Wire_Serial_Intel_FPGA_IP/software/NIOS_Project_Small_bsp//HAL/inc -Ic:/Users/guan-ming.dennis-won/Documents/Code/SPI_4_Wire_Serial_Intel_FPGA_IP/software/NIOS_Project_Small_bsp/ -Ic:/Users/guan-ming.dennis-won/Documents/Code/SPI_4_Wire_Serial_Intel_FPGA_IP/software/NIOS_Project_Small_bsp//drivers/inc  -pipe -D__hal__ -DALT_NO_C_PLUS_PLUS -DALT_NO_CLEAN_EXIT -D'exit(a)=_exit(a)' -DALT_NO_EXIT -DALT_USE_DIRECT_DRIVERS -DALT_NO_INSTRUCTION_EMULATION -DALT_USE_SMALL_DRIVERS -DSMALL_C_LIB -DALT_SINGLE_THREADED    -Os -g -Wall   -mno-hw-div -mno-hw-div -mhw-mul -mno-hw-mulx -mgpopt=global  -o "obj/default/imported_source/coeappl.o" "imported_source/coeappl.c"
imported_source/coeappl.c: In function 'COE_ObjDictionaryInit':
imported_source/coeappl.c:882:26: warning: the comparison will always evaluate as 'true' for the address of 'ApplicationObjDic' will never be NULL [-Waddress]
  882 |     if(ApplicationObjDic != NULL)
      |                          ^~
In file included from imported_source/../imported_source/TENCL040_ESC.h:41,
                 from imported_source/coeappl.c:132:
imported_source/../imported_source/TENCL040_ESCObjects.h:547:19: note: 'ApplicationObjDic' declared here
  547 | TOBJECT    OBJMEM ApplicationObjDic[] = {
      |                   ^~~~~~~~~~~~~~~~~
Info: Compiling imported_source/ecatappl.c to obj/default/imported_source/ecatappl.o
nios2-elf-gcc.exe -xc -MP -MMD -c -Ic:/Users/guan-ming.dennis-won/Documents/Code/SPI_4_Wire_Serial_Intel_FPGA_IP/software/NIOS_Project_Small_bsp//HAL/inc -Ic:/Users/guan-ming.dennis-won/Documents/Code/SPI_4_Wire_Serial_Intel_FPGA_IP/software/NIOS_Project_Small_bsp/ -Ic:/Users/guan-ming.dennis-won/Documents/Code/SPI_4_Wire_Serial_Intel_FPGA_IP/software/NIOS_Project_Small_bsp//drivers/inc  -pipe -D__hal__ -DALT_NO_C_PLUS_PLUS -DALT_NO_CLEAN_EXIT -D'exit(a)=_exit(a)' -DALT_NO_EXIT -DALT_USE_DIRECT_DRIVERS -DALT_NO_INSTRUCTION_EMULATION -DALT_USE_SMALL_DRIVERS -DSMALL_C_LIB -DALT_SINGLE_THREADED    -Os -g -Wall   -mno-hw-div -mno-hw-div -mhw-mul -mno-hw-mulx -mgpopt=global  -o "obj/default/imported_source/ecatappl.o" "imported_source/ecatappl.c"
Info: Compiling imported_source/ecatcoe.c to obj/default/imported_source/ecatcoe.o
nios2-elf-gcc.exe -xc -MP -MMD -c -Ic:/Users/guan-ming.dennis-won/Documents/Code/SPI_4_Wire_Serial_Intel_FPGA_IP/software/NIOS_Project_Small_bsp//HAL/inc -Ic:/Users/guan-ming.dennis-won/Documents/Code/SPI_4_Wire_Serial_Intel_FPGA_IP/software/NIOS_Project_Small_bsp/ -Ic:/Users/guan-ming.dennis-won/Documents/Code/SPI_4_Wire_Serial_Intel_FPGA_IP/software/NIOS_Project_Small_bsp//drivers/inc  -pipe -D__hal__ -DALT_NO_C_PLUS_PLUS -DALT_NO_CLEAN_EXIT -D'exit(a)=_exit(a)' -DALT_NO_EXIT -DALT_USE_DIRECT_DRIVERS -DALT_NO_INSTRUCTION_EMULATION -DALT_USE_SMALL_DRIVERS -DSMALL_C_LIB -DALT_SINGLE_THREADED    -Os -g -Wall   -mno-hw-div -mno-hw-div -mhw-mul -mno-hw-mulx -mgpopt=global  -o "obj/default/imported_source/ecatcoe.o" "imported_source/ecatcoe.c"
Info: Compiling imported_source/ecatslv.c to obj/default/imported_source/ecatslv.o
nios2-elf-gcc.exe -xc -MP -MMD -c -Ic:/Users/guan-ming.dennis-won/Documents/Code/SPI_4_Wire_Serial_Intel_FPGA_IP/software/NIOS_Project_Small_bsp//HAL/inc -Ic:/Users/guan-ming.dennis-won/Documents/Code/SPI_4_Wire_Serial_Intel_FPGA_IP/software/NIOS_Project_Small_bsp/ -Ic:/Users/guan-ming.dennis-won/Documents/Code/SPI_4_Wire_Serial_Intel_FPGA_IP/software/NIOS_Project_Small_bsp//drivers/inc  -pipe -D__hal__ -DALT_NO_C_PLUS_PLUS -DALT_NO_CLEAN_EXIT -D'exit(a)=_exit(a)' -DALT_NO_EXIT -DALT_USE_DIRECT_DRIVERS -DALT_NO_INSTRUCTION_EMULATION -DALT_USE_SMALL_DRIVERS -DSMALL_C_LIB -DALT_SINGLE_THREADED    -Os -g -Wall   -mno-hw-div -mno-hw-div -mhw-mul -mno-hw-mulx -mgpopt=global  -o "obj/default/imported_source/ecatslv.o" "imported_source/ecatslv.c"
Info: Compiling imported_source/mailbox.c to obj/default/imported_source/mailbox.o
nios2-elf-gcc.exe -xc -MP -MMD -c -Ic:/Users/guan-ming.dennis-won/Documents/Code/SPI_4_Wire_Serial_Intel_FPGA_IP/software/NIOS_Project_Small_bsp//HAL/inc -Ic:/Users/guan-ming.dennis-won/Documents/Code/SPI_4_Wire_Serial_Intel_FPGA_IP/software/NIOS_Project_Small_bsp/ -Ic:/Users/guan-ming.dennis-won/Documents/Code/SPI_4_Wire_Serial_Intel_FPGA_IP/software/NIOS_Project_Small_bsp//drivers/inc  -pipe -D__hal__ -DALT_NO_C_PLUS_PLUS -DALT_NO_CLEAN_EXIT -D'exit(a)=_exit(a)' -DALT_NO_EXIT -DALT_USE_DIRECT_DRIVERS -DALT_NO_INSTRUCTION_EMULATION -DALT_USE_SMALL_DRIVERS -DSMALL_C_LIB -DALT_SINGLE_THREADED    -Os -g -Wall   -mno-hw-div -mno-hw-div -mhw-mul -mno-hw-mulx -mgpopt=global  -o "obj/default/imported_source/mailbox.o" "imported_source/mailbox.c"
imported_source/mailbox.c: In function 'MBX_CheckAndCopyMailbox':
imported_source/mailbox.c:760:17: warning: array subscript 'TMBX[0]' is partly outside array bounds of 'unsigned char[10]' [-Warray-bounds]
  760 |             pMbx->MbxHeader.Length     = 4;
      |                 ^~
In file included from imported_source/mailbox.c:138:
imported_source/../imported_source/ecat_def.h:776:51: note: object of size 10 allocated by 'malloc'
  776 | #define APPL_AllocMailboxBuffer(size)             malloc((size))
      |                                                   ^~~~~~~~~~~~~~
imported_source/mailbox.c:753:45: note: in expansion of macro 'APPL_AllocMailboxBuffer'
  753 |         TMBX MBXMEM *pMbx = (TMBX MBXMEM *) APPL_AllocMailboxBuffer(10); /* a mailbox error datagram length*/
      |                                             ^~~~~~~~~~~~~~~~~~~~~~~
imported_source/mailbox.c:762:17: warning: array subscript 'TMBX[0]' is partly outside array bounds of 'unsigned char[10]' [-Warray-bounds]
  762 |             pMbx->Data[0]                        = SWAPWORD(MBXSERVICE_MBXERRORCMD);
      |                 ^~
imported_source/../imported_source/ecat_def.h:776:51: note: object of size 10 allocated by 'malloc'
  776 | #define APPL_AllocMailboxBuffer(size)             malloc((size))
      |                                                   ^~~~~~~~~~~~~~
imported_source/mailbox.c:753:45: note: in expansion of macro 'APPL_AllocMailboxBuffer'
  753 |         TMBX MBXMEM *pMbx = (TMBX MBXMEM *) APPL_AllocMailboxBuffer(10); /* a mailbox error datagram length*/
      |                                             ^~~~~~~~~~~~~~~~~~~~~~~
imported_source/mailbox.c:763:17: warning: array subscript 'TMBX[0]' is partly outside array bounds of 'unsigned char[10]' [-Warray-bounds]
  763 |             pMbx->Data[1]                        = SWAPWORD(MBXERR_NOMOREMEMORY);
      |                 ^~
imported_source/../imported_source/ecat_def.h:776:51: note: object of size 10 allocated by 'malloc'
  776 | #define APPL_AllocMailboxBuffer(size)             malloc((size))
      |                                                   ^~~~~~~~~~~~~~
imported_source/mailbox.c:753:45: note: in expansion of macro 'APPL_AllocMailboxBuffer'
  753 |         TMBX MBXMEM *pMbx = (TMBX MBXMEM *) APPL_AllocMailboxBuffer(10); /* a mailbox error datagram length*/
      |                                             ^~~~~~~~~~~~~~~~~~~~~~~
Info: Compiling imported_source/objdef.c to obj/default/imported_source/objdef.o
nios2-elf-gcc.exe -xc -MP -MMD -c -Ic:/Users/guan-ming.dennis-won/Documents/Code/SPI_4_Wire_Serial_Intel_FPGA_IP/software/NIOS_Project_Small_bsp//HAL/inc -Ic:/Users/guan-ming.dennis-won/Documents/Code/SPI_4_Wire_Serial_Intel_FPGA_IP/software/NIOS_Project_Small_bsp/ -Ic:/Users/guan-ming.dennis-won/Documents/Code/SPI_4_Wire_Serial_Intel_FPGA_IP/software/NIOS_Project_Small_bsp//drivers/inc  -pipe -D__hal__ -DALT_NO_C_PLUS_PLUS -DALT_NO_CLEAN_EXIT -D'exit(a)=_exit(a)' -DALT_NO_EXIT -DALT_USE_DIRECT_DRIVERS -DALT_NO_INSTRUCTION_EMULATION -DALT_USE_SMALL_DRIVERS -DSMALL_C_LIB -DALT_SINGLE_THREADED    -Os -g -Wall   -mno-hw-div -mno-hw-div -mhw-mul -mno-hw-mulx -mgpopt=global  -o "obj/default/imported_source/objdef.o" "imported_source/objdef.c"
Info: Compiling imported_source/sdoserv.c to obj/default/imported_source/sdoserv.o
nios2-elf-gcc.exe -xc -MP -MMD -c -Ic:/Users/guan-ming.dennis-won/Documents/Code/SPI_4_Wire_Serial_Intel_FPGA_IP/software/NIOS_Project_Small_bsp//HAL/inc -Ic:/Users/guan-ming.dennis-won/Documents/Code/SPI_4_Wire_Serial_Intel_FPGA_IP/software/NIOS_Project_Small_bsp/ -Ic:/Users/guan-ming.dennis-won/Documents/Code/SPI_4_Wire_Serial_Intel_FPGA_IP/software/NIOS_Project_Small_bsp//drivers/inc  -pipe -D__hal__ -DALT_NO_C_PLUS_PLUS -DALT_NO_CLEAN_EXIT -D'exit(a)=_exit(a)' -DALT_NO_EXIT -DALT_USE_DIRECT_DRIVERS -DALT_NO_INSTRUCTION_EMULATION -DALT_USE_SMALL_DRIVERS -DSMALL_C_LIB -DALT_SINGLE_THREADED    -Os -g -Wall   -mno-hw-div -mno-hw-div -mhw-mul -mno-hw-mulx -mgpopt=global  -o "obj/default/imported_source/sdoserv.o" "imported_source/sdoserv.c"
Info: Compiling nios_it/nios_it.c to obj/default/nios_it/nios_it.o
nios2-elf-gcc.exe -xc -MP -MMD -c -Ic:/Users/guan-ming.dennis-won/Documents/Code/SPI_4_Wire_Serial_Intel_FPGA_IP/software/NIOS_Project_Small_bsp//HAL/inc -Ic:/Users/guan-ming.dennis-won/Documents/Code/SPI_4_Wire_Serial_Intel_FPGA_IP/software/NIOS_Project_Small_bsp/ -Ic:/Users/guan-ming.dennis-won/Documents/Code/SPI_4_Wire_Serial_Intel_FPGA_IP/software/NIOS_Project_Small_bsp//drivers/inc  -pipe -D__hal__ -DALT_NO_C_PLUS_PLUS -DALT_NO_CLEAN_EXIT -D'exit(a)=_exit(a)' -DALT_NO_EXIT -DALT_USE_DIRECT_DRIVERS -DALT_NO_INSTRUCTION_EMULATION -DALT_USE_SMALL_DRIVERS -DSMALL_C_LIB -DALT_SINGLE_THREADED    -Os -g -Wall   -mno-hw-div -mno-hw-div -mhw-mul -mno-hw-mulx -mgpopt=global  -o "obj/default/nios_it/nios_it.o" "nios_it/nios_it.c"
nios_it/nios_it.c: In function 'exti0_isr':
nios_it/nios_it.c:18:10: warning: implicit declaration of function 'PDI_Isr' [-Wimplicit-function-declaration]
   18 |          PDI_Isr();
      |          ^~~~~~~
nios_it/nios_it.c:21:10: warning: implicit declaration of function 'ECAT_CheckTimer' [-Wimplicit-function-declaration]
   21 |          ECAT_CheckTimer();
      |          ^~~~~~~~~~~~~~~
nios_it/nios_it.c:22:10: warning: implicit declaration of function 'appTimerRun' [-Wimplicit-function-declaration]
   22 |          appTimerRun();
      |          ^~~~~~~~~~~
Info: Compiling peripheral/peripheral_linker.c to obj/default/peripheral/peripheral_linker.o
nios2-elf-gcc.exe -xc -MP -MMD -c -Ic:/Users/guan-ming.dennis-won/Documents/Code/SPI_4_Wire_Serial_Intel_FPGA_IP/software/NIOS_Project_Small_bsp//HAL/inc -Ic:/Users/guan-ming.dennis-won/Documents/Code/SPI_4_Wire_Serial_Intel_FPGA_IP/software/NIOS_Project_Small_bsp/ -Ic:/Users/guan-ming.dennis-won/Documents/Code/SPI_4_Wire_Serial_Intel_FPGA_IP/software/NIOS_Project_Small_bsp//drivers/inc  -pipe -D__hal__ -DALT_NO_C_PLUS_PLUS -DALT_NO_CLEAN_EXIT -D'exit(a)=_exit(a)' -DALT_NO_EXIT -DALT_USE_DIRECT_DRIVERS -DALT_NO_INSTRUCTION_EMULATION -DALT_USE_SMALL_DRIVERS -DSMALL_C_LIB -DALT_SINGLE_THREADED    -Os -g -Wall   -mno-hw-div -mno-hw-div -mhw-mul -mno-hw-mulx -mgpopt=global  -o "obj/default/peripheral/peripheral_linker.o" "peripheral/peripheral_linker.c"
peripheral/peripheral_linker.c: In function 'delay_ms':
peripheral/peripheral_linker.c:8:5: warning: implicit declaration of function 'usleep' [-Wimplicit-function-declaration]
    8 |     usleep(milliseconds * 1000);  // Convert to microseconds
      |     ^~~~~~
peripheral/peripheral_linker.c: In function 'adc_init':
peripheral/peripheral_linker.c:16:13: warning: variable 'spi_check' set but not used [-Wunused-but-set-variable]
   16 |         int spi_check = -1;
      |             ^~~~~~~~~
peripheral/peripheral_linker.c: In function 'adc_init_spi_transmit_receive':
peripheral/peripheral_linker.c:160:13: warning: variable 'spi_check' set but not used [-Wunused-but-set-variable]
  160 |         int spi_check = -1;
      |             ^~~~~~~~~
peripheral/peripheral_linker.c: In function 'spi_transmit_receive':
peripheral/peripheral_linker.c:347:19: warning: implicit declaration of function 'printf' [-Wimplicit-function-declaration]
  347 |                   printf("error!");
      |                   ^~~~~~
peripheral/peripheral_linker.c:2:1: note: include '<stdio.h>' or provide a declaration of 'printf'
    1 | #include "peripheral_linker.h"  // Include the linker header file with peripheral definitions
  +++ |+#include <stdio.h>
    2 | #include "system.h"
peripheral/peripheral_linker.c:347:19: warning: incompatible implicit declaration of built-in function 'printf' [-Wbuiltin-declaration-mismatch]
  347 |                   printf("error!");
      |                   ^~~~~~
peripheral/peripheral_linker.c:347:19: note: include '<stdio.h>' or provide a declaration of 'printf'
Info: Linking NIOS_Project_Small.elf
nios2-elf-g++.exe  -T'c:/Users/guan-ming.dennis-won/Documents/Code/SPI_4_Wire_Serial_Intel_FPGA_IP/software/NIOS_Project_Small_bsp//linker.x' -msys-crt0='c:/Users/guan-ming.dennis-won/Documents/Code/SPI_4_Wire_Serial_Intel_FPGA_IP/software/NIOS_Project_Small_bsp//obj/HAL/src/crt0.o' -msys-lib=hal_bsp -Lc:/Users/guan-ming.dennis-won/Documents/Code/SPI_4_Wire_Serial_Intel_FPGA_IP/software/NIOS_Project_Small_bsp/  -msmallc  -Wl,-Map=NIOS_Project_Small.map   -Os -g -Wall   -mno-hw-div -mno-hw-div -mhw-mul -mno-hw-mulx -mgpopt=global  -o NIOS_Project_Small.elf obj/default/hello_world_small.o obj/default/imported_source/TENCL040_ESC.o obj/default/imported_source/ax58100_hw.o obj/default/imported_source/coeappl.o obj/default/imported_source/ecatappl.o obj/default/imported_source/ecatcoe.o obj/default/imported_source/ecatslv.o obj/default/imported_source/mailbox.o obj/default/imported_source/objdef.o obj/default/imported_source/sdoserv.o obj/default/nios_it/nios_it.o obj/default/peripheral/peripheral_linker.o -lm -msys-lib=m
nios2-elf-insert.exe NIOS_Project_Small.elf --thread_model hal --cpu_name NIOS --qsys true --simulation_enabled false --id 39011 --sidp 0x41060 --timestamp 1747198670 --stderr_dev DEBUG --stdin_dev DEBUG --stdout_dev DEBUG --sopc_system_name spi_platform_designer --quartus_project_dir "c:/Users/guan-ming.dennis-won/Documents/Code/SPI_4_Wire_Serial_Intel_FPGA_IP" --jdi ../..//output_files/spi.jdi --sopcinfo C:/Users/guan-ming.dennis-won/Documents/Code/SPI_4_Wire_Serial_Intel_FPGA_IP/spi_platform_designer.sopcinfo
Info: (NIOS_Project_Small.elf) 35 KBytes program size (code + initialized data).
Info:                          43 KBytes free for stack + heap.
Info: Creating NIOS_Project_Small.objdump
nios2-elf-objdump.exe --disassemble --syms --all-header --source NIOS_Project_Small.elf >NIOS_Project_Small.objdump
[NIOS_Project_Small build complete]
09:28:04 **** Clean-only build of configuration Nios II for project NIOS_Project_Small ****
wsl make clean 
[NIOS_Project_Small clean complete]
09:28:11 **** Build of configuration Nios II for project NIOS_Project_Small ****
wsl make all 
Info: Building /mnt/c/Users/guan-ming.dennis-won/Documents/Code/SPI_4_Wire_Serial_Intel_FPGA_IP/software/NIOS_Project_Small_bsp/
make --no-print-directory -C /mnt/c/Users/guan-ming.dennis-won/Documents/Code/SPI_4_Wire_Serial_Intel_FPGA_IP/software/NIOS_Project_Small_bsp/
[BSP build complete]
Info: Compiling hello_world_small.c to obj/default/hello_world_small.o
nios2-elf-gcc.exe -xc -MP -MMD -c -Ic:/Users/guan-ming.dennis-won/Documents/Code/SPI_4_Wire_Serial_Intel_FPGA_IP/software/NIOS_Project_Small_bsp//HAL/inc -Ic:/Users/guan-ming.dennis-won/Documents/Code/SPI_4_Wire_Serial_Intel_FPGA_IP/software/NIOS_Project_Small_bsp/ -Ic:/Users/guan-ming.dennis-won/Documents/Code/SPI_4_Wire_Serial_Intel_FPGA_IP/software/NIOS_Project_Small_bsp//drivers/inc  -pipe -D__hal__ -DALT_NO_C_PLUS_PLUS -DALT_NO_CLEAN_EXIT -D'exit(a)=_exit(a)' -DALT_NO_EXIT -DALT_USE_DIRECT_DRIVERS -DALT_NO_INSTRUCTION_EMULATION -DALT_USE_SMALL_DRIVERS -DSMALL_C_LIB -DALT_SINGLE_THREADED    -Os -g -Wall   -mno-hw-div -mno-hw-div -mhw-mul -mno-hw-mulx -mgpopt=global  -o "obj/default/hello_world_small.o" "hello_world_small.c"
hello_world_small.c: In function 'main':
hello_world_small.c:38:3: warning: implicit declaration of function 'main_initial' [-Wimplicit-function-declaration]
   38 |   main_initial();
      |   ^~~~~~~~~~~~
hello_world_small.c:28:27: warning: unused variable 'invert_me' [-Wunused-variable]
   28 |   static volatile uint8_t invert_me = 1;
      |                           ^~~~~~~~~
hello_world_small.c:27:11: warning: unused variable 'out' [-Wunused-variable]
   27 |   uint8_t out = 0;
      |           ^~~
Info: Compiling imported_source/TENCL040_ESC.c to obj/default/imported_source/TENCL040_ESC.o
nios2-elf-gcc.exe -xc -MP -MMD -c -Ic:/Users/guan-ming.dennis-won/Documents/Code/SPI_4_Wire_Serial_Intel_FPGA_IP/software/NIOS_Project_Small_bsp//HAL/inc -Ic:/Users/guan-ming.dennis-won/Documents/Code/SPI_4_Wire_Serial_Intel_FPGA_IP/software/NIOS_Project_Small_bsp/ -Ic:/Users/guan-ming.dennis-won/Documents/Code/SPI_4_Wire_Serial_Intel_FPGA_IP/software/NIOS_Project_Small_bsp//drivers/inc  -pipe -D__hal__ -DALT_NO_C_PLUS_PLUS -DALT_NO_CLEAN_EXIT -D'exit(a)=_exit(a)' -DALT_NO_EXIT -DALT_USE_DIRECT_DRIVERS -DALT_NO_INSTRUCTION_EMULATION -DALT_USE_SMALL_DRIVERS -DSMALL_C_LIB -DALT_SINGLE_THREADED    -Os -g -Wall   -mno-hw-div -mno-hw-div -mhw-mul -mno-hw-mulx -mgpopt=global  -o "obj/default/imported_source/TENCL040_ESC.o" "imported_source/TENCL040_ESC.c"
imported_source/TENCL040_ESC.c: In function 'APPL_GetDeviceID':
imported_source/TENCL040_ESC.c:441:6: warning: #warning "Implement explicit Device ID latching" [-Wcpp]
  441 |     #warning "Implement explicit Device ID latching"
      |      ^~~~~~~
Info: Compiling imported_source/ax58100_hw.c to obj/default/imported_source/ax58100_hw.o
nios2-elf-gcc.exe -xc -MP -MMD -c -Ic:/Users/guan-ming.dennis-won/Documents/Code/SPI_4_Wire_Serial_Intel_FPGA_IP/software/NIOS_Project_Small_bsp//HAL/inc -Ic:/Users/guan-ming.dennis-won/Documents/Code/SPI_4_Wire_Serial_Intel_FPGA_IP/software/NIOS_Project_Small_bsp/ -Ic:/Users/guan-ming.dennis-won/Documents/Code/SPI_4_Wire_Serial_Intel_FPGA_IP/software/NIOS_Project_Small_bsp//drivers/inc  -pipe -D__hal__ -DALT_NO_C_PLUS_PLUS -DALT_NO_CLEAN_EXIT -D'exit(a)=_exit(a)' -DALT_NO_EXIT -DALT_USE_DIRECT_DRIVERS -DALT_NO_INSTRUCTION_EMULATION -DALT_USE_SMALL_DRIVERS -DSMALL_C_LIB -DALT_SINGLE_THREADED    -Os -g -Wall   -mno-hw-div -mno-hw-div -mhw-mul -mno-hw-mulx -mgpopt=global  -o "obj/default/imported_source/ax58100_hw.o" "imported_source/ax58100_hw.c"
imported_source/ax58100_hw.c: In function 'HW_SPI_Read':
imported_source/ax58100_hw.c:169:25: warning: unused variable 'spi_check' [-Wunused-variable]
  169 |                 uint8_t spi_check =  spi_transmit_receive(ESC_SPI_BASE, 0,
      |                         ^~~~~~~~~
imported_source/ax58100_hw.c: In function 'HW_SPI_Write':
imported_source/ax58100_hw.c:259:25: warning: unused variable 'spi_check' [-Wunused-variable]
  259 |                 uint8_t spi_check =  spi_transmit_receive(ESC_SPI_BASE, 0,
      |                         ^~~~~~~~~
imported_source/ax58100_hw.c: In function 'HW_Init':
imported_source/ax58100_hw.c:333:9: warning: implicit declaration of function 'init_exti0_it' [-Wimplicit-function-declaration]
  333 |         init_exti0_it();
      |         ^~~~~~~~~~~~~
imported_source/ax58100_hw.c: At top level:
imported_source/ax58100_hw.c:61:16: warning: 'HW_SPI_TransmitReceive' defined but not used [-Wunused-function]
   61 | static int32_t HW_SPI_TransmitReceive(uint8_t* pTxData, uint8_t* pRxData,
      |                ^~~~~~~~~~~~~~~~~~~~~~
Info: Compiling imported_source/coeappl.c to obj/default/imported_source/coeappl.o
nios2-elf-gcc.exe -xc -MP -MMD -c -Ic:/Users/guan-ming.dennis-won/Documents/Code/SPI_4_Wire_Serial_Intel_FPGA_IP/software/NIOS_Project_Small_bsp//HAL/inc -Ic:/Users/guan-ming.dennis-won/Documents/Code/SPI_4_Wire_Serial_Intel_FPGA_IP/software/NIOS_Project_Small_bsp/ -Ic:/Users/guan-ming.dennis-won/Documents/Code/SPI_4_Wire_Serial_Intel_FPGA_IP/software/NIOS_Project_Small_bsp//drivers/inc  -pipe -D__hal__ -DALT_NO_C_PLUS_PLUS -DALT_NO_CLEAN_EXIT -D'exit(a)=_exit(a)' -DALT_NO_EXIT -DALT_USE_DIRECT_DRIVERS -DALT_NO_INSTRUCTION_EMULATION -DALT_USE_SMALL_DRIVERS -DSMALL_C_LIB -DALT_SINGLE_THREADED    -Os -g -Wall   -mno-hw-div -mno-hw-div -mhw-mul -mno-hw-mulx -mgpopt=global  -o "obj/default/imported_source/coeappl.o" "imported_source/coeappl.c"
imported_source/coeappl.c: In function 'COE_ObjDictionaryInit':
imported_source/coeappl.c:882:26: warning: the comparison will always evaluate as 'true' for the address of 'ApplicationObjDic' will never be NULL [-Waddress]
  882 |     if(ApplicationObjDic != NULL)
      |                          ^~
In file included from imported_source/../imported_source/TENCL040_ESC.h:41,
                 from imported_source/coeappl.c:132:
imported_source/../imported_source/TENCL040_ESCObjects.h:547:19: note: 'ApplicationObjDic' declared here
  547 | TOBJECT    OBJMEM ApplicationObjDic[] = {
      |                   ^~~~~~~~~~~~~~~~~
Info: Compiling imported_source/ecatappl.c to obj/default/imported_source/ecatappl.o
nios2-elf-gcc.exe -xc -MP -MMD -c -Ic:/Users/guan-ming.dennis-won/Documents/Code/SPI_4_Wire_Serial_Intel_FPGA_IP/software/NIOS_Project_Small_bsp//HAL/inc -Ic:/Users/guan-ming.dennis-won/Documents/Code/SPI_4_Wire_Serial_Intel_FPGA_IP/software/NIOS_Project_Small_bsp/ -Ic:/Users/guan-ming.dennis-won/Documents/Code/SPI_4_Wire_Serial_Intel_FPGA_IP/software/NIOS_Project_Small_bsp//drivers/inc  -pipe -D__hal__ -DALT_NO_C_PLUS_PLUS -DALT_NO_CLEAN_EXIT -D'exit(a)=_exit(a)' -DALT_NO_EXIT -DALT_USE_DIRECT_DRIVERS -DALT_NO_INSTRUCTION_EMULATION -DALT_USE_SMALL_DRIVERS -DSMALL_C_LIB -DALT_SINGLE_THREADED    -Os -g -Wall   -mno-hw-div -mno-hw-div -mhw-mul -mno-hw-mulx -mgpopt=global  -o "obj/default/imported_source/ecatappl.o" "imported_source/ecatappl.c"
Info: Compiling imported_source/ecatcoe.c to obj/default/imported_source/ecatcoe.o
nios2-elf-gcc.exe -xc -MP -MMD -c -Ic:/Users/guan-ming.dennis-won/Documents/Code/SPI_4_Wire_Serial_Intel_FPGA_IP/software/NIOS_Project_Small_bsp//HAL/inc -Ic:/Users/guan-ming.dennis-won/Documents/Code/SPI_4_Wire_Serial_Intel_FPGA_IP/software/NIOS_Project_Small_bsp/ -Ic:/Users/guan-ming.dennis-won/Documents/Code/SPI_4_Wire_Serial_Intel_FPGA_IP/software/NIOS_Project_Small_bsp//drivers/inc  -pipe -D__hal__ -DALT_NO_C_PLUS_PLUS -DALT_NO_CLEAN_EXIT -D'exit(a)=_exit(a)' -DALT_NO_EXIT -DALT_USE_DIRECT_DRIVERS -DALT_NO_INSTRUCTION_EMULATION -DALT_USE_SMALL_DRIVERS -DSMALL_C_LIB -DALT_SINGLE_THREADED    -Os -g -Wall   -mno-hw-div -mno-hw-div -mhw-mul -mno-hw-mulx -mgpopt=global  -o "obj/default/imported_source/ecatcoe.o" "imported_source/ecatcoe.c"
Info: Compiling imported_source/ecatslv.c to obj/default/imported_source/ecatslv.o
nios2-elf-gcc.exe -xc -MP -MMD -c -Ic:/Users/guan-ming.dennis-won/Documents/Code/SPI_4_Wire_Serial_Intel_FPGA_IP/software/NIOS_Project_Small_bsp//HAL/inc -Ic:/Users/guan-ming.dennis-won/Documents/Code/SPI_4_Wire_Serial_Intel_FPGA_IP/software/NIOS_Project_Small_bsp/ -Ic:/Users/guan-ming.dennis-won/Documents/Code/SPI_4_Wire_Serial_Intel_FPGA_IP/software/NIOS_Project_Small_bsp//drivers/inc  -pipe -D__hal__ -DALT_NO_C_PLUS_PLUS -DALT_NO_CLEAN_EXIT -D'exit(a)=_exit(a)' -DALT_NO_EXIT -DALT_USE_DIRECT_DRIVERS -DALT_NO_INSTRUCTION_EMULATION -DALT_USE_SMALL_DRIVERS -DSMALL_C_LIB -DALT_SINGLE_THREADED    -Os -g -Wall   -mno-hw-div -mno-hw-div -mhw-mul -mno-hw-mulx -mgpopt=global  -o "obj/default/imported_source/ecatslv.o" "imported_source/ecatslv.c"
Info: Compiling imported_source/mailbox.c to obj/default/imported_source/mailbox.o
nios2-elf-gcc.exe -xc -MP -MMD -c -Ic:/Users/guan-ming.dennis-won/Documents/Code/SPI_4_Wire_Serial_Intel_FPGA_IP/software/NIOS_Project_Small_bsp//HAL/inc -Ic:/Users/guan-ming.dennis-won/Documents/Code/SPI_4_Wire_Serial_Intel_FPGA_IP/software/NIOS_Project_Small_bsp/ -Ic:/Users/guan-ming.dennis-won/Documents/Code/SPI_4_Wire_Serial_Intel_FPGA_IP/software/NIOS_Project_Small_bsp//drivers/inc  -pipe -D__hal__ -DALT_NO_C_PLUS_PLUS -DALT_NO_CLEAN_EXIT -D'exit(a)=_exit(a)' -DALT_NO_EXIT -DALT_USE_DIRECT_DRIVERS -DALT_NO_INSTRUCTION_EMULATION -DALT_USE_SMALL_DRIVERS -DSMALL_C_LIB -DALT_SINGLE_THREADED    -Os -g -Wall   -mno-hw-div -mno-hw-div -mhw-mul -mno-hw-mulx -mgpopt=global  -o "obj/default/imported_source/mailbox.o" "imported_source/mailbox.c"
imported_source/mailbox.c: In function 'MBX_CheckAndCopyMailbox':
imported_source/mailbox.c:760:17: warning: array subscript 'TMBX[0]' is partly outside array bounds of 'unsigned char[10]' [-Warray-bounds]
  760 |             pMbx->MbxHeader.Length     = 4;
      |                 ^~
In file included from imported_source/mailbox.c:138:
imported_source/../imported_source/ecat_def.h:776:51: note: object of size 10 allocated by 'malloc'
  776 | #define APPL_AllocMailboxBuffer(size)             malloc((size))
      |                                                   ^~~~~~~~~~~~~~
imported_source/mailbox.c:753:45: note: in expansion of macro 'APPL_AllocMailboxBuffer'
  753 |         TMBX MBXMEM *pMbx = (TMBX MBXMEM *) APPL_AllocMailboxBuffer(10); /* a mailbox error datagram length*/
      |                                             ^~~~~~~~~~~~~~~~~~~~~~~
imported_source/mailbox.c:762:17: warning: array subscript 'TMBX[0]' is partly outside array bounds of 'unsigned char[10]' [-Warray-bounds]
  762 |             pMbx->Data[0]                        = SWAPWORD(MBXSERVICE_MBXERRORCMD);
      |                 ^~
imported_source/../imported_source/ecat_def.h:776:51: note: object of size 10 allocated by 'malloc'
  776 | #define APPL_AllocMailboxBuffer(size)             malloc((size))
      |                                                   ^~~~~~~~~~~~~~
imported_source/mailbox.c:753:45: note: in expansion of macro 'APPL_AllocMailboxBuffer'
  753 |         TMBX MBXMEM *pMbx = (TMBX MBXMEM *) APPL_AllocMailboxBuffer(10); /* a mailbox error datagram length*/
      |                                             ^~~~~~~~~~~~~~~~~~~~~~~
imported_source/mailbox.c:763:17: warning: array subscript 'TMBX[0]' is partly outside array bounds of 'unsigned char[10]' [-Warray-bounds]
  763 |             pMbx->Data[1]                        = SWAPWORD(MBXERR_NOMOREMEMORY);
      |                 ^~
imported_source/../imported_source/ecat_def.h:776:51: note: object of size 10 allocated by 'malloc'
  776 | #define APPL_AllocMailboxBuffer(size)             malloc((size))
      |                                                   ^~~~~~~~~~~~~~
imported_source/mailbox.c:753:45: note: in expansion of macro 'APPL_AllocMailboxBuffer'
  753 |         TMBX MBXMEM *pMbx = (TMBX MBXMEM *) APPL_AllocMailboxBuffer(10); /* a mailbox error datagram length*/
      |                                             ^~~~~~~~~~~~~~~~~~~~~~~
Info: Compiling imported_source/objdef.c to obj/default/imported_source/objdef.o
nios2-elf-gcc.exe -xc -MP -MMD -c -Ic:/Users/guan-ming.dennis-won/Documents/Code/SPI_4_Wire_Serial_Intel_FPGA_IP/software/NIOS_Project_Small_bsp//HAL/inc -Ic:/Users/guan-ming.dennis-won/Documents/Code/SPI_4_Wire_Serial_Intel_FPGA_IP/software/NIOS_Project_Small_bsp/ -Ic:/Users/guan-ming.dennis-won/Documents/Code/SPI_4_Wire_Serial_Intel_FPGA_IP/software/NIOS_Project_Small_bsp//drivers/inc  -pipe -D__hal__ -DALT_NO_C_PLUS_PLUS -DALT_NO_CLEAN_EXIT -D'exit(a)=_exit(a)' -DALT_NO_EXIT -DALT_USE_DIRECT_DRIVERS -DALT_NO_INSTRUCTION_EMULATION -DALT_USE_SMALL_DRIVERS -DSMALL_C_LIB -DALT_SINGLE_THREADED    -Os -g -Wall   -mno-hw-div -mno-hw-div -mhw-mul -mno-hw-mulx -mgpopt=global  -o "obj/default/imported_source/objdef.o" "imported_source/objdef.c"
Info: Compiling imported_source/sdoserv.c to obj/default/imported_source/sdoserv.o
nios2-elf-gcc.exe -xc -MP -MMD -c -Ic:/Users/guan-ming.dennis-won/Documents/Code/SPI_4_Wire_Serial_Intel_FPGA_IP/software/NIOS_Project_Small_bsp//HAL/inc -Ic:/Users/guan-ming.dennis-won/Documents/Code/SPI_4_Wire_Serial_Intel_FPGA_IP/software/NIOS_Project_Small_bsp/ -Ic:/Users/guan-ming.dennis-won/Documents/Code/SPI_4_Wire_Serial_Intel_FPGA_IP/software/NIOS_Project_Small_bsp//drivers/inc  -pipe -D__hal__ -DALT_NO_C_PLUS_PLUS -DALT_NO_CLEAN_EXIT -D'exit(a)=_exit(a)' -DALT_NO_EXIT -DALT_USE_DIRECT_DRIVERS -DALT_NO_INSTRUCTION_EMULATION -DALT_USE_SMALL_DRIVERS -DSMALL_C_LIB -DALT_SINGLE_THREADED    -Os -g -Wall   -mno-hw-div -mno-hw-div -mhw-mul -mno-hw-mulx -mgpopt=global  -o "obj/default/imported_source/sdoserv.o" "imported_source/sdoserv.c"
Info: Compiling nios_it/nios_it.c to obj/default/nios_it/nios_it.o
nios2-elf-gcc.exe -xc -MP -MMD -c -Ic:/Users/guan-ming.dennis-won/Documents/Code/SPI_4_Wire_Serial_Intel_FPGA_IP/software/NIOS_Project_Small_bsp//HAL/inc -Ic:/Users/guan-ming.dennis-won/Documents/Code/SPI_4_Wire_Serial_Intel_FPGA_IP/software/NIOS_Project_Small_bsp/ -Ic:/Users/guan-ming.dennis-won/Documents/Code/SPI_4_Wire_Serial_Intel_FPGA_IP/software/NIOS_Project_Small_bsp//drivers/inc  -pipe -D__hal__ -DALT_NO_C_PLUS_PLUS -DALT_NO_CLEAN_EXIT -D'exit(a)=_exit(a)' -DALT_NO_EXIT -DALT_USE_DIRECT_DRIVERS -DALT_NO_INSTRUCTION_EMULATION -DALT_USE_SMALL_DRIVERS -DSMALL_C_LIB -DALT_SINGLE_THREADED    -Os -g -Wall   -mno-hw-div -mno-hw-div -mhw-mul -mno-hw-mulx -mgpopt=global  -o "obj/default/nios_it/nios_it.o" "nios_it/nios_it.c"
nios_it/nios_it.c: In function 'exti0_isr':
nios_it/nios_it.c:18:10: warning: implicit declaration of function 'PDI_Isr' [-Wimplicit-function-declaration]
   18 |          PDI_Isr();
      |          ^~~~~~~
nios_it/nios_it.c:21:10: warning: implicit declaration of function 'ECAT_CheckTimer' [-Wimplicit-function-declaration]
   21 |          ECAT_CheckTimer();
      |          ^~~~~~~~~~~~~~~
nios_it/nios_it.c:22:10: warning: implicit declaration of function 'appTimerRun' [-Wimplicit-function-declaration]
   22 |          appTimerRun();
      |          ^~~~~~~~~~~
Info: Compiling peripheral/peripheral_linker.c to obj/default/peripheral/peripheral_linker.o
nios2-elf-gcc.exe -xc -MP -MMD -c -Ic:/Users/guan-ming.dennis-won/Documents/Code/SPI_4_Wire_Serial_Intel_FPGA_IP/software/NIOS_Project_Small_bsp//HAL/inc -Ic:/Users/guan-ming.dennis-won/Documents/Code/SPI_4_Wire_Serial_Intel_FPGA_IP/software/NIOS_Project_Small_bsp/ -Ic:/Users/guan-ming.dennis-won/Documents/Code/SPI_4_Wire_Serial_Intel_FPGA_IP/software/NIOS_Project_Small_bsp//drivers/inc  -pipe -D__hal__ -DALT_NO_C_PLUS_PLUS -DALT_NO_CLEAN_EXIT -D'exit(a)=_exit(a)' -DALT_NO_EXIT -DALT_USE_DIRECT_DRIVERS -DALT_NO_INSTRUCTION_EMULATION -DALT_USE_SMALL_DRIVERS -DSMALL_C_LIB -DALT_SINGLE_THREADED    -Os -g -Wall   -mno-hw-div -mno-hw-div -mhw-mul -mno-hw-mulx -mgpopt=global  -o "obj/default/peripheral/peripheral_linker.o" "peripheral/peripheral_linker.c"
peripheral/peripheral_linker.c: In function 'delay_ms':
peripheral/peripheral_linker.c:8:5: warning: implicit declaration of function 'usleep' [-Wimplicit-function-declaration]
    8 |     usleep(milliseconds * 1000);  // Convert to microseconds
      |     ^~~~~~
peripheral/peripheral_linker.c: In function 'adc_init':
peripheral/peripheral_linker.c:16:13: warning: variable 'spi_check' set but not used [-Wunused-but-set-variable]
   16 |         int spi_check = -1;
      |             ^~~~~~~~~
peripheral/peripheral_linker.c: In function 'adc_init_spi_transmit_receive':
peripheral/peripheral_linker.c:160:13: warning: variable 'spi_check' set but not used [-Wunused-but-set-variable]
  160 |         int spi_check = -1;
      |             ^~~~~~~~~
peripheral/peripheral_linker.c: In function 'spi_transmit_receive':
peripheral/peripheral_linker.c:347:19: warning: implicit declaration of function 'printf' [-Wimplicit-function-declaration]
  347 |                   printf("error!");
      |                   ^~~~~~
peripheral/peripheral_linker.c:2:1: note: include '<stdio.h>' or provide a declaration of 'printf'
    1 | #include "peripheral_linker.h"  // Include the linker header file with peripheral definitions
  +++ |+#include <stdio.h>
    2 | #include "system.h"
peripheral/peripheral_linker.c:347:19: warning: incompatible implicit declaration of built-in function 'printf' [-Wbuiltin-declaration-mismatch]
  347 |                   printf("error!");
      |                   ^~~~~~
peripheral/peripheral_linker.c:347:19: note: include '<stdio.h>' or provide a declaration of 'printf'
Info: Linking NIOS_Project_Small.elf
nios2-elf-g++.exe  -T'c:/Users/guan-ming.dennis-won/Documents/Code/SPI_4_Wire_Serial_Intel_FPGA_IP/software/NIOS_Project_Small_bsp//linker.x' -msys-crt0='c:/Users/guan-ming.dennis-won/Documents/Code/SPI_4_Wire_Serial_Intel_FPGA_IP/software/NIOS_Project_Small_bsp//obj/HAL/src/crt0.o' -msys-lib=hal_bsp -Lc:/Users/guan-ming.dennis-won/Documents/Code/SPI_4_Wire_Serial_Intel_FPGA_IP/software/NIOS_Project_Small_bsp/  -msmallc  -Wl,-Map=NIOS_Project_Small.map   -Os -g -Wall   -mno-hw-div -mno-hw-div -mhw-mul -mno-hw-mulx -mgpopt=global  -o NIOS_Project_Small.elf obj/default/hello_world_small.o obj/default/imported_source/TENCL040_ESC.o obj/default/imported_source/ax58100_hw.o obj/default/imported_source/coeappl.o obj/default/imported_source/ecatappl.o obj/default/imported_source/ecatcoe.o obj/default/imported_source/ecatslv.o obj/default/imported_source/mailbox.o obj/default/imported_source/objdef.o obj/default/imported_source/sdoserv.o obj/default/nios_it/nios_it.o obj/default/peripheral/peripheral_linker.o -lm -msys-lib=m
nios2-elf-insert.exe NIOS_Project_Small.elf --thread_model hal --cpu_name NIOS --qsys true --simulation_enabled false --id 39011 --sidp 0x41060 --timestamp 1747198670 --stderr_dev DEBUG --stdin_dev DEBUG --stdout_dev DEBUG --sopc_system_name spi_platform_designer --quartus_project_dir "c:/Users/guan-ming.dennis-won/Documents/Code/SPI_4_Wire_Serial_Intel_FPGA_IP" --jdi ../..//output_files/spi.jdi --sopcinfo C:/Users/guan-ming.dennis-won/Documents/Code/SPI_4_Wire_Serial_Intel_FPGA_IP/spi_platform_designer.sopcinfo
Info: (NIOS_Project_Small.elf) 35 KBytes program size (code + initialized data).
Info:                          43 KBytes free for stack + heap.
Info: Creating NIOS_Project_Small.objdump
nios2-elf-objdump.exe --disassemble --syms --all-header --source NIOS_Project_Small.elf >NIOS_Project_Small.objdump
[NIOS_Project_Small build complete]
09:28:28 **** Incremental Build of configuration Nios II for project NIOS_Project_Small ****
wsl make all 
Info: Building /mnt/c/Users/guan-ming.dennis-won/Documents/Code/SPI_4_Wire_Serial_Intel_FPGA_IP/software/NIOS_Project_Small_bsp/
make --no-print-directory -C /mnt/c/Users/guan-ming.dennis-won/Documents/Code/SPI_4_Wire_Serial_Intel_FPGA_IP/software/NIOS_Project_Small_bsp/
[BSP build complete]
[NIOS_Project_Small build complete]
09:29:39 **** Incremental Build of configuration Nios II for project NIOS_Project_Small ****
wsl make all 
Info: Building /mnt/c/Users/guan-ming.dennis-won/Documents/Code/SPI_4_Wire_Serial_Intel_FPGA_IP/software/NIOS_Project_Small_bsp/
make --no-print-directory -C /mnt/c/Users/guan-ming.dennis-won/Documents/Code/SPI_4_Wire_Serial_Intel_FPGA_IP/software/NIOS_Project_Small_bsp/
[BSP build complete]
[NIOS_Project_Small build complete]
09:43:19 **** Clean-only build of configuration Nios II for project NIOS_Project_Small ****
wsl make clean 
[NIOS_Project_Small clean complete]
09:43:22 **** Build of configuration Nios II for project NIOS_Project_Small ****
wsl make all 
Info: Building /mnt/c/Users/guan-ming.dennis-won/Documents/Code/SPI_4_Wire_Serial_Intel_FPGA_IP/software/NIOS_Project_Small_bsp/
make --no-print-directory -C /mnt/c/Users/guan-ming.dennis-won/Documents/Code/SPI_4_Wire_Serial_Intel_FPGA_IP/software/NIOS_Project_Small_bsp/
[BSP build complete]
Info: Compiling hello_world_small.c to obj/default/hello_world_small.o
nios2-elf-gcc.exe -xc -MP -MMD -c -Ic:/Users/guan-ming.dennis-won/Documents/Code/SPI_4_Wire_Serial_Intel_FPGA_IP/software/NIOS_Project_Small_bsp//HAL/inc -Ic:/Users/guan-ming.dennis-won/Documents/Code/SPI_4_Wire_Serial_Intel_FPGA_IP/software/NIOS_Project_Small_bsp/ -Ic:/Users/guan-ming.dennis-won/Documents/Code/SPI_4_Wire_Serial_Intel_FPGA_IP/software/NIOS_Project_Small_bsp//drivers/inc  -pipe -D__hal__ -DALT_NO_C_PLUS_PLUS -DALT_NO_CLEAN_EXIT -D'exit(a)=_exit(a)' -DALT_NO_EXIT -DALT_USE_DIRECT_DRIVERS -DALT_NO_INSTRUCTION_EMULATION -DALT_USE_SMALL_DRIVERS -DSMALL_C_LIB -DALT_SINGLE_THREADED    -Os -g -Wall   -mno-hw-div -mno-hw-div -mhw-mul -mno-hw-mulx -mgpopt=global  -o "obj/default/hello_world_small.o" "hello_world_small.c"
hello_world_small.c: In function 'main':
hello_world_small.c:38:3: warning: implicit declaration of function 'main_initial' [-Wimplicit-function-declaration]
   38 |   main_initial();
      |   ^~~~~~~~~~~~
hello_world_small.c:28:27: warning: unused variable 'invert_me' [-Wunused-variable]
   28 |   static volatile uint8_t invert_me = 1;
      |                           ^~~~~~~~~
hello_world_small.c:27:11: warning: unused variable 'out' [-Wunused-variable]
   27 |   uint8_t out = 0;
      |           ^~~
Info: Compiling imported_source/TENCL040_ESC.c to obj/default/imported_source/TENCL040_ESC.o
nios2-elf-gcc.exe -xc -MP -MMD -c -Ic:/Users/guan-ming.dennis-won/Documents/Code/SPI_4_Wire_Serial_Intel_FPGA_IP/software/NIOS_Project_Small_bsp//HAL/inc -Ic:/Users/guan-ming.dennis-won/Documents/Code/SPI_4_Wire_Serial_Intel_FPGA_IP/software/NIOS_Project_Small_bsp/ -Ic:/Users/guan-ming.dennis-won/Documents/Code/SPI_4_Wire_Serial_Intel_FPGA_IP/software/NIOS_Project_Small_bsp//drivers/inc  -pipe -D__hal__ -DALT_NO_C_PLUS_PLUS -DALT_NO_CLEAN_EXIT -D'exit(a)=_exit(a)' -DALT_NO_EXIT -DALT_USE_DIRECT_DRIVERS -DALT_NO_INSTRUCTION_EMULATION -DALT_USE_SMALL_DRIVERS -DSMALL_C_LIB -DALT_SINGLE_THREADED    -Os -g -Wall   -mno-hw-div -mno-hw-div -mhw-mul -mno-hw-mulx -mgpopt=global  -o "obj/default/imported_source/TENCL040_ESC.o" "imported_source/TENCL040_ESC.c"
imported_source/TENCL040_ESC.c: In function 'APPL_GetDeviceID':
imported_source/TENCL040_ESC.c:449:6: warning: #warning "Implement explicit Device ID latching" [-Wcpp]
  449 |     #warning "Implement explicit Device ID latching"
      |      ^~~~~~~
Info: Compiling imported_source/ax58100_hw.c to obj/default/imported_source/ax58100_hw.o
nios2-elf-gcc.exe -xc -MP -MMD -c -Ic:/Users/guan-ming.dennis-won/Documents/Code/SPI_4_Wire_Serial_Intel_FPGA_IP/software/NIOS_Project_Small_bsp//HAL/inc -Ic:/Users/guan-ming.dennis-won/Documents/Code/SPI_4_Wire_Serial_Intel_FPGA_IP/software/NIOS_Project_Small_bsp/ -Ic:/Users/guan-ming.dennis-won/Documents/Code/SPI_4_Wire_Serial_Intel_FPGA_IP/software/NIOS_Project_Small_bsp//drivers/inc  -pipe -D__hal__ -DALT_NO_C_PLUS_PLUS -DALT_NO_CLEAN_EXIT -D'exit(a)=_exit(a)' -DALT_NO_EXIT -DALT_USE_DIRECT_DRIVERS -DALT_NO_INSTRUCTION_EMULATION -DALT_USE_SMALL_DRIVERS -DSMALL_C_LIB -DALT_SINGLE_THREADED    -Os -g -Wall   -mno-hw-div -mno-hw-div -mhw-mul -mno-hw-mulx -mgpopt=global  -o "obj/default/imported_source/ax58100_hw.o" "imported_source/ax58100_hw.c"
imported_source/ax58100_hw.c: In function 'HW_SPI_Read':
imported_source/ax58100_hw.c:169:25: warning: unused variable 'spi_check' [-Wunused-variable]
  169 |                 uint8_t spi_check =  spi_transmit_receive(ESC_SPI_BASE, 0,
      |                         ^~~~~~~~~
imported_source/ax58100_hw.c: In function 'HW_SPI_Write':
imported_source/ax58100_hw.c:259:25: warning: unused variable 'spi_check' [-Wunused-variable]
  259 |                 uint8_t spi_check =  spi_transmit_receive(ESC_SPI_BASE, 0,
      |                         ^~~~~~~~~
imported_source/ax58100_hw.c: In function 'HW_Init':
imported_source/ax58100_hw.c:333:9: warning: implicit declaration of function 'init_exti0_it' [-Wimplicit-function-declaration]
  333 |         init_exti0_it();
      |         ^~~~~~~~~~~~~
imported_source/ax58100_hw.c: At top level:
imported_source/ax58100_hw.c:61:16: warning: 'HW_SPI_TransmitReceive' defined but not used [-Wunused-function]
   61 | static int32_t HW_SPI_TransmitReceive(uint8_t* pTxData, uint8_t* pRxData,
      |                ^~~~~~~~~~~~~~~~~~~~~~
Info: Compiling imported_source/coeappl.c to obj/default/imported_source/coeappl.o
nios2-elf-gcc.exe -xc -MP -MMD -c -Ic:/Users/guan-ming.dennis-won/Documents/Code/SPI_4_Wire_Serial_Intel_FPGA_IP/software/NIOS_Project_Small_bsp//HAL/inc -Ic:/Users/guan-ming.dennis-won/Documents/Code/SPI_4_Wire_Serial_Intel_FPGA_IP/software/NIOS_Project_Small_bsp/ -Ic:/Users/guan-ming.dennis-won/Documents/Code/SPI_4_Wire_Serial_Intel_FPGA_IP/software/NIOS_Project_Small_bsp//drivers/inc  -pipe -D__hal__ -DALT_NO_C_PLUS_PLUS -DALT_NO_CLEAN_EXIT -D'exit(a)=_exit(a)' -DALT_NO_EXIT -DALT_USE_DIRECT_DRIVERS -DALT_NO_INSTRUCTION_EMULATION -DALT_USE_SMALL_DRIVERS -DSMALL_C_LIB -DALT_SINGLE_THREADED    -Os -g -Wall   -mno-hw-div -mno-hw-div -mhw-mul -mno-hw-mulx -mgpopt=global  -o "obj/default/imported_source/coeappl.o" "imported_source/coeappl.c"
imported_source/coeappl.c: In function 'COE_ObjDictionaryInit':
imported_source/coeappl.c:882:26: warning: the comparison will always evaluate as 'true' for the address of 'ApplicationObjDic' will never be NULL [-Waddress]
  882 |     if(ApplicationObjDic != NULL)
      |                          ^~
In file included from imported_source/../imported_source/TENCL040_ESC.h:41,
                 from imported_source/coeappl.c:132:
imported_source/../imported_source/TENCL040_ESCObjects.h:547:19: note: 'ApplicationObjDic' declared here
  547 | TOBJECT    OBJMEM ApplicationObjDic[] = {
      |                   ^~~~~~~~~~~~~~~~~
Info: Compiling imported_source/ecatappl.c to obj/default/imported_source/ecatappl.o
nios2-elf-gcc.exe -xc -MP -MMD -c -Ic:/Users/guan-ming.dennis-won/Documents/Code/SPI_4_Wire_Serial_Intel_FPGA_IP/software/NIOS_Project_Small_bsp//HAL/inc -Ic:/Users/guan-ming.dennis-won/Documents/Code/SPI_4_Wire_Serial_Intel_FPGA_IP/software/NIOS_Project_Small_bsp/ -Ic:/Users/guan-ming.dennis-won/Documents/Code/SPI_4_Wire_Serial_Intel_FPGA_IP/software/NIOS_Project_Small_bsp//drivers/inc  -pipe -D__hal__ -DALT_NO_C_PLUS_PLUS -DALT_NO_CLEAN_EXIT -D'exit(a)=_exit(a)' -DALT_NO_EXIT -DALT_USE_DIRECT_DRIVERS -DALT_NO_INSTRUCTION_EMULATION -DALT_USE_SMALL_DRIVERS -DSMALL_C_LIB -DALT_SINGLE_THREADED    -Os -g -Wall   -mno-hw-div -mno-hw-div -mhw-mul -mno-hw-mulx -mgpopt=global  -o "obj/default/imported_source/ecatappl.o" "imported_source/ecatappl.c"
Info: Compiling imported_source/ecatcoe.c to obj/default/imported_source/ecatcoe.o
nios2-elf-gcc.exe -xc -MP -MMD -c -Ic:/Users/guan-ming.dennis-won/Documents/Code/SPI_4_Wire_Serial_Intel_FPGA_IP/software/NIOS_Project_Small_bsp//HAL/inc -Ic:/Users/guan-ming.dennis-won/Documents/Code/SPI_4_Wire_Serial_Intel_FPGA_IP/software/NIOS_Project_Small_bsp/ -Ic:/Users/guan-ming.dennis-won/Documents/Code/SPI_4_Wire_Serial_Intel_FPGA_IP/software/NIOS_Project_Small_bsp//drivers/inc  -pipe -D__hal__ -DALT_NO_C_PLUS_PLUS -DALT_NO_CLEAN_EXIT -D'exit(a)=_exit(a)' -DALT_NO_EXIT -DALT_USE_DIRECT_DRIVERS -DALT_NO_INSTRUCTION_EMULATION -DALT_USE_SMALL_DRIVERS -DSMALL_C_LIB -DALT_SINGLE_THREADED    -Os -g -Wall   -mno-hw-div -mno-hw-div -mhw-mul -mno-hw-mulx -mgpopt=global  -o "obj/default/imported_source/ecatcoe.o" "imported_source/ecatcoe.c"
Info: Compiling imported_source/ecatslv.c to obj/default/imported_source/ecatslv.o
nios2-elf-gcc.exe -xc -MP -MMD -c -Ic:/Users/guan-ming.dennis-won/Documents/Code/SPI_4_Wire_Serial_Intel_FPGA_IP/software/NIOS_Project_Small_bsp//HAL/inc -Ic:/Users/guan-ming.dennis-won/Documents/Code/SPI_4_Wire_Serial_Intel_FPGA_IP/software/NIOS_Project_Small_bsp/ -Ic:/Users/guan-ming.dennis-won/Documents/Code/SPI_4_Wire_Serial_Intel_FPGA_IP/software/NIOS_Project_Small_bsp//drivers/inc  -pipe -D__hal__ -DALT_NO_C_PLUS_PLUS -DALT_NO_CLEAN_EXIT -D'exit(a)=_exit(a)' -DALT_NO_EXIT -DALT_USE_DIRECT_DRIVERS -DALT_NO_INSTRUCTION_EMULATION -DALT_USE_SMALL_DRIVERS -DSMALL_C_LIB -DALT_SINGLE_THREADED    -Os -g -Wall   -mno-hw-div -mno-hw-div -mhw-mul -mno-hw-mulx -mgpopt=global  -o "obj/default/imported_source/ecatslv.o" "imported_source/ecatslv.c"
Info: Compiling imported_source/mailbox.c to obj/default/imported_source/mailbox.o
nios2-elf-gcc.exe -xc -MP -MMD -c -Ic:/Users/guan-ming.dennis-won/Documents/Code/SPI_4_Wire_Serial_Intel_FPGA_IP/software/NIOS_Project_Small_bsp//HAL/inc -Ic:/Users/guan-ming.dennis-won/Documents/Code/SPI_4_Wire_Serial_Intel_FPGA_IP/software/NIOS_Project_Small_bsp/ -Ic:/Users/guan-ming.dennis-won/Documents/Code/SPI_4_Wire_Serial_Intel_FPGA_IP/software/NIOS_Project_Small_bsp//drivers/inc  -pipe -D__hal__ -DALT_NO_C_PLUS_PLUS -DALT_NO_CLEAN_EXIT -D'exit(a)=_exit(a)' -DALT_NO_EXIT -DALT_USE_DIRECT_DRIVERS -DALT_NO_INSTRUCTION_EMULATION -DALT_USE_SMALL_DRIVERS -DSMALL_C_LIB -DALT_SINGLE_THREADED    -Os -g -Wall   -mno-hw-div -mno-hw-div -mhw-mul -mno-hw-mulx -mgpopt=global  -o "obj/default/imported_source/mailbox.o" "imported_source/mailbox.c"
imported_source/mailbox.c: In function 'MBX_CheckAndCopyMailbox':
imported_source/mailbox.c:760:17: warning: array subscript 'TMBX[0]' is partly outside array bounds of 'unsigned char[10]' [-Warray-bounds]
  760 |             pMbx->MbxHeader.Length     = 4;
      |                 ^~
In file included from imported_source/mailbox.c:138:
imported_source/../imported_source/ecat_def.h:776:51: note: object of size 10 allocated by 'malloc'
  776 | #define APPL_AllocMailboxBuffer(size)             malloc((size))
      |                                                   ^~~~~~~~~~~~~~
imported_source/mailbox.c:753:45: note: in expansion of macro 'APPL_AllocMailboxBuffer'
  753 |         TMBX MBXMEM *pMbx = (TMBX MBXMEM *) APPL_AllocMailboxBuffer(10); /* a mailbox error datagram length*/
      |                                             ^~~~~~~~~~~~~~~~~~~~~~~
imported_source/mailbox.c:762:17: warning: array subscript 'TMBX[0]' is partly outside array bounds of 'unsigned char[10]' [-Warray-bounds]
  762 |             pMbx->Data[0]                        = SWAPWORD(MBXSERVICE_MBXERRORCMD);
      |                 ^~
imported_source/../imported_source/ecat_def.h:776:51: note: object of size 10 allocated by 'malloc'
  776 | #define APPL_AllocMailboxBuffer(size)             malloc((size))
      |                                                   ^~~~~~~~~~~~~~
imported_source/mailbox.c:753:45: note: in expansion of macro 'APPL_AllocMailboxBuffer'
  753 |         TMBX MBXMEM *pMbx = (TMBX MBXMEM *) APPL_AllocMailboxBuffer(10); /* a mailbox error datagram length*/
      |                                             ^~~~~~~~~~~~~~~~~~~~~~~
imported_source/mailbox.c:763:17: warning: array subscript 'TMBX[0]' is partly outside array bounds of 'unsigned char[10]' [-Warray-bounds]
  763 |             pMbx->Data[1]                        = SWAPWORD(MBXERR_NOMOREMEMORY);
      |                 ^~
imported_source/../imported_source/ecat_def.h:776:51: note: object of size 10 allocated by 'malloc'
  776 | #define APPL_AllocMailboxBuffer(size)             malloc((size))
      |                                                   ^~~~~~~~~~~~~~
imported_source/mailbox.c:753:45: note: in expansion of macro 'APPL_AllocMailboxBuffer'
  753 |         TMBX MBXMEM *pMbx = (TMBX MBXMEM *) APPL_AllocMailboxBuffer(10); /* a mailbox error datagram length*/
      |                                             ^~~~~~~~~~~~~~~~~~~~~~~
Info: Compiling imported_source/objdef.c to obj/default/imported_source/objdef.o
nios2-elf-gcc.exe -xc -MP -MMD -c -Ic:/Users/guan-ming.dennis-won/Documents/Code/SPI_4_Wire_Serial_Intel_FPGA_IP/software/NIOS_Project_Small_bsp//HAL/inc -Ic:/Users/guan-ming.dennis-won/Documents/Code/SPI_4_Wire_Serial_Intel_FPGA_IP/software/NIOS_Project_Small_bsp/ -Ic:/Users/guan-ming.dennis-won/Documents/Code/SPI_4_Wire_Serial_Intel_FPGA_IP/software/NIOS_Project_Small_bsp//drivers/inc  -pipe -D__hal__ -DALT_NO_C_PLUS_PLUS -DALT_NO_CLEAN_EXIT -D'exit(a)=_exit(a)' -DALT_NO_EXIT -DALT_USE_DIRECT_DRIVERS -DALT_NO_INSTRUCTION_EMULATION -DALT_USE_SMALL_DRIVERS -DSMALL_C_LIB -DALT_SINGLE_THREADED    -Os -g -Wall   -mno-hw-div -mno-hw-div -mhw-mul -mno-hw-mulx -mgpopt=global  -o "obj/default/imported_source/objdef.o" "imported_source/objdef.c"
Info: Compiling imported_source/sdoserv.c to obj/default/imported_source/sdoserv.o
nios2-elf-gcc.exe -xc -MP -MMD -c -Ic:/Users/guan-ming.dennis-won/Documents/Code/SPI_4_Wire_Serial_Intel_FPGA_IP/software/NIOS_Project_Small_bsp//HAL/inc -Ic:/Users/guan-ming.dennis-won/Documents/Code/SPI_4_Wire_Serial_Intel_FPGA_IP/software/NIOS_Project_Small_bsp/ -Ic:/Users/guan-ming.dennis-won/Documents/Code/SPI_4_Wire_Serial_Intel_FPGA_IP/software/NIOS_Project_Small_bsp//drivers/inc  -pipe -D__hal__ -DALT_NO_C_PLUS_PLUS -DALT_NO_CLEAN_EXIT -D'exit(a)=_exit(a)' -DALT_NO_EXIT -DALT_USE_DIRECT_DRIVERS -DALT_NO_INSTRUCTION_EMULATION -DALT_USE_SMALL_DRIVERS -DSMALL_C_LIB -DALT_SINGLE_THREADED    -Os -g -Wall   -mno-hw-div -mno-hw-div -mhw-mul -mno-hw-mulx -mgpopt=global  -o "obj/default/imported_source/sdoserv.o" "imported_source/sdoserv.c"
Info: Compiling nios_it/nios_it.c to obj/default/nios_it/nios_it.o
nios2-elf-gcc.exe -xc -MP -MMD -c -Ic:/Users/guan-ming.dennis-won/Documents/Code/SPI_4_Wire_Serial_Intel_FPGA_IP/software/NIOS_Project_Small_bsp//HAL/inc -Ic:/Users/guan-ming.dennis-won/Documents/Code/SPI_4_Wire_Serial_Intel_FPGA_IP/software/NIOS_Project_Small_bsp/ -Ic:/Users/guan-ming.dennis-won/Documents/Code/SPI_4_Wire_Serial_Intel_FPGA_IP/software/NIOS_Project_Small_bsp//drivers/inc  -pipe -D__hal__ -DALT_NO_C_PLUS_PLUS -DALT_NO_CLEAN_EXIT -D'exit(a)=_exit(a)' -DALT_NO_EXIT -DALT_USE_DIRECT_DRIVERS -DALT_NO_INSTRUCTION_EMULATION -DALT_USE_SMALL_DRIVERS -DSMALL_C_LIB -DALT_SINGLE_THREADED    -Os -g -Wall   -mno-hw-div -mno-hw-div -mhw-mul -mno-hw-mulx -mgpopt=global  -o "obj/default/nios_it/nios_it.o" "nios_it/nios_it.c"
nios_it/nios_it.c: In function 'exti0_isr':
nios_it/nios_it.c:18:10: warning: implicit declaration of function 'PDI_Isr' [-Wimplicit-function-declaration]
   18 |          PDI_Isr();
      |          ^~~~~~~
nios_it/nios_it.c:21:10: warning: implicit declaration of function 'ECAT_CheckTimer' [-Wimplicit-function-declaration]
   21 |          ECAT_CheckTimer();
      |          ^~~~~~~~~~~~~~~
nios_it/nios_it.c:22:10: warning: implicit declaration of function 'appTimerRun' [-Wimplicit-function-declaration]
   22 |          appTimerRun();
      |          ^~~~~~~~~~~
Info: Compiling peripheral/peripheral_linker.c to obj/default/peripheral/peripheral_linker.o
nios2-elf-gcc.exe -xc -MP -MMD -c -Ic:/Users/guan-ming.dennis-won/Documents/Code/SPI_4_Wire_Serial_Intel_FPGA_IP/software/NIOS_Project_Small_bsp//HAL/inc -Ic:/Users/guan-ming.dennis-won/Documents/Code/SPI_4_Wire_Serial_Intel_FPGA_IP/software/NIOS_Project_Small_bsp/ -Ic:/Users/guan-ming.dennis-won/Documents/Code/SPI_4_Wire_Serial_Intel_FPGA_IP/software/NIOS_Project_Small_bsp//drivers/inc  -pipe -D__hal__ -DALT_NO_C_PLUS_PLUS -DALT_NO_CLEAN_EXIT -D'exit(a)=_exit(a)' -DALT_NO_EXIT -DALT_USE_DIRECT_DRIVERS -DALT_NO_INSTRUCTION_EMULATION -DALT_USE_SMALL_DRIVERS -DSMALL_C_LIB -DALT_SINGLE_THREADED    -Os -g -Wall   -mno-hw-div -mno-hw-div -mhw-mul -mno-hw-mulx -mgpopt=global  -o "obj/default/peripheral/peripheral_linker.o" "peripheral/peripheral_linker.c"
peripheral/peripheral_linker.c: In function 'delay_ms':
peripheral/peripheral_linker.c:8:5: warning: implicit declaration of function 'usleep' [-Wimplicit-function-declaration]
    8 |     usleep(milliseconds * 1000);  // Convert to microseconds
      |     ^~~~~~
peripheral/peripheral_linker.c: In function 'adc_init':
peripheral/peripheral_linker.c:16:13: warning: variable 'spi_check' set but not used [-Wunused-but-set-variable]
   16 |         int spi_check = -1;
      |             ^~~~~~~~~
peripheral/peripheral_linker.c: In function 'adc_init_spi_transmit_receive':
peripheral/peripheral_linker.c:160:13: warning: variable 'spi_check' set but not used [-Wunused-but-set-variable]
  160 |         int spi_check = -1;
      |             ^~~~~~~~~
peripheral/peripheral_linker.c: In function 'spi_transmit_receive':
peripheral/peripheral_linker.c:347:19: warning: implicit declaration of function 'printf' [-Wimplicit-function-declaration]
  347 |                   printf("error!");
      |                   ^~~~~~
peripheral/peripheral_linker.c:2:1: note: include '<stdio.h>' or provide a declaration of 'printf'
    1 | #include "peripheral_linker.h"  // Include the linker header file with peripheral definitions
  +++ |+#include <stdio.h>
    2 | #include "system.h"
peripheral/peripheral_linker.c:347:19: warning: incompatible implicit declaration of built-in function 'printf' [-Wbuiltin-declaration-mismatch]
  347 |                   printf("error!");
      |                   ^~~~~~
peripheral/peripheral_linker.c:347:19: note: include '<stdio.h>' or provide a declaration of 'printf'
Info: Linking NIOS_Project_Small.elf
nios2-elf-g++.exe  -T'c:/Users/guan-ming.dennis-won/Documents/Code/SPI_4_Wire_Serial_Intel_FPGA_IP/software/NIOS_Project_Small_bsp//linker.x' -msys-crt0='c:/Users/guan-ming.dennis-won/Documents/Code/SPI_4_Wire_Serial_Intel_FPGA_IP/software/NIOS_Project_Small_bsp//obj/HAL/src/crt0.o' -msys-lib=hal_bsp -Lc:/Users/guan-ming.dennis-won/Documents/Code/SPI_4_Wire_Serial_Intel_FPGA_IP/software/NIOS_Project_Small_bsp/  -msmallc  -Wl,-Map=NIOS_Project_Small.map   -Os -g -Wall   -mno-hw-div -mno-hw-div -mhw-mul -mno-hw-mulx -mgpopt=global  -o NIOS_Project_Small.elf obj/default/hello_world_small.o obj/default/imported_source/TENCL040_ESC.o obj/default/imported_source/ax58100_hw.o obj/default/imported_source/coeappl.o obj/default/imported_source/ecatappl.o obj/default/imported_source/ecatcoe.o obj/default/imported_source/ecatslv.o obj/default/imported_source/mailbox.o obj/default/imported_source/objdef.o obj/default/imported_source/sdoserv.o obj/default/nios_it/nios_it.o obj/default/peripheral/peripheral_linker.o -lm -msys-lib=m
nios2-elf-insert.exe NIOS_Project_Small.elf --thread_model hal --cpu_name NIOS --qsys true --simulation_enabled false --id 39011 --sidp 0x41060 --timestamp 1747198670 --stderr_dev DEBUG --stdin_dev DEBUG --stdout_dev DEBUG --sopc_system_name spi_platform_designer --quartus_project_dir "c:/Users/guan-ming.dennis-won/Documents/Code/SPI_4_Wire_Serial_Intel_FPGA_IP" --jdi ../..//output_files/spi.jdi --sopcinfo C:/Users/guan-ming.dennis-won/Documents/Code/SPI_4_Wire_Serial_Intel_FPGA_IP/spi_platform_designer.sopcinfo
Info: (NIOS_Project_Small.elf) 35 KBytes program size (code + initialized data).
Info:                          43 KBytes free for stack + heap.
Info: Creating NIOS_Project_Small.objdump
nios2-elf-objdump.exe --disassemble --syms --all-header --source NIOS_Project_Small.elf >NIOS_Project_Small.objdump
[NIOS_Project_Small build complete]
09:43:49 **** Incremental Build of configuration Nios II for project NIOS_Project_Small ****
wsl make all 
Info: Building /mnt/c/Users/guan-ming.dennis-won/Documents/Code/SPI_4_Wire_Serial_Intel_FPGA_IP/software/NIOS_Project_Small_bsp/
make --no-print-directory -C /mnt/c/Users/guan-ming.dennis-won/Documents/Code/SPI_4_Wire_Serial_Intel_FPGA_IP/software/NIOS_Project_Small_bsp/
[BSP build complete]
[NIOS_Project_Small build complete]
10:08:15 **** Clean-only build of configuration Nios II for project NIOS_Project_Small ****
wsl make clean 
[NIOS_Project_Small clean complete]
10:08:19 **** Build of configuration Nios II for project NIOS_Project_Small ****
wsl make all 
Info: Building /mnt/c/Users/guan-ming.dennis-won/Documents/Code/SPI_4_Wire_Serial_Intel_FPGA_IP/software/NIOS_Project_Small_bsp/
make --no-print-directory -C /mnt/c/Users/guan-ming.dennis-won/Documents/Code/SPI_4_Wire_Serial_Intel_FPGA_IP/software/NIOS_Project_Small_bsp/
[BSP build complete]
Info: Compiling hello_world_small.c to obj/default/hello_world_small.o
nios2-elf-gcc.exe -xc -MP -MMD -c -Ic:/Users/guan-ming.dennis-won/Documents/Code/SPI_4_Wire_Serial_Intel_FPGA_IP/software/NIOS_Project_Small_bsp//HAL/inc -Ic:/Users/guan-ming.dennis-won/Documents/Code/SPI_4_Wire_Serial_Intel_FPGA_IP/software/NIOS_Project_Small_bsp/ -Ic:/Users/guan-ming.dennis-won/Documents/Code/SPI_4_Wire_Serial_Intel_FPGA_IP/software/NIOS_Project_Small_bsp//drivers/inc  -pipe -D__hal__ -DALT_NO_C_PLUS_PLUS -DALT_NO_CLEAN_EXIT -D'exit(a)=_exit(a)' -DALT_NO_EXIT -DALT_USE_DIRECT_DRIVERS -DALT_NO_INSTRUCTION_EMULATION -DALT_USE_SMALL_DRIVERS -DSMALL_C_LIB -DALT_SINGLE_THREADED    -Os -g -Wall   -mno-hw-div -mno-hw-div -mhw-mul -mno-hw-mulx -mgpopt=global  -o "obj/default/hello_world_small.o" "hello_world_small.c"
hello_world_small.c: In function 'main':
hello_world_small.c:38:3: warning: implicit declaration of function 'main_initial' [-Wimplicit-function-declaration]
   38 |   main_initial();
      |   ^~~~~~~~~~~~
hello_world_small.c:28:27: warning: unused variable 'invert_me' [-Wunused-variable]
   28 |   static volatile uint8_t invert_me = 1;
      |                           ^~~~~~~~~
hello_world_small.c:27:11: warning: unused variable 'out' [-Wunused-variable]
   27 |   uint8_t out = 0;
      |           ^~~
Info: Compiling imported_source/TENCL040_ESC.c to obj/default/imported_source/TENCL040_ESC.o
nios2-elf-gcc.exe -xc -MP -MMD -c -Ic:/Users/guan-ming.dennis-won/Documents/Code/SPI_4_Wire_Serial_Intel_FPGA_IP/software/NIOS_Project_Small_bsp//HAL/inc -Ic:/Users/guan-ming.dennis-won/Documents/Code/SPI_4_Wire_Serial_Intel_FPGA_IP/software/NIOS_Project_Small_bsp/ -Ic:/Users/guan-ming.dennis-won/Documents/Code/SPI_4_Wire_Serial_Intel_FPGA_IP/software/NIOS_Project_Small_bsp//drivers/inc  -pipe -D__hal__ -DALT_NO_C_PLUS_PLUS -DALT_NO_CLEAN_EXIT -D'exit(a)=_exit(a)' -DALT_NO_EXIT -DALT_USE_DIRECT_DRIVERS -DALT_NO_INSTRUCTION_EMULATION -DALT_USE_SMALL_DRIVERS -DSMALL_C_LIB -DALT_SINGLE_THREADED    -Os -g -Wall   -mno-hw-div -mno-hw-div -mhw-mul -mno-hw-mulx -mgpopt=global  -o "obj/default/imported_source/TENCL040_ESC.o" "imported_source/TENCL040_ESC.c"
In file included from imported_source/TENCL040_ESC.h:41,
                 from imported_source/TENCL040_ESC.c:29:
imported_source/TENCL040_ESCObjects.h:2607:8: warning: excess elements in array initializer
 2607 | ={8,{0,0,0,0,0,0,0,0}}
      |        ^
imported_source/TENCL040_ESCObjects.h:2607:8: note: (near initialization for 'OnOffContinuousModeGroup0x7008.aEntries')
imported_source/TENCL040_ESCObjects.h:2607:10: warning: excess elements in array initializer
 2607 | ={8,{0,0,0,0,0,0,0,0}}
      |          ^
imported_source/TENCL040_ESCObjects.h:2607:10: note: (near initialization for 'OnOffContinuousModeGroup0x7008.aEntries')
imported_source/TENCL040_ESCObjects.h:2607:12: warning: excess elements in array initializer
 2607 | ={8,{0,0,0,0,0,0,0,0}}
      |            ^
imported_source/TENCL040_ESCObjects.h:2607:12: note: (near initialization for 'OnOffContinuousModeGroup0x7008.aEntries')
imported_source/TENCL040_ESCObjects.h:2607:14: warning: excess elements in array initializer
 2607 | ={8,{0,0,0,0,0,0,0,0}}
      |              ^
imported_source/TENCL040_ESCObjects.h:2607:14: note: (near initialization for 'OnOffContinuousModeGroup0x7008.aEntries')
imported_source/TENCL040_ESCObjects.h:2607:16: warning: excess elements in array initializer
 2607 | ={8,{0,0,0,0,0,0,0,0}}
      |                ^
imported_source/TENCL040_ESCObjects.h:2607:16: note: (near initialization for 'OnOffContinuousModeGroup0x7008.aEntries')
imported_source/TENCL040_ESCObjects.h:2607:18: warning: excess elements in array initializer
 2607 | ={8,{0,0,0,0,0,0,0,0}}
      |                  ^
imported_source/TENCL040_ESCObjects.h:2607:18: note: (near initialization for 'OnOffContinuousModeGroup0x7008.aEntries')
imported_source/TENCL040_ESCObjects.h:2607:20: warning: excess elements in array initializer
 2607 | ={8,{0,0,0,0,0,0,0,0}}
      |                    ^
imported_source/TENCL040_ESCObjects.h:2607:20: note: (near initialization for 'OnOffContinuousModeGroup0x7008.aEntries')
imported_source/TENCL040_ESC.c: In function 'APPL_InputMapping':
imported_source/TENCL040_ESC.c:357:33: warning: case label value exceeds maximum value for type [-Wswitch-outside-range]
  357 |                                 case 0x1A010:
      |                                 ^~~~
imported_source/TENCL040_ESC.c: In function 'APPL_GetDeviceID':
imported_source/TENCL040_ESC.c:427:6: warning: #warning "Implement explicit Device ID latching" [-Wcpp]
  427 |     #warning "Implement explicit Device ID latching"
      |      ^~~~~~~
Info: Compiling imported_source/ax58100_hw.c to obj/default/imported_source/ax58100_hw.o
nios2-elf-gcc.exe -xc -MP -MMD -c -Ic:/Users/guan-ming.dennis-won/Documents/Code/SPI_4_Wire_Serial_Intel_FPGA_IP/software/NIOS_Project_Small_bsp//HAL/inc -Ic:/Users/guan-ming.dennis-won/Documents/Code/SPI_4_Wire_Serial_Intel_FPGA_IP/software/NIOS_Project_Small_bsp/ -Ic:/Users/guan-ming.dennis-won/Documents/Code/SPI_4_Wire_Serial_Intel_FPGA_IP/software/NIOS_Project_Small_bsp//drivers/inc  -pipe -D__hal__ -DALT_NO_C_PLUS_PLUS -DALT_NO_CLEAN_EXIT -D'exit(a)=_exit(a)' -DALT_NO_EXIT -DALT_USE_DIRECT_DRIVERS -DALT_NO_INSTRUCTION_EMULATION -DALT_USE_SMALL_DRIVERS -DSMALL_C_LIB -DALT_SINGLE_THREADED    -Os -g -Wall   -mno-hw-div -mno-hw-div -mhw-mul -mno-hw-mulx -mgpopt=global  -o "obj/default/imported_source/ax58100_hw.o" "imported_source/ax58100_hw.c"
imported_source/ax58100_hw.c: In function 'HW_SPI_Read':
imported_source/ax58100_hw.c:169:25: warning: unused variable 'spi_check' [-Wunused-variable]
  169 |                 uint8_t spi_check =  spi_transmit_receive(ESC_SPI_BASE, 0,
      |                         ^~~~~~~~~
imported_source/ax58100_hw.c: In function 'HW_SPI_Write':
imported_source/ax58100_hw.c:259:25: warning: unused variable 'spi_check' [-Wunused-variable]
  259 |                 uint8_t spi_check =  spi_transmit_receive(ESC_SPI_BASE, 0,
      |                         ^~~~~~~~~
imported_source/ax58100_hw.c: In function 'HW_Init':
imported_source/ax58100_hw.c:333:9: warning: implicit declaration of function 'init_exti0_it' [-Wimplicit-function-declaration]
  333 |         init_exti0_it();
      |         ^~~~~~~~~~~~~
imported_source/ax58100_hw.c: At top level:
imported_source/ax58100_hw.c:61:16: warning: 'HW_SPI_TransmitReceive' defined but not used [-Wunused-function]
   61 | static int32_t HW_SPI_TransmitReceive(uint8_t* pTxData, uint8_t* pRxData,
      |                ^~~~~~~~~~~~~~~~~~~~~~
Info: Compiling imported_source/coeappl.c to obj/default/imported_source/coeappl.o
nios2-elf-gcc.exe -xc -MP -MMD -c -Ic:/Users/guan-ming.dennis-won/Documents/Code/SPI_4_Wire_Serial_Intel_FPGA_IP/software/NIOS_Project_Small_bsp//HAL/inc -Ic:/Users/guan-ming.dennis-won/Documents/Code/SPI_4_Wire_Serial_Intel_FPGA_IP/software/NIOS_Project_Small_bsp/ -Ic:/Users/guan-ming.dennis-won/Documents/Code/SPI_4_Wire_Serial_Intel_FPGA_IP/software/NIOS_Project_Small_bsp//drivers/inc  -pipe -D__hal__ -DALT_NO_C_PLUS_PLUS -DALT_NO_CLEAN_EXIT -D'exit(a)=_exit(a)' -DALT_NO_EXIT -DALT_USE_DIRECT_DRIVERS -DALT_NO_INSTRUCTION_EMULATION -DALT_USE_SMALL_DRIVERS -DSMALL_C_LIB -DALT_SINGLE_THREADED    -Os -g -Wall   -mno-hw-div -mno-hw-div -mhw-mul -mno-hw-mulx -mgpopt=global  -o "obj/default/imported_source/coeappl.o" "imported_source/coeappl.c"
imported_source/coeappl.c: In function 'COE_ObjDictionaryInit':
imported_source/coeappl.c:882:26: warning: the comparison will always evaluate as 'true' for the address of 'ApplicationObjDic' will never be NULL [-Waddress]
  882 |     if(ApplicationObjDic != NULL)
      |                          ^~
In file included from imported_source/../imported_source/TENCL040_ESC.h:41,
                 from imported_source/coeappl.c:132:
imported_source/../imported_source/TENCL040_ESCObjects.h:2619:19: note: 'ApplicationObjDic' declared here
 2619 | TOBJECT    OBJMEM ApplicationObjDic[] = {
      |                   ^~~~~~~~~~~~~~~~~
Info: Compiling imported_source/ecatappl.c to obj/default/imported_source/ecatappl.o
nios2-elf-gcc.exe -xc -MP -MMD -c -Ic:/Users/guan-ming.dennis-won/Documents/Code/SPI_4_Wire_Serial_Intel_FPGA_IP/software/NIOS_Project_Small_bsp//HAL/inc -Ic:/Users/guan-ming.dennis-won/Documents/Code/SPI_4_Wire_Serial_Intel_FPGA_IP/software/NIOS_Project_Small_bsp/ -Ic:/Users/guan-ming.dennis-won/Documents/Code/SPI_4_Wire_Serial_Intel_FPGA_IP/software/NIOS_Project_Small_bsp//drivers/inc  -pipe -D__hal__ -DALT_NO_C_PLUS_PLUS -DALT_NO_CLEAN_EXIT -D'exit(a)=_exit(a)' -DALT_NO_EXIT -DALT_USE_DIRECT_DRIVERS -DALT_NO_INSTRUCTION_EMULATION -DALT_USE_SMALL_DRIVERS -DSMALL_C_LIB -DALT_SINGLE_THREADED    -Os -g -Wall   -mno-hw-div -mno-hw-div -mhw-mul -mno-hw-mulx -mgpopt=global  -o "obj/default/imported_source/ecatappl.o" "imported_source/ecatappl.c"
Info: Compiling imported_source/ecatcoe.c to obj/default/imported_source/ecatcoe.o
nios2-elf-gcc.exe -xc -MP -MMD -c -Ic:/Users/guan-ming.dennis-won/Documents/Code/SPI_4_Wire_Serial_Intel_FPGA_IP/software/NIOS_Project_Small_bsp//HAL/inc -Ic:/Users/guan-ming.dennis-won/Documents/Code/SPI_4_Wire_Serial_Intel_FPGA_IP/software/NIOS_Project_Small_bsp/ -Ic:/Users/guan-ming.dennis-won/Documents/Code/SPI_4_Wire_Serial_Intel_FPGA_IP/software/NIOS_Project_Small_bsp//drivers/inc  -pipe -D__hal__ -DALT_NO_C_PLUS_PLUS -DALT_NO_CLEAN_EXIT -D'exit(a)=_exit(a)' -DALT_NO_EXIT -DALT_USE_DIRECT_DRIVERS -DALT_NO_INSTRUCTION_EMULATION -DALT_USE_SMALL_DRIVERS -DSMALL_C_LIB -DALT_SINGLE_THREADED    -Os -g -Wall   -mno-hw-div -mno-hw-div -mhw-mul -mno-hw-mulx -mgpopt=global  -o "obj/default/imported_source/ecatcoe.o" "imported_source/ecatcoe.c"
Info: Compiling imported_source/ecatslv.c to obj/default/imported_source/ecatslv.o
nios2-elf-gcc.exe -xc -MP -MMD -c -Ic:/Users/guan-ming.dennis-won/Documents/Code/SPI_4_Wire_Serial_Intel_FPGA_IP/software/NIOS_Project_Small_bsp//HAL/inc -Ic:/Users/guan-ming.dennis-won/Documents/Code/SPI_4_Wire_Serial_Intel_FPGA_IP/software/NIOS_Project_Small_bsp/ -Ic:/Users/guan-ming.dennis-won/Documents/Code/SPI_4_Wire_Serial_Intel_FPGA_IP/software/NIOS_Project_Small_bsp//drivers/inc  -pipe -D__hal__ -DALT_NO_C_PLUS_PLUS -DALT_NO_CLEAN_EXIT -D'exit(a)=_exit(a)' -DALT_NO_EXIT -DALT_USE_DIRECT_DRIVERS -DALT_NO_INSTRUCTION_EMULATION -DALT_USE_SMALL_DRIVERS -DSMALL_C_LIB -DALT_SINGLE_THREADED    -Os -g -Wall   -mno-hw-div -mno-hw-div -mhw-mul -mno-hw-mulx -mgpopt=global  -o "obj/default/imported_source/ecatslv.o" "imported_source/ecatslv.c"
Info: Compiling imported_source/mailbox.c to obj/default/imported_source/mailbox.o
nios2-elf-gcc.exe -xc -MP -MMD -c -Ic:/Users/guan-ming.dennis-won/Documents/Code/SPI_4_Wire_Serial_Intel_FPGA_IP/software/NIOS_Project_Small_bsp//HAL/inc -Ic:/Users/guan-ming.dennis-won/Documents/Code/SPI_4_Wire_Serial_Intel_FPGA_IP/software/NIOS_Project_Small_bsp/ -Ic:/Users/guan-ming.dennis-won/Documents/Code/SPI_4_Wire_Serial_Intel_FPGA_IP/software/NIOS_Project_Small_bsp//drivers/inc  -pipe -D__hal__ -DALT_NO_C_PLUS_PLUS -DALT_NO_CLEAN_EXIT -D'exit(a)=_exit(a)' -DALT_NO_EXIT -DALT_USE_DIRECT_DRIVERS -DALT_NO_INSTRUCTION_EMULATION -DALT_USE_SMALL_DRIVERS -DSMALL_C_LIB -DALT_SINGLE_THREADED    -Os -g -Wall   -mno-hw-div -mno-hw-div -mhw-mul -mno-hw-mulx -mgpopt=global  -o "obj/default/imported_source/mailbox.o" "imported_source/mailbox.c"
imported_source/mailbox.c: In function 'MBX_CheckAndCopyMailbox':
imported_source/mailbox.c:760:17: warning: array subscript 'TMBX[0]' is partly outside array bounds of 'unsigned char[10]' [-Warray-bounds]
  760 |             pMbx->MbxHeader.Length     = 4;
      |                 ^~
In file included from imported_source/mailbox.c:138:
imported_source/../imported_source/ecat_def.h:776:51: note: object of size 10 allocated by 'malloc'
  776 | #define APPL_AllocMailboxBuffer(size)             malloc((size))
      |                                                   ^~~~~~~~~~~~~~
imported_source/mailbox.c:753:45: note: in expansion of macro 'APPL_AllocMailboxBuffer'
  753 |         TMBX MBXMEM *pMbx = (TMBX MBXMEM *) APPL_AllocMailboxBuffer(10); /* a mailbox error datagram length*/
      |                                             ^~~~~~~~~~~~~~~~~~~~~~~
imported_source/mailbox.c:762:17: warning: array subscript 'TMBX[0]' is partly outside array bounds of 'unsigned char[10]' [-Warray-bounds]
  762 |             pMbx->Data[0]                        = SWAPWORD(MBXSERVICE_MBXERRORCMD);
      |                 ^~
imported_source/../imported_source/ecat_def.h:776:51: note: object of size 10 allocated by 'malloc'
  776 | #define APPL_AllocMailboxBuffer(size)             malloc((size))
      |                                                   ^~~~~~~~~~~~~~
imported_source/mailbox.c:753:45: note: in expansion of macro 'APPL_AllocMailboxBuffer'
  753 |         TMBX MBXMEM *pMbx = (TMBX MBXMEM *) APPL_AllocMailboxBuffer(10); /* a mailbox error datagram length*/
      |                                             ^~~~~~~~~~~~~~~~~~~~~~~
imported_source/mailbox.c:763:17: warning: array subscript 'TMBX[0]' is partly outside array bounds of 'unsigned char[10]' [-Warray-bounds]
  763 |             pMbx->Data[1]                        = SWAPWORD(MBXERR_NOMOREMEMORY);
      |                 ^~
imported_source/../imported_source/ecat_def.h:776:51: note: object of size 10 allocated by 'malloc'
  776 | #define APPL_AllocMailboxBuffer(size)             malloc((size))
      |                                                   ^~~~~~~~~~~~~~
imported_source/mailbox.c:753:45: note: in expansion of macro 'APPL_AllocMailboxBuffer'
  753 |         TMBX MBXMEM *pMbx = (TMBX MBXMEM *) APPL_AllocMailboxBuffer(10); /* a mailbox error datagram length*/
      |                                             ^~~~~~~~~~~~~~~~~~~~~~~
Info: Compiling imported_source/objdef.c to obj/default/imported_source/objdef.o
nios2-elf-gcc.exe -xc -MP -MMD -c -Ic:/Users/guan-ming.dennis-won/Documents/Code/SPI_4_Wire_Serial_Intel_FPGA_IP/software/NIOS_Project_Small_bsp//HAL/inc -Ic:/Users/guan-ming.dennis-won/Documents/Code/SPI_4_Wire_Serial_Intel_FPGA_IP/software/NIOS_Project_Small_bsp/ -Ic:/Users/guan-ming.dennis-won/Documents/Code/SPI_4_Wire_Serial_Intel_FPGA_IP/software/NIOS_Project_Small_bsp//drivers/inc  -pipe -D__hal__ -DALT_NO_C_PLUS_PLUS -DALT_NO_CLEAN_EXIT -D'exit(a)=_exit(a)' -DALT_NO_EXIT -DALT_USE_DIRECT_DRIVERS -DALT_NO_INSTRUCTION_EMULATION -DALT_USE_SMALL_DRIVERS -DSMALL_C_LIB -DALT_SINGLE_THREADED    -Os -g -Wall   -mno-hw-div -mno-hw-div -mhw-mul -mno-hw-mulx -mgpopt=global  -o "obj/default/imported_source/objdef.o" "imported_source/objdef.c"
Info: Compiling imported_source/sdoserv.c to obj/default/imported_source/sdoserv.o
nios2-elf-gcc.exe -xc -MP -MMD -c -Ic:/Users/guan-ming.dennis-won/Documents/Code/SPI_4_Wire_Serial_Intel_FPGA_IP/software/NIOS_Project_Small_bsp//HAL/inc -Ic:/Users/guan-ming.dennis-won/Documents/Code/SPI_4_Wire_Serial_Intel_FPGA_IP/software/NIOS_Project_Small_bsp/ -Ic:/Users/guan-ming.dennis-won/Documents/Code/SPI_4_Wire_Serial_Intel_FPGA_IP/software/NIOS_Project_Small_bsp//drivers/inc  -pipe -D__hal__ -DALT_NO_C_PLUS_PLUS -DALT_NO_CLEAN_EXIT -D'exit(a)=_exit(a)' -DALT_NO_EXIT -DALT_USE_DIRECT_DRIVERS -DALT_NO_INSTRUCTION_EMULATION -DALT_USE_SMALL_DRIVERS -DSMALL_C_LIB -DALT_SINGLE_THREADED    -Os -g -Wall   -mno-hw-div -mno-hw-div -mhw-mul -mno-hw-mulx -mgpopt=global  -o "obj/default/imported_source/sdoserv.o" "imported_source/sdoserv.c"
Info: Compiling nios_it/nios_it.c to obj/default/nios_it/nios_it.o
nios2-elf-gcc.exe -xc -MP -MMD -c -Ic:/Users/guan-ming.dennis-won/Documents/Code/SPI_4_Wire_Serial_Intel_FPGA_IP/software/NIOS_Project_Small_bsp//HAL/inc -Ic:/Users/guan-ming.dennis-won/Documents/Code/SPI_4_Wire_Serial_Intel_FPGA_IP/software/NIOS_Project_Small_bsp/ -Ic:/Users/guan-ming.dennis-won/Documents/Code/SPI_4_Wire_Serial_Intel_FPGA_IP/software/NIOS_Project_Small_bsp//drivers/inc  -pipe -D__hal__ -DALT_NO_C_PLUS_PLUS -DALT_NO_CLEAN_EXIT -D'exit(a)=_exit(a)' -DALT_NO_EXIT -DALT_USE_DIRECT_DRIVERS -DALT_NO_INSTRUCTION_EMULATION -DALT_USE_SMALL_DRIVERS -DSMALL_C_LIB -DALT_SINGLE_THREADED    -Os -g -Wall   -mno-hw-div -mno-hw-div -mhw-mul -mno-hw-mulx -mgpopt=global  -o "obj/default/nios_it/nios_it.o" "nios_it/nios_it.c"
nios_it/nios_it.c: In function 'exti0_isr':
nios_it/nios_it.c:18:10: warning: implicit declaration of function 'PDI_Isr' [-Wimplicit-function-declaration]
   18 |          PDI_Isr();
      |          ^~~~~~~
nios_it/nios_it.c:21:10: warning: implicit declaration of function 'ECAT_CheckTimer' [-Wimplicit-function-declaration]
   21 |          ECAT_CheckTimer();
      |          ^~~~~~~~~~~~~~~
nios_it/nios_it.c:22:10: warning: implicit declaration of function 'appTimerRun' [-Wimplicit-function-declaration]
   22 |          appTimerRun();
      |          ^~~~~~~~~~~
Info: Compiling peripheral/peripheral_linker.c to obj/default/peripheral/peripheral_linker.o
nios2-elf-gcc.exe -xc -MP -MMD -c -Ic:/Users/guan-ming.dennis-won/Documents/Code/SPI_4_Wire_Serial_Intel_FPGA_IP/software/NIOS_Project_Small_bsp//HAL/inc -Ic:/Users/guan-ming.dennis-won/Documents/Code/SPI_4_Wire_Serial_Intel_FPGA_IP/software/NIOS_Project_Small_bsp/ -Ic:/Users/guan-ming.dennis-won/Documents/Code/SPI_4_Wire_Serial_Intel_FPGA_IP/software/NIOS_Project_Small_bsp//drivers/inc  -pipe -D__hal__ -DALT_NO_C_PLUS_PLUS -DALT_NO_CLEAN_EXIT -D'exit(a)=_exit(a)' -DALT_NO_EXIT -DALT_USE_DIRECT_DRIVERS -DALT_NO_INSTRUCTION_EMULATION -DALT_USE_SMALL_DRIVERS -DSMALL_C_LIB -DALT_SINGLE_THREADED    -Os -g -Wall   -mno-hw-div -mno-hw-div -mhw-mul -mno-hw-mulx -mgpopt=global  -o "obj/default/peripheral/peripheral_linker.o" "peripheral/peripheral_linker.c"
peripheral/peripheral_linker.c: In function 'delay_ms':
peripheral/peripheral_linker.c:8:5: warning: implicit declaration of function 'usleep' [-Wimplicit-function-declaration]
    8 |     usleep(milliseconds * 1000);  // Convert to microseconds
      |     ^~~~~~
peripheral/peripheral_linker.c: In function 'adc_init':
peripheral/peripheral_linker.c:16:13: warning: variable 'spi_check' set but not used [-Wunused-but-set-variable]
   16 |         int spi_check = -1;
      |             ^~~~~~~~~
peripheral/peripheral_linker.c: In function 'adc_init_spi_transmit_receive':
peripheral/peripheral_linker.c:160:13: warning: variable 'spi_check' set but not used [-Wunused-but-set-variable]
  160 |         int spi_check = -1;
      |             ^~~~~~~~~
peripheral/peripheral_linker.c: In function 'spi_transmit_receive':
peripheral/peripheral_linker.c:347:19: warning: implicit declaration of function 'printf' [-Wimplicit-function-declaration]
  347 |                   printf("error!");
      |                   ^~~~~~
peripheral/peripheral_linker.c:2:1: note: include '<stdio.h>' or provide a declaration of 'printf'
    1 | #include "peripheral_linker.h"  // Include the linker header file with peripheral definitions
  +++ |+#include <stdio.h>
    2 | #include "system.h"
peripheral/peripheral_linker.c:347:19: warning: incompatible implicit declaration of built-in function 'printf' [-Wbuiltin-declaration-mismatch]
  347 |                   printf("error!");
      |                   ^~~~~~
peripheral/peripheral_linker.c:347:19: note: include '<stdio.h>' or provide a declaration of 'printf'
Info: Linking NIOS_Project_Small.elf
nios2-elf-g++.exe  -T'c:/Users/guan-ming.dennis-won/Documents/Code/SPI_4_Wire_Serial_Intel_FPGA_IP/software/NIOS_Project_Small_bsp//linker.x' -msys-crt0='c:/Users/guan-ming.dennis-won/Documents/Code/SPI_4_Wire_Serial_Intel_FPGA_IP/software/NIOS_Project_Small_bsp//obj/HAL/src/crt0.o' -msys-lib=hal_bsp -Lc:/Users/guan-ming.dennis-won/Documents/Code/SPI_4_Wire_Serial_Intel_FPGA_IP/software/NIOS_Project_Small_bsp/  -msmallc  -Wl,-Map=NIOS_Project_Small.map   -Os -g -Wall   -mno-hw-div -mno-hw-div -mhw-mul -mno-hw-mulx -mgpopt=global  -o NIOS_Project_Small.elf obj/default/hello_world_small.o obj/default/imported_source/TENCL040_ESC.o obj/default/imported_source/ax58100_hw.o obj/default/imported_source/coeappl.o obj/default/imported_source/ecatappl.o obj/default/imported_source/ecatcoe.o obj/default/imported_source/ecatslv.o obj/default/imported_source/mailbox.o obj/default/imported_source/objdef.o obj/default/imported_source/sdoserv.o obj/default/nios_it/nios_it.o obj/default/peripheral/peripheral_linker.o -lm -msys-lib=m
nios2-elf-insert.exe NIOS_Project_Small.elf --thread_model hal --cpu_name NIOS --qsys true --simulation_enabled false --id 39011 --sidp 0x41060 --timestamp 1747198670 --stderr_dev DEBUG --stdin_dev DEBUG --stdout_dev DEBUG --sopc_system_name spi_platform_designer --quartus_project_dir "c:/Users/guan-ming.dennis-won/Documents/Code/SPI_4_Wire_Serial_Intel_FPGA_IP" --jdi ../..//output_files/spi.jdi --sopcinfo C:/Users/guan-ming.dennis-won/Documents/Code/SPI_4_Wire_Serial_Intel_FPGA_IP/spi_platform_designer.sopcinfo
Info: (NIOS_Project_Small.elf) 42 KBytes program size (code + initialized data).
Info:                          34 KBytes free for stack + heap.
Info: Creating NIOS_Project_Small.objdump
nios2-elf-objdump.exe --disassemble --syms --all-header --source NIOS_Project_Small.elf >NIOS_Project_Small.objdump
[NIOS_Project_Small build complete]
10:14:54 **** Clean-only build of configuration Nios II for project NIOS_Project_Small ****
wsl make clean 
[NIOS_Project_Small clean complete]
10:14:57 **** Build of configuration Nios II for project NIOS_Project_Small ****
wsl make all 
Info: Building /mnt/c/Users/guan-ming.dennis-won/Documents/Code/SPI_4_Wire_Serial_Intel_FPGA_IP/software/NIOS_Project_Small_bsp/
make --no-print-directory -C /mnt/c/Users/guan-ming.dennis-won/Documents/Code/SPI_4_Wire_Serial_Intel_FPGA_IP/software/NIOS_Project_Small_bsp/
[BSP build complete]
Info: Compiling hello_world_small.c to obj/default/hello_world_small.o
nios2-elf-gcc.exe -xc -MP -MMD -c -Ic:/Users/guan-ming.dennis-won/Documents/Code/SPI_4_Wire_Serial_Intel_FPGA_IP/software/NIOS_Project_Small_bsp//HAL/inc -Ic:/Users/guan-ming.dennis-won/Documents/Code/SPI_4_Wire_Serial_Intel_FPGA_IP/software/NIOS_Project_Small_bsp/ -Ic:/Users/guan-ming.dennis-won/Documents/Code/SPI_4_Wire_Serial_Intel_FPGA_IP/software/NIOS_Project_Small_bsp//drivers/inc  -pipe -D__hal__ -DALT_NO_C_PLUS_PLUS -DALT_NO_CLEAN_EXIT -D'exit(a)=_exit(a)' -DALT_NO_EXIT -DALT_USE_DIRECT_DRIVERS -DALT_NO_INSTRUCTION_EMULATION -DALT_USE_SMALL_DRIVERS -DSMALL_C_LIB -DALT_SINGLE_THREADED    -Os -g -Wall   -mno-hw-div -mno-hw-div -mhw-mul -mno-hw-mulx -mgpopt=global  -o "obj/default/hello_world_small.o" "hello_world_small.c"
hello_world_small.c: In function 'main':
hello_world_small.c:38:3: warning: implicit declaration of function 'main_initial' [-Wimplicit-function-declaration]
   38 |   main_initial();
      |   ^~~~~~~~~~~~
hello_world_small.c:28:27: warning: unused variable 'invert_me' [-Wunused-variable]
   28 |   static volatile uint8_t invert_me = 1;
      |                           ^~~~~~~~~
hello_world_small.c:27:11: warning: unused variable 'out' [-Wunused-variable]
   27 |   uint8_t out = 0;
      |           ^~~
Info: Compiling imported_source/TENCL040_ESC.c to obj/default/imported_source/TENCL040_ESC.o
nios2-elf-gcc.exe -xc -MP -MMD -c -Ic:/Users/guan-ming.dennis-won/Documents/Code/SPI_4_Wire_Serial_Intel_FPGA_IP/software/NIOS_Project_Small_bsp//HAL/inc -Ic:/Users/guan-ming.dennis-won/Documents/Code/SPI_4_Wire_Serial_Intel_FPGA_IP/software/NIOS_Project_Small_bsp/ -Ic:/Users/guan-ming.dennis-won/Documents/Code/SPI_4_Wire_Serial_Intel_FPGA_IP/software/NIOS_Project_Small_bsp//drivers/inc  -pipe -D__hal__ -DALT_NO_C_PLUS_PLUS -DALT_NO_CLEAN_EXIT -D'exit(a)=_exit(a)' -DALT_NO_EXIT -DALT_USE_DIRECT_DRIVERS -DALT_NO_INSTRUCTION_EMULATION -DALT_USE_SMALL_DRIVERS -DSMALL_C_LIB -DALT_SINGLE_THREADED    -Os -g -Wall   -mno-hw-div -mno-hw-div -mhw-mul -mno-hw-mulx -mgpopt=global  -o "obj/default/imported_source/TENCL040_ESC.o" "imported_source/TENCL040_ESC.c"
In file included from imported_source/TENCL040_ESC.h:41,
                 from imported_source/TENCL040_ESC.c:29:
imported_source/TENCL040_ESCObjects.h:2607:8: warning: excess elements in array initializer
 2607 | ={8,{0,0,0,0,0,0,0,0}}
      |        ^
imported_source/TENCL040_ESCObjects.h:2607:8: note: (near initialization for 'OnOffContinuousModeGroup0x7008.aEntries')
imported_source/TENCL040_ESCObjects.h:2607:10: warning: excess elements in array initializer
 2607 | ={8,{0,0,0,0,0,0,0,0}}
      |          ^
imported_source/TENCL040_ESCObjects.h:2607:10: note: (near initialization for 'OnOffContinuousModeGroup0x7008.aEntries')
imported_source/TENCL040_ESCObjects.h:2607:12: warning: excess elements in array initializer
 2607 | ={8,{0,0,0,0,0,0,0,0}}
      |            ^
imported_source/TENCL040_ESCObjects.h:2607:12: note: (near initialization for 'OnOffContinuousModeGroup0x7008.aEntries')
imported_source/TENCL040_ESCObjects.h:2607:14: warning: excess elements in array initializer
 2607 | ={8,{0,0,0,0,0,0,0,0}}
      |              ^
imported_source/TENCL040_ESCObjects.h:2607:14: note: (near initialization for 'OnOffContinuousModeGroup0x7008.aEntries')
imported_source/TENCL040_ESCObjects.h:2607:16: warning: excess elements in array initializer
 2607 | ={8,{0,0,0,0,0,0,0,0}}
      |                ^
imported_source/TENCL040_ESCObjects.h:2607:16: note: (near initialization for 'OnOffContinuousModeGroup0x7008.aEntries')
imported_source/TENCL040_ESCObjects.h:2607:18: warning: excess elements in array initializer
 2607 | ={8,{0,0,0,0,0,0,0,0}}
      |                  ^
imported_source/TENCL040_ESCObjects.h:2607:18: note: (near initialization for 'OnOffContinuousModeGroup0x7008.aEntries')
imported_source/TENCL040_ESCObjects.h:2607:20: warning: excess elements in array initializer
 2607 | ={8,{0,0,0,0,0,0,0,0}}
      |                    ^
imported_source/TENCL040_ESCObjects.h:2607:20: note: (near initialization for 'OnOffContinuousModeGroup0x7008.aEntries')
imported_source/TENCL040_ESC.c: In function 'APPL_InputMapping':
imported_source/TENCL040_ESC.c:357:33: warning: case label value exceeds maximum value for type [-Wswitch-outside-range]
  357 |                                 case 0x1A010:
      |                                 ^~~~
imported_source/TENCL040_ESC.c: In function 'APPL_GetDeviceID':
imported_source/TENCL040_ESC.c:427:6: warning: #warning "Implement explicit Device ID latching" [-Wcpp]
  427 |     #warning "Implement explicit Device ID latching"
      |      ^~~~~~~
Info: Compiling imported_source/ax58100_hw.c to obj/default/imported_source/ax58100_hw.o
nios2-elf-gcc.exe -xc -MP -MMD -c -Ic:/Users/guan-ming.dennis-won/Documents/Code/SPI_4_Wire_Serial_Intel_FPGA_IP/software/NIOS_Project_Small_bsp//HAL/inc -Ic:/Users/guan-ming.dennis-won/Documents/Code/SPI_4_Wire_Serial_Intel_FPGA_IP/software/NIOS_Project_Small_bsp/ -Ic:/Users/guan-ming.dennis-won/Documents/Code/SPI_4_Wire_Serial_Intel_FPGA_IP/software/NIOS_Project_Small_bsp//drivers/inc  -pipe -D__hal__ -DALT_NO_C_PLUS_PLUS -DALT_NO_CLEAN_EXIT -D'exit(a)=_exit(a)' -DALT_NO_EXIT -DALT_USE_DIRECT_DRIVERS -DALT_NO_INSTRUCTION_EMULATION -DALT_USE_SMALL_DRIVERS -DSMALL_C_LIB -DALT_SINGLE_THREADED    -Os -g -Wall   -mno-hw-div -mno-hw-div -mhw-mul -mno-hw-mulx -mgpopt=global  -o "obj/default/imported_source/ax58100_hw.o" "imported_source/ax58100_hw.c"
imported_source/ax58100_hw.c: In function 'HW_SPI_Read':
imported_source/ax58100_hw.c:169:25: warning: unused variable 'spi_check' [-Wunused-variable]
  169 |                 uint8_t spi_check =  spi_transmit_receive(ESC_SPI_BASE, 0,
      |                         ^~~~~~~~~
imported_source/ax58100_hw.c: In function 'HW_SPI_Write':
imported_source/ax58100_hw.c:259:25: warning: unused variable 'spi_check' [-Wunused-variable]
  259 |                 uint8_t spi_check =  spi_transmit_receive(ESC_SPI_BASE, 0,
      |                         ^~~~~~~~~
imported_source/ax58100_hw.c: In function 'HW_Init':
imported_source/ax58100_hw.c:333:9: warning: implicit declaration of function 'init_exti0_it' [-Wimplicit-function-declaration]
  333 |         init_exti0_it();
      |         ^~~~~~~~~~~~~
imported_source/ax58100_hw.c: At top level:
imported_source/ax58100_hw.c:61:16: warning: 'HW_SPI_TransmitReceive' defined but not used [-Wunused-function]
   61 | static int32_t HW_SPI_TransmitReceive(uint8_t* pTxData, uint8_t* pRxData,
      |                ^~~~~~~~~~~~~~~~~~~~~~
Info: Compiling imported_source/coeappl.c to obj/default/imported_source/coeappl.o
nios2-elf-gcc.exe -xc -MP -MMD -c -Ic:/Users/guan-ming.dennis-won/Documents/Code/SPI_4_Wire_Serial_Intel_FPGA_IP/software/NIOS_Project_Small_bsp//HAL/inc -Ic:/Users/guan-ming.dennis-won/Documents/Code/SPI_4_Wire_Serial_Intel_FPGA_IP/software/NIOS_Project_Small_bsp/ -Ic:/Users/guan-ming.dennis-won/Documents/Code/SPI_4_Wire_Serial_Intel_FPGA_IP/software/NIOS_Project_Small_bsp//drivers/inc  -pipe -D__hal__ -DALT_NO_C_PLUS_PLUS -DALT_NO_CLEAN_EXIT -D'exit(a)=_exit(a)' -DALT_NO_EXIT -DALT_USE_DIRECT_DRIVERS -DALT_NO_INSTRUCTION_EMULATION -DALT_USE_SMALL_DRIVERS -DSMALL_C_LIB -DALT_SINGLE_THREADED    -Os -g -Wall   -mno-hw-div -mno-hw-div -mhw-mul -mno-hw-mulx -mgpopt=global  -o "obj/default/imported_source/coeappl.o" "imported_source/coeappl.c"
imported_source/coeappl.c: In function 'COE_ObjDictionaryInit':
imported_source/coeappl.c:882:26: warning: the comparison will always evaluate as 'true' for the address of 'ApplicationObjDic' will never be NULL [-Waddress]
  882 |     if(ApplicationObjDic != NULL)
      |                          ^~
In file included from imported_source/../imported_source/TENCL040_ESC.h:41,
                 from imported_source/coeappl.c:132:
imported_source/../imported_source/TENCL040_ESCObjects.h:2619:19: note: 'ApplicationObjDic' declared here
 2619 | TOBJECT    OBJMEM ApplicationObjDic[] = {
      |                   ^~~~~~~~~~~~~~~~~
Info: Compiling imported_source/ecatappl.c to obj/default/imported_source/ecatappl.o
nios2-elf-gcc.exe -xc -MP -MMD -c -Ic:/Users/guan-ming.dennis-won/Documents/Code/SPI_4_Wire_Serial_Intel_FPGA_IP/software/NIOS_Project_Small_bsp//HAL/inc -Ic:/Users/guan-ming.dennis-won/Documents/Code/SPI_4_Wire_Serial_Intel_FPGA_IP/software/NIOS_Project_Small_bsp/ -Ic:/Users/guan-ming.dennis-won/Documents/Code/SPI_4_Wire_Serial_Intel_FPGA_IP/software/NIOS_Project_Small_bsp//drivers/inc  -pipe -D__hal__ -DALT_NO_C_PLUS_PLUS -DALT_NO_CLEAN_EXIT -D'exit(a)=_exit(a)' -DALT_NO_EXIT -DALT_USE_DIRECT_DRIVERS -DALT_NO_INSTRUCTION_EMULATION -DALT_USE_SMALL_DRIVERS -DSMALL_C_LIB -DALT_SINGLE_THREADED    -Os -g -Wall   -mno-hw-div -mno-hw-div -mhw-mul -mno-hw-mulx -mgpopt=global  -o "obj/default/imported_source/ecatappl.o" "imported_source/ecatappl.c"
Info: Compiling imported_source/ecatcoe.c to obj/default/imported_source/ecatcoe.o
nios2-elf-gcc.exe -xc -MP -MMD -c -Ic:/Users/guan-ming.dennis-won/Documents/Code/SPI_4_Wire_Serial_Intel_FPGA_IP/software/NIOS_Project_Small_bsp//HAL/inc -Ic:/Users/guan-ming.dennis-won/Documents/Code/SPI_4_Wire_Serial_Intel_FPGA_IP/software/NIOS_Project_Small_bsp/ -Ic:/Users/guan-ming.dennis-won/Documents/Code/SPI_4_Wire_Serial_Intel_FPGA_IP/software/NIOS_Project_Small_bsp//drivers/inc  -pipe -D__hal__ -DALT_NO_C_PLUS_PLUS -DALT_NO_CLEAN_EXIT -D'exit(a)=_exit(a)' -DALT_NO_EXIT -DALT_USE_DIRECT_DRIVERS -DALT_NO_INSTRUCTION_EMULATION -DALT_USE_SMALL_DRIVERS -DSMALL_C_LIB -DALT_SINGLE_THREADED    -Os -g -Wall   -mno-hw-div -mno-hw-div -mhw-mul -mno-hw-mulx -mgpopt=global  -o "obj/default/imported_source/ecatcoe.o" "imported_source/ecatcoe.c"
Info: Compiling imported_source/ecatslv.c to obj/default/imported_source/ecatslv.o
nios2-elf-gcc.exe -xc -MP -MMD -c -Ic:/Users/guan-ming.dennis-won/Documents/Code/SPI_4_Wire_Serial_Intel_FPGA_IP/software/NIOS_Project_Small_bsp//HAL/inc -Ic:/Users/guan-ming.dennis-won/Documents/Code/SPI_4_Wire_Serial_Intel_FPGA_IP/software/NIOS_Project_Small_bsp/ -Ic:/Users/guan-ming.dennis-won/Documents/Code/SPI_4_Wire_Serial_Intel_FPGA_IP/software/NIOS_Project_Small_bsp//drivers/inc  -pipe -D__hal__ -DALT_NO_C_PLUS_PLUS -DALT_NO_CLEAN_EXIT -D'exit(a)=_exit(a)' -DALT_NO_EXIT -DALT_USE_DIRECT_DRIVERS -DALT_NO_INSTRUCTION_EMULATION -DALT_USE_SMALL_DRIVERS -DSMALL_C_LIB -DALT_SINGLE_THREADED    -Os -g -Wall   -mno-hw-div -mno-hw-div -mhw-mul -mno-hw-mulx -mgpopt=global  -o "obj/default/imported_source/ecatslv.o" "imported_source/ecatslv.c"
Info: Compiling imported_source/mailbox.c to obj/default/imported_source/mailbox.o
nios2-elf-gcc.exe -xc -MP -MMD -c -Ic:/Users/guan-ming.dennis-won/Documents/Code/SPI_4_Wire_Serial_Intel_FPGA_IP/software/NIOS_Project_Small_bsp//HAL/inc -Ic:/Users/guan-ming.dennis-won/Documents/Code/SPI_4_Wire_Serial_Intel_FPGA_IP/software/NIOS_Project_Small_bsp/ -Ic:/Users/guan-ming.dennis-won/Documents/Code/SPI_4_Wire_Serial_Intel_FPGA_IP/software/NIOS_Project_Small_bsp//drivers/inc  -pipe -D__hal__ -DALT_NO_C_PLUS_PLUS -DALT_NO_CLEAN_EXIT -D'exit(a)=_exit(a)' -DALT_NO_EXIT -DALT_USE_DIRECT_DRIVERS -DALT_NO_INSTRUCTION_EMULATION -DALT_USE_SMALL_DRIVERS -DSMALL_C_LIB -DALT_SINGLE_THREADED    -Os -g -Wall   -mno-hw-div -mno-hw-div -mhw-mul -mno-hw-mulx -mgpopt=global  -o "obj/default/imported_source/mailbox.o" "imported_source/mailbox.c"
imported_source/mailbox.c: In function 'MBX_CheckAndCopyMailbox':
imported_source/mailbox.c:760:17: warning: array subscript 'TMBX[0]' is partly outside array bounds of 'unsigned char[10]' [-Warray-bounds]
  760 |             pMbx->MbxHeader.Length     = 4;
      |                 ^~
In file included from imported_source/mailbox.c:138:
imported_source/../imported_source/ecat_def.h:776:51: note: object of size 10 allocated by 'malloc'
  776 | #define APPL_AllocMailboxBuffer(size)             malloc((size))
      |                                                   ^~~~~~~~~~~~~~
imported_source/mailbox.c:753:45: note: in expansion of macro 'APPL_AllocMailboxBuffer'
  753 |         TMBX MBXMEM *pMbx = (TMBX MBXMEM *) APPL_AllocMailboxBuffer(10); /* a mailbox error datagram length*/
      |                                             ^~~~~~~~~~~~~~~~~~~~~~~
imported_source/mailbox.c:762:17: warning: array subscript 'TMBX[0]' is partly outside array bounds of 'unsigned char[10]' [-Warray-bounds]
  762 |             pMbx->Data[0]                        = SWAPWORD(MBXSERVICE_MBXERRORCMD);
      |                 ^~
imported_source/../imported_source/ecat_def.h:776:51: note: object of size 10 allocated by 'malloc'
  776 | #define APPL_AllocMailboxBuffer(size)             malloc((size))
      |                                                   ^~~~~~~~~~~~~~
imported_source/mailbox.c:753:45: note: in expansion of macro 'APPL_AllocMailboxBuffer'
  753 |         TMBX MBXMEM *pMbx = (TMBX MBXMEM *) APPL_AllocMailboxBuffer(10); /* a mailbox error datagram length*/
      |                                             ^~~~~~~~~~~~~~~~~~~~~~~
imported_source/mailbox.c:763:17: warning: array subscript 'TMBX[0]' is partly outside array bounds of 'unsigned char[10]' [-Warray-bounds]
  763 |             pMbx->Data[1]                        = SWAPWORD(MBXERR_NOMOREMEMORY);
      |                 ^~
imported_source/../imported_source/ecat_def.h:776:51: note: object of size 10 allocated by 'malloc'
  776 | #define APPL_AllocMailboxBuffer(size)             malloc((size))
      |                                                   ^~~~~~~~~~~~~~
imported_source/mailbox.c:753:45: note: in expansion of macro 'APPL_AllocMailboxBuffer'
  753 |         TMBX MBXMEM *pMbx = (TMBX MBXMEM *) APPL_AllocMailboxBuffer(10); /* a mailbox error datagram length*/
      |                                             ^~~~~~~~~~~~~~~~~~~~~~~
Info: Compiling imported_source/objdef.c to obj/default/imported_source/objdef.o
nios2-elf-gcc.exe -xc -MP -MMD -c -Ic:/Users/guan-ming.dennis-won/Documents/Code/SPI_4_Wire_Serial_Intel_FPGA_IP/software/NIOS_Project_Small_bsp//HAL/inc -Ic:/Users/guan-ming.dennis-won/Documents/Code/SPI_4_Wire_Serial_Intel_FPGA_IP/software/NIOS_Project_Small_bsp/ -Ic:/Users/guan-ming.dennis-won/Documents/Code/SPI_4_Wire_Serial_Intel_FPGA_IP/software/NIOS_Project_Small_bsp//drivers/inc  -pipe -D__hal__ -DALT_NO_C_PLUS_PLUS -DALT_NO_CLEAN_EXIT -D'exit(a)=_exit(a)' -DALT_NO_EXIT -DALT_USE_DIRECT_DRIVERS -DALT_NO_INSTRUCTION_EMULATION -DALT_USE_SMALL_DRIVERS -DSMALL_C_LIB -DALT_SINGLE_THREADED    -Os -g -Wall   -mno-hw-div -mno-hw-div -mhw-mul -mno-hw-mulx -mgpopt=global  -o "obj/default/imported_source/objdef.o" "imported_source/objdef.c"
Info: Compiling imported_source/sdoserv.c to obj/default/imported_source/sdoserv.o
nios2-elf-gcc.exe -xc -MP -MMD -c -Ic:/Users/guan-ming.dennis-won/Documents/Code/SPI_4_Wire_Serial_Intel_FPGA_IP/software/NIOS_Project_Small_bsp//HAL/inc -Ic:/Users/guan-ming.dennis-won/Documents/Code/SPI_4_Wire_Serial_Intel_FPGA_IP/software/NIOS_Project_Small_bsp/ -Ic:/Users/guan-ming.dennis-won/Documents/Code/SPI_4_Wire_Serial_Intel_FPGA_IP/software/NIOS_Project_Small_bsp//drivers/inc  -pipe -D__hal__ -DALT_NO_C_PLUS_PLUS -DALT_NO_CLEAN_EXIT -D'exit(a)=_exit(a)' -DALT_NO_EXIT -DALT_USE_DIRECT_DRIVERS -DALT_NO_INSTRUCTION_EMULATION -DALT_USE_SMALL_DRIVERS -DSMALL_C_LIB -DALT_SINGLE_THREADED    -Os -g -Wall   -mno-hw-div -mno-hw-div -mhw-mul -mno-hw-mulx -mgpopt=global  -o "obj/default/imported_source/sdoserv.o" "imported_source/sdoserv.c"
Info: Compiling nios_it/nios_it.c to obj/default/nios_it/nios_it.o
nios2-elf-gcc.exe -xc -MP -MMD -c -Ic:/Users/guan-ming.dennis-won/Documents/Code/SPI_4_Wire_Serial_Intel_FPGA_IP/software/NIOS_Project_Small_bsp//HAL/inc -Ic:/Users/guan-ming.dennis-won/Documents/Code/SPI_4_Wire_Serial_Intel_FPGA_IP/software/NIOS_Project_Small_bsp/ -Ic:/Users/guan-ming.dennis-won/Documents/Code/SPI_4_Wire_Serial_Intel_FPGA_IP/software/NIOS_Project_Small_bsp//drivers/inc  -pipe -D__hal__ -DALT_NO_C_PLUS_PLUS -DALT_NO_CLEAN_EXIT -D'exit(a)=_exit(a)' -DALT_NO_EXIT -DALT_USE_DIRECT_DRIVERS -DALT_NO_INSTRUCTION_EMULATION -DALT_USE_SMALL_DRIVERS -DSMALL_C_LIB -DALT_SINGLE_THREADED    -Os -g -Wall   -mno-hw-div -mno-hw-div -mhw-mul -mno-hw-mulx -mgpopt=global  -o "obj/default/nios_it/nios_it.o" "nios_it/nios_it.c"
nios_it/nios_it.c: In function 'exti0_isr':
nios_it/nios_it.c:18:10: warning: implicit declaration of function 'PDI_Isr' [-Wimplicit-function-declaration]
   18 |          PDI_Isr();
      |          ^~~~~~~
nios_it/nios_it.c:21:10: warning: implicit declaration of function 'ECAT_CheckTimer' [-Wimplicit-function-declaration]
   21 |          ECAT_CheckTimer();
      |          ^~~~~~~~~~~~~~~
nios_it/nios_it.c:22:10: warning: implicit declaration of function 'appTimerRun' [-Wimplicit-function-declaration]
   22 |          appTimerRun();
      |          ^~~~~~~~~~~
Info: Compiling peripheral/peripheral_linker.c to obj/default/peripheral/peripheral_linker.o
nios2-elf-gcc.exe -xc -MP -MMD -c -Ic:/Users/guan-ming.dennis-won/Documents/Code/SPI_4_Wire_Serial_Intel_FPGA_IP/software/NIOS_Project_Small_bsp//HAL/inc -Ic:/Users/guan-ming.dennis-won/Documents/Code/SPI_4_Wire_Serial_Intel_FPGA_IP/software/NIOS_Project_Small_bsp/ -Ic:/Users/guan-ming.dennis-won/Documents/Code/SPI_4_Wire_Serial_Intel_FPGA_IP/software/NIOS_Project_Small_bsp//drivers/inc  -pipe -D__hal__ -DALT_NO_C_PLUS_PLUS -DALT_NO_CLEAN_EXIT -D'exit(a)=_exit(a)' -DALT_NO_EXIT -DALT_USE_DIRECT_DRIVERS -DALT_NO_INSTRUCTION_EMULATION -DALT_USE_SMALL_DRIVERS -DSMALL_C_LIB -DALT_SINGLE_THREADED    -Os -g -Wall   -mno-hw-div -mno-hw-div -mhw-mul -mno-hw-mulx -mgpopt=global  -o "obj/default/peripheral/peripheral_linker.o" "peripheral/peripheral_linker.c"
peripheral/peripheral_linker.c: In function 'delay_ms':
peripheral/peripheral_linker.c:8:5: warning: implicit declaration of function 'usleep' [-Wimplicit-function-declaration]
    8 |     usleep(milliseconds * 1000);  // Convert to microseconds
      |     ^~~~~~
peripheral/peripheral_linker.c: In function 'adc_init':
peripheral/peripheral_linker.c:16:13: warning: variable 'spi_check' set but not used [-Wunused-but-set-variable]
   16 |         int spi_check = -1;
      |             ^~~~~~~~~
peripheral/peripheral_linker.c: In function 'adc_init_spi_transmit_receive':
peripheral/peripheral_linker.c:160:13: warning: variable 'spi_check' set but not used [-Wunused-but-set-variable]
  160 |         int spi_check = -1;
      |             ^~~~~~~~~
peripheral/peripheral_linker.c: In function 'spi_transmit_receive':
peripheral/peripheral_linker.c:347:19: warning: implicit declaration of function 'printf' [-Wimplicit-function-declaration]
  347 |                   printf("error!");
      |                   ^~~~~~
peripheral/peripheral_linker.c:2:1: note: include '<stdio.h>' or provide a declaration of 'printf'
    1 | #include "peripheral_linker.h"  // Include the linker header file with peripheral definitions
  +++ |+#include <stdio.h>
    2 | #include "system.h"
peripheral/peripheral_linker.c:347:19: warning: incompatible implicit declaration of built-in function 'printf' [-Wbuiltin-declaration-mismatch]
  347 |                   printf("error!");
      |                   ^~~~~~
peripheral/peripheral_linker.c:347:19: note: include '<stdio.h>' or provide a declaration of 'printf'
Info: Linking NIOS_Project_Small.elf
nios2-elf-g++.exe  -T'c:/Users/guan-ming.dennis-won/Documents/Code/SPI_4_Wire_Serial_Intel_FPGA_IP/software/NIOS_Project_Small_bsp//linker.x' -msys-crt0='c:/Users/guan-ming.dennis-won/Documents/Code/SPI_4_Wire_Serial_Intel_FPGA_IP/software/NIOS_Project_Small_bsp//obj/HAL/src/crt0.o' -msys-lib=hal_bsp -Lc:/Users/guan-ming.dennis-won/Documents/Code/SPI_4_Wire_Serial_Intel_FPGA_IP/software/NIOS_Project_Small_bsp/  -msmallc  -Wl,-Map=NIOS_Project_Small.map   -Os -g -Wall   -mno-hw-div -mno-hw-div -mhw-mul -mno-hw-mulx -mgpopt=global  -o NIOS_Project_Small.elf obj/default/hello_world_small.o obj/default/imported_source/TENCL040_ESC.o obj/default/imported_source/ax58100_hw.o obj/default/imported_source/coeappl.o obj/default/imported_source/ecatappl.o obj/default/imported_source/ecatcoe.o obj/default/imported_source/ecatslv.o obj/default/imported_source/mailbox.o obj/default/imported_source/objdef.o obj/default/imported_source/sdoserv.o obj/default/nios_it/nios_it.o obj/default/peripheral/peripheral_linker.o -lm -msys-lib=m
nios2-elf-insert.exe NIOS_Project_Small.elf --thread_model hal --cpu_name NIOS --qsys true --simulation_enabled false --id 39011 --sidp 0x41060 --timestamp 1747198670 --stderr_dev DEBUG --stdin_dev DEBUG --stdout_dev DEBUG --sopc_system_name spi_platform_designer --quartus_project_dir "c:/Users/guan-ming.dennis-won/Documents/Code/SPI_4_Wire_Serial_Intel_FPGA_IP" --jdi ../..//output_files/spi.jdi --sopcinfo C:/Users/guan-ming.dennis-won/Documents/Code/SPI_4_Wire_Serial_Intel_FPGA_IP/spi_platform_designer.sopcinfo
Info: (NIOS_Project_Small.elf) 42 KBytes program size (code + initialized data).
Info:                          34 KBytes free for stack + heap.
Info: Creating NIOS_Project_Small.objdump
nios2-elf-objdump.exe --disassemble --syms --all-header --source NIOS_Project_Small.elf >NIOS_Project_Small.objdump
[NIOS_Project_Small build complete]
10:15:31 **** Incremental Build of configuration Nios II for project NIOS_Project_Small ****
wsl make all 
Info: Building /mnt/c/Users/guan-ming.dennis-won/Documents/Code/SPI_4_Wire_Serial_Intel_FPGA_IP/software/NIOS_Project_Small_bsp/
make --no-print-directory -C /mnt/c/Users/guan-ming.dennis-won/Documents/Code/SPI_4_Wire_Serial_Intel_FPGA_IP/software/NIOS_Project_Small_bsp/
[BSP build complete]
[NIOS_Project_Small build complete]
10:19:54 **** Clean-only build of configuration Nios II for project NIOS_Project_Small ****
wsl make clean 
[NIOS_Project_Small clean complete]
10:19:55 **** Build of configuration Nios II for project NIOS_Project_Small ****
wsl make all 
Info: Building /mnt/c/Users/guan-ming.dennis-won/Documents/Code/SPI_4_Wire_Serial_Intel_FPGA_IP/software/NIOS_Project_Small_bsp/
make --no-print-directory -C /mnt/c/Users/guan-ming.dennis-won/Documents/Code/SPI_4_Wire_Serial_Intel_FPGA_IP/software/NIOS_Project_Small_bsp/
[BSP build complete]
Info: Compiling hello_world_small.c to obj/default/hello_world_small.o
nios2-elf-gcc.exe -xc -MP -MMD -c -Ic:/Users/guan-ming.dennis-won/Documents/Code/SPI_4_Wire_Serial_Intel_FPGA_IP/software/NIOS_Project_Small_bsp//HAL/inc -Ic:/Users/guan-ming.dennis-won/Documents/Code/SPI_4_Wire_Serial_Intel_FPGA_IP/software/NIOS_Project_Small_bsp/ -Ic:/Users/guan-ming.dennis-won/Documents/Code/SPI_4_Wire_Serial_Intel_FPGA_IP/software/NIOS_Project_Small_bsp//drivers/inc  -pipe -D__hal__ -DALT_NO_C_PLUS_PLUS -DALT_NO_CLEAN_EXIT -D'exit(a)=_exit(a)' -DALT_NO_EXIT -DALT_USE_DIRECT_DRIVERS -DALT_NO_INSTRUCTION_EMULATION -DALT_USE_SMALL_DRIVERS -DSMALL_C_LIB -DALT_SINGLE_THREADED    -Os -g -Wall   -mno-hw-div -mno-hw-div -mhw-mul -mno-hw-mulx -mgpopt=global  -o "obj/default/hello_world_small.o" "hello_world_small.c"
hello_world_small.c: In function 'main':
hello_world_small.c:38:3: warning: implicit declaration of function 'main_initial' [-Wimplicit-function-declaration]
   38 |   main_initial();
      |   ^~~~~~~~~~~~
hello_world_small.c:28:27: warning: unused variable 'invert_me' [-Wunused-variable]
   28 |   static volatile uint8_t invert_me = 1;
      |                           ^~~~~~~~~
hello_world_small.c:27:11: warning: unused variable 'out' [-Wunused-variable]
   27 |   uint8_t out = 0;
      |           ^~~
Info: Compiling imported_source/TENCL040_ESC.c to obj/default/imported_source/TENCL040_ESC.o
nios2-elf-gcc.exe -xc -MP -MMD -c -Ic:/Users/guan-ming.dennis-won/Documents/Code/SPI_4_Wire_Serial_Intel_FPGA_IP/software/NIOS_Project_Small_bsp//HAL/inc -Ic:/Users/guan-ming.dennis-won/Documents/Code/SPI_4_Wire_Serial_Intel_FPGA_IP/software/NIOS_Project_Small_bsp/ -Ic:/Users/guan-ming.dennis-won/Documents/Code/SPI_4_Wire_Serial_Intel_FPGA_IP/software/NIOS_Project_Small_bsp//drivers/inc  -pipe -D__hal__ -DALT_NO_C_PLUS_PLUS -DALT_NO_CLEAN_EXIT -D'exit(a)=_exit(a)' -DALT_NO_EXIT -DALT_USE_DIRECT_DRIVERS -DALT_NO_INSTRUCTION_EMULATION -DALT_USE_SMALL_DRIVERS -DSMALL_C_LIB -DALT_SINGLE_THREADED    -Os -g -Wall   -mno-hw-div -mno-hw-div -mhw-mul -mno-hw-mulx -mgpopt=global  -o "obj/default/imported_source/TENCL040_ESC.o" "imported_source/TENCL040_ESC.c"
In file included from imported_source/TENCL040_ESC.h:41,
                 from imported_source/TENCL040_ESC.c:29:
imported_source/TENCL040_ESCObjects.h:2607:8: warning: excess elements in array initializer
 2607 | ={8,{0,0,0,0,0,0,0,0}}
      |        ^
imported_source/TENCL040_ESCObjects.h:2607:8: note: (near initialization for 'OnOffContinuousModeGroup0x7008.aEntries')
imported_source/TENCL040_ESCObjects.h:2607:10: warning: excess elements in array initializer
 2607 | ={8,{0,0,0,0,0,0,0,0}}
      |          ^
imported_source/TENCL040_ESCObjects.h:2607:10: note: (near initialization for 'OnOffContinuousModeGroup0x7008.aEntries')
imported_source/TENCL040_ESCObjects.h:2607:12: warning: excess elements in array initializer
 2607 | ={8,{0,0,0,0,0,0,0,0}}
      |            ^
imported_source/TENCL040_ESCObjects.h:2607:12: note: (near initialization for 'OnOffContinuousModeGroup0x7008.aEntries')
imported_source/TENCL040_ESCObjects.h:2607:14: warning: excess elements in array initializer
 2607 | ={8,{0,0,0,0,0,0,0,0}}
      |              ^
imported_source/TENCL040_ESCObjects.h:2607:14: note: (near initialization for 'OnOffContinuousModeGroup0x7008.aEntries')
imported_source/TENCL040_ESCObjects.h:2607:16: warning: excess elements in array initializer
 2607 | ={8,{0,0,0,0,0,0,0,0}}
      |                ^
imported_source/TENCL040_ESCObjects.h:2607:16: note: (near initialization for 'OnOffContinuousModeGroup0x7008.aEntries')
imported_source/TENCL040_ESCObjects.h:2607:18: warning: excess elements in array initializer
 2607 | ={8,{0,0,0,0,0,0,0,0}}
      |                  ^
imported_source/TENCL040_ESCObjects.h:2607:18: note: (near initialization for 'OnOffContinuousModeGroup0x7008.aEntries')
imported_source/TENCL040_ESCObjects.h:2607:20: warning: excess elements in array initializer
 2607 | ={8,{0,0,0,0,0,0,0,0}}
      |                    ^
imported_source/TENCL040_ESCObjects.h:2607:20: note: (near initialization for 'OnOffContinuousModeGroup0x7008.aEntries')
imported_source/TENCL040_ESC.c: In function 'APPL_InputMapping':
imported_source/TENCL040_ESC.c:357:33: warning: case label value exceeds maximum value for type [-Wswitch-outside-range]
  357 |                                 case 0x1A010:
      |                                 ^~~~
imported_source/TENCL040_ESC.c: In function 'APPL_GetDeviceID':
imported_source/TENCL040_ESC.c:427:6: warning: #warning "Implement explicit Device ID latching" [-Wcpp]
  427 |     #warning "Implement explicit Device ID latching"
      |      ^~~~~~~
Info: Compiling imported_source/ax58100_hw.c to obj/default/imported_source/ax58100_hw.o
nios2-elf-gcc.exe -xc -MP -MMD -c -Ic:/Users/guan-ming.dennis-won/Documents/Code/SPI_4_Wire_Serial_Intel_FPGA_IP/software/NIOS_Project_Small_bsp//HAL/inc -Ic:/Users/guan-ming.dennis-won/Documents/Code/SPI_4_Wire_Serial_Intel_FPGA_IP/software/NIOS_Project_Small_bsp/ -Ic:/Users/guan-ming.dennis-won/Documents/Code/SPI_4_Wire_Serial_Intel_FPGA_IP/software/NIOS_Project_Small_bsp//drivers/inc  -pipe -D__hal__ -DALT_NO_C_PLUS_PLUS -DALT_NO_CLEAN_EXIT -D'exit(a)=_exit(a)' -DALT_NO_EXIT -DALT_USE_DIRECT_DRIVERS -DALT_NO_INSTRUCTION_EMULATION -DALT_USE_SMALL_DRIVERS -DSMALL_C_LIB -DALT_SINGLE_THREADED    -Os -g -Wall   -mno-hw-div -mno-hw-div -mhw-mul -mno-hw-mulx -mgpopt=global  -o "obj/default/imported_source/ax58100_hw.o" "imported_source/ax58100_hw.c"
imported_source/ax58100_hw.c: In function 'HW_SPI_Read':
imported_source/ax58100_hw.c:169:25: warning: unused variable 'spi_check' [-Wunused-variable]
  169 |                 uint8_t spi_check =  spi_transmit_receive(ESC_SPI_BASE, 0,
      |                         ^~~~~~~~~
imported_source/ax58100_hw.c: In function 'HW_SPI_Write':
imported_source/ax58100_hw.c:259:25: warning: unused variable 'spi_check' [-Wunused-variable]
  259 |                 uint8_t spi_check =  spi_transmit_receive(ESC_SPI_BASE, 0,
      |                         ^~~~~~~~~
imported_source/ax58100_hw.c: In function 'HW_Init':
imported_source/ax58100_hw.c:333:9: warning: implicit declaration of function 'init_exti0_it' [-Wimplicit-function-declaration]
  333 |         init_exti0_it();
      |         ^~~~~~~~~~~~~
imported_source/ax58100_hw.c: At top level:
imported_source/ax58100_hw.c:61:16: warning: 'HW_SPI_TransmitReceive' defined but not used [-Wunused-function]
   61 | static int32_t HW_SPI_TransmitReceive(uint8_t* pTxData, uint8_t* pRxData,
      |                ^~~~~~~~~~~~~~~~~~~~~~
Info: Compiling imported_source/coeappl.c to obj/default/imported_source/coeappl.o
nios2-elf-gcc.exe -xc -MP -MMD -c -Ic:/Users/guan-ming.dennis-won/Documents/Code/SPI_4_Wire_Serial_Intel_FPGA_IP/software/NIOS_Project_Small_bsp//HAL/inc -Ic:/Users/guan-ming.dennis-won/Documents/Code/SPI_4_Wire_Serial_Intel_FPGA_IP/software/NIOS_Project_Small_bsp/ -Ic:/Users/guan-ming.dennis-won/Documents/Code/SPI_4_Wire_Serial_Intel_FPGA_IP/software/NIOS_Project_Small_bsp//drivers/inc  -pipe -D__hal__ -DALT_NO_C_PLUS_PLUS -DALT_NO_CLEAN_EXIT -D'exit(a)=_exit(a)' -DALT_NO_EXIT -DALT_USE_DIRECT_DRIVERS -DALT_NO_INSTRUCTION_EMULATION -DALT_USE_SMALL_DRIVERS -DSMALL_C_LIB -DALT_SINGLE_THREADED    -Os -g -Wall   -mno-hw-div -mno-hw-div -mhw-mul -mno-hw-mulx -mgpopt=global  -o "obj/default/imported_source/coeappl.o" "imported_source/coeappl.c"
imported_source/coeappl.c: In function 'COE_ObjDictionaryInit':
imported_source/coeappl.c:882:26: warning: the comparison will always evaluate as 'true' for the address of 'ApplicationObjDic' will never be NULL [-Waddress]
  882 |     if(ApplicationObjDic != NULL)
      |                          ^~
In file included from imported_source/../imported_source/TENCL040_ESC.h:41,
                 from imported_source/coeappl.c:132:
imported_source/../imported_source/TENCL040_ESCObjects.h:2619:19: note: 'ApplicationObjDic' declared here
 2619 | TOBJECT    OBJMEM ApplicationObjDic[] = {
      |                   ^~~~~~~~~~~~~~~~~
Info: Compiling imported_source/ecatappl.c to obj/default/imported_source/ecatappl.o
nios2-elf-gcc.exe -xc -MP -MMD -c -Ic:/Users/guan-ming.dennis-won/Documents/Code/SPI_4_Wire_Serial_Intel_FPGA_IP/software/NIOS_Project_Small_bsp//HAL/inc -Ic:/Users/guan-ming.dennis-won/Documents/Code/SPI_4_Wire_Serial_Intel_FPGA_IP/software/NIOS_Project_Small_bsp/ -Ic:/Users/guan-ming.dennis-won/Documents/Code/SPI_4_Wire_Serial_Intel_FPGA_IP/software/NIOS_Project_Small_bsp//drivers/inc  -pipe -D__hal__ -DALT_NO_C_PLUS_PLUS -DALT_NO_CLEAN_EXIT -D'exit(a)=_exit(a)' -DALT_NO_EXIT -DALT_USE_DIRECT_DRIVERS -DALT_NO_INSTRUCTION_EMULATION -DALT_USE_SMALL_DRIVERS -DSMALL_C_LIB -DALT_SINGLE_THREADED    -Os -g -Wall   -mno-hw-div -mno-hw-div -mhw-mul -mno-hw-mulx -mgpopt=global  -o "obj/default/imported_source/ecatappl.o" "imported_source/ecatappl.c"
Info: Compiling imported_source/ecatcoe.c to obj/default/imported_source/ecatcoe.o
nios2-elf-gcc.exe -xc -MP -MMD -c -Ic:/Users/guan-ming.dennis-won/Documents/Code/SPI_4_Wire_Serial_Intel_FPGA_IP/software/NIOS_Project_Small_bsp//HAL/inc -Ic:/Users/guan-ming.dennis-won/Documents/Code/SPI_4_Wire_Serial_Intel_FPGA_IP/software/NIOS_Project_Small_bsp/ -Ic:/Users/guan-ming.dennis-won/Documents/Code/SPI_4_Wire_Serial_Intel_FPGA_IP/software/NIOS_Project_Small_bsp//drivers/inc  -pipe -D__hal__ -DALT_NO_C_PLUS_PLUS -DALT_NO_CLEAN_EXIT -D'exit(a)=_exit(a)' -DALT_NO_EXIT -DALT_USE_DIRECT_DRIVERS -DALT_NO_INSTRUCTION_EMULATION -DALT_USE_SMALL_DRIVERS -DSMALL_C_LIB -DALT_SINGLE_THREADED    -Os -g -Wall   -mno-hw-div -mno-hw-div -mhw-mul -mno-hw-mulx -mgpopt=global  -o "obj/default/imported_source/ecatcoe.o" "imported_source/ecatcoe.c"
Info: Compiling imported_source/ecatslv.c to obj/default/imported_source/ecatslv.o
nios2-elf-gcc.exe -xc -MP -MMD -c -Ic:/Users/guan-ming.dennis-won/Documents/Code/SPI_4_Wire_Serial_Intel_FPGA_IP/software/NIOS_Project_Small_bsp//HAL/inc -Ic:/Users/guan-ming.dennis-won/Documents/Code/SPI_4_Wire_Serial_Intel_FPGA_IP/software/NIOS_Project_Small_bsp/ -Ic:/Users/guan-ming.dennis-won/Documents/Code/SPI_4_Wire_Serial_Intel_FPGA_IP/software/NIOS_Project_Small_bsp//drivers/inc  -pipe -D__hal__ -DALT_NO_C_PLUS_PLUS -DALT_NO_CLEAN_EXIT -D'exit(a)=_exit(a)' -DALT_NO_EXIT -DALT_USE_DIRECT_DRIVERS -DALT_NO_INSTRUCTION_EMULATION -DALT_USE_SMALL_DRIVERS -DSMALL_C_LIB -DALT_SINGLE_THREADED    -Os -g -Wall   -mno-hw-div -mno-hw-div -mhw-mul -mno-hw-mulx -mgpopt=global  -o "obj/default/imported_source/ecatslv.o" "imported_source/ecatslv.c"
Info: Compiling imported_source/mailbox.c to obj/default/imported_source/mailbox.o
nios2-elf-gcc.exe -xc -MP -MMD -c -Ic:/Users/guan-ming.dennis-won/Documents/Code/SPI_4_Wire_Serial_Intel_FPGA_IP/software/NIOS_Project_Small_bsp//HAL/inc -Ic:/Users/guan-ming.dennis-won/Documents/Code/SPI_4_Wire_Serial_Intel_FPGA_IP/software/NIOS_Project_Small_bsp/ -Ic:/Users/guan-ming.dennis-won/Documents/Code/SPI_4_Wire_Serial_Intel_FPGA_IP/software/NIOS_Project_Small_bsp//drivers/inc  -pipe -D__hal__ -DALT_NO_C_PLUS_PLUS -DALT_NO_CLEAN_EXIT -D'exit(a)=_exit(a)' -DALT_NO_EXIT -DALT_USE_DIRECT_DRIVERS -DALT_NO_INSTRUCTION_EMULATION -DALT_USE_SMALL_DRIVERS -DSMALL_C_LIB -DALT_SINGLE_THREADED    -Os -g -Wall   -mno-hw-div -mno-hw-div -mhw-mul -mno-hw-mulx -mgpopt=global  -o "obj/default/imported_source/mailbox.o" "imported_source/mailbox.c"
imported_source/mailbox.c: In function 'MBX_CheckAndCopyMailbox':
imported_source/mailbox.c:760:17: warning: array subscript 'TMBX[0]' is partly outside array bounds of 'unsigned char[10]' [-Warray-bounds]
  760 |             pMbx->MbxHeader.Length     = 4;
      |                 ^~
In file included from imported_source/mailbox.c:138:
imported_source/../imported_source/ecat_def.h:776:51: note: object of size 10 allocated by 'malloc'
  776 | #define APPL_AllocMailboxBuffer(size)             malloc((size))
      |                                                   ^~~~~~~~~~~~~~
imported_source/mailbox.c:753:45: note: in expansion of macro 'APPL_AllocMailboxBuffer'
  753 |         TMBX MBXMEM *pMbx = (TMBX MBXMEM *) APPL_AllocMailboxBuffer(10); /* a mailbox error datagram length*/
      |                                             ^~~~~~~~~~~~~~~~~~~~~~~
imported_source/mailbox.c:762:17: warning: array subscript 'TMBX[0]' is partly outside array bounds of 'unsigned char[10]' [-Warray-bounds]
  762 |             pMbx->Data[0]                        = SWAPWORD(MBXSERVICE_MBXERRORCMD);
      |                 ^~
imported_source/../imported_source/ecat_def.h:776:51: note: object of size 10 allocated by 'malloc'
  776 | #define APPL_AllocMailboxBuffer(size)             malloc((size))
      |                                                   ^~~~~~~~~~~~~~
imported_source/mailbox.c:753:45: note: in expansion of macro 'APPL_AllocMailboxBuffer'
  753 |         TMBX MBXMEM *pMbx = (TMBX MBXMEM *) APPL_AllocMailboxBuffer(10); /* a mailbox error datagram length*/
      |                                             ^~~~~~~~~~~~~~~~~~~~~~~
imported_source/mailbox.c:763:17: warning: array subscript 'TMBX[0]' is partly outside array bounds of 'unsigned char[10]' [-Warray-bounds]
  763 |             pMbx->Data[1]                        = SWAPWORD(MBXERR_NOMOREMEMORY);
      |                 ^~
imported_source/../imported_source/ecat_def.h:776:51: note: object of size 10 allocated by 'malloc'
  776 | #define APPL_AllocMailboxBuffer(size)             malloc((size))
      |                                                   ^~~~~~~~~~~~~~
imported_source/mailbox.c:753:45: note: in expansion of macro 'APPL_AllocMailboxBuffer'
  753 |         TMBX MBXMEM *pMbx = (TMBX MBXMEM *) APPL_AllocMailboxBuffer(10); /* a mailbox error datagram length*/
      |                                             ^~~~~~~~~~~~~~~~~~~~~~~
Info: Compiling imported_source/objdef.c to obj/default/imported_source/objdef.o
nios2-elf-gcc.exe -xc -MP -MMD -c -Ic:/Users/guan-ming.dennis-won/Documents/Code/SPI_4_Wire_Serial_Intel_FPGA_IP/software/NIOS_Project_Small_bsp//HAL/inc -Ic:/Users/guan-ming.dennis-won/Documents/Code/SPI_4_Wire_Serial_Intel_FPGA_IP/software/NIOS_Project_Small_bsp/ -Ic:/Users/guan-ming.dennis-won/Documents/Code/SPI_4_Wire_Serial_Intel_FPGA_IP/software/NIOS_Project_Small_bsp//drivers/inc  -pipe -D__hal__ -DALT_NO_C_PLUS_PLUS -DALT_NO_CLEAN_EXIT -D'exit(a)=_exit(a)' -DALT_NO_EXIT -DALT_USE_DIRECT_DRIVERS -DALT_NO_INSTRUCTION_EMULATION -DALT_USE_SMALL_DRIVERS -DSMALL_C_LIB -DALT_SINGLE_THREADED    -Os -g -Wall   -mno-hw-div -mno-hw-div -mhw-mul -mno-hw-mulx -mgpopt=global  -o "obj/default/imported_source/objdef.o" "imported_source/objdef.c"
Info: Compiling imported_source/sdoserv.c to obj/default/imported_source/sdoserv.o
nios2-elf-gcc.exe -xc -MP -MMD -c -Ic:/Users/guan-ming.dennis-won/Documents/Code/SPI_4_Wire_Serial_Intel_FPGA_IP/software/NIOS_Project_Small_bsp//HAL/inc -Ic:/Users/guan-ming.dennis-won/Documents/Code/SPI_4_Wire_Serial_Intel_FPGA_IP/software/NIOS_Project_Small_bsp/ -Ic:/Users/guan-ming.dennis-won/Documents/Code/SPI_4_Wire_Serial_Intel_FPGA_IP/software/NIOS_Project_Small_bsp//drivers/inc  -pipe -D__hal__ -DALT_NO_C_PLUS_PLUS -DALT_NO_CLEAN_EXIT -D'exit(a)=_exit(a)' -DALT_NO_EXIT -DALT_USE_DIRECT_DRIVERS -DALT_NO_INSTRUCTION_EMULATION -DALT_USE_SMALL_DRIVERS -DSMALL_C_LIB -DALT_SINGLE_THREADED    -Os -g -Wall   -mno-hw-div -mno-hw-div -mhw-mul -mno-hw-mulx -mgpopt=global  -o "obj/default/imported_source/sdoserv.o" "imported_source/sdoserv.c"
Info: Compiling nios_it/nios_it.c to obj/default/nios_it/nios_it.o
nios2-elf-gcc.exe -xc -MP -MMD -c -Ic:/Users/guan-ming.dennis-won/Documents/Code/SPI_4_Wire_Serial_Intel_FPGA_IP/software/NIOS_Project_Small_bsp//HAL/inc -Ic:/Users/guan-ming.dennis-won/Documents/Code/SPI_4_Wire_Serial_Intel_FPGA_IP/software/NIOS_Project_Small_bsp/ -Ic:/Users/guan-ming.dennis-won/Documents/Code/SPI_4_Wire_Serial_Intel_FPGA_IP/software/NIOS_Project_Small_bsp//drivers/inc  -pipe -D__hal__ -DALT_NO_C_PLUS_PLUS -DALT_NO_CLEAN_EXIT -D'exit(a)=_exit(a)' -DALT_NO_EXIT -DALT_USE_DIRECT_DRIVERS -DALT_NO_INSTRUCTION_EMULATION -DALT_USE_SMALL_DRIVERS -DSMALL_C_LIB -DALT_SINGLE_THREADED    -Os -g -Wall   -mno-hw-div -mno-hw-div -mhw-mul -mno-hw-mulx -mgpopt=global  -o "obj/default/nios_it/nios_it.o" "nios_it/nios_it.c"
nios_it/nios_it.c: In function 'exti0_isr':
nios_it/nios_it.c:18:10: warning: implicit declaration of function 'PDI_Isr' [-Wimplicit-function-declaration]
   18 |          PDI_Isr();
      |          ^~~~~~~
nios_it/nios_it.c:21:10: warning: implicit declaration of function 'ECAT_CheckTimer' [-Wimplicit-function-declaration]
   21 |          ECAT_CheckTimer();
      |          ^~~~~~~~~~~~~~~
nios_it/nios_it.c:22:10: warning: implicit declaration of function 'appTimerRun' [-Wimplicit-function-declaration]
   22 |          appTimerRun();
      |          ^~~~~~~~~~~
Info: Compiling peripheral/peripheral_linker.c to obj/default/peripheral/peripheral_linker.o
nios2-elf-gcc.exe -xc -MP -MMD -c -Ic:/Users/guan-ming.dennis-won/Documents/Code/SPI_4_Wire_Serial_Intel_FPGA_IP/software/NIOS_Project_Small_bsp//HAL/inc -Ic:/Users/guan-ming.dennis-won/Documents/Code/SPI_4_Wire_Serial_Intel_FPGA_IP/software/NIOS_Project_Small_bsp/ -Ic:/Users/guan-ming.dennis-won/Documents/Code/SPI_4_Wire_Serial_Intel_FPGA_IP/software/NIOS_Project_Small_bsp//drivers/inc  -pipe -D__hal__ -DALT_NO_C_PLUS_PLUS -DALT_NO_CLEAN_EXIT -D'exit(a)=_exit(a)' -DALT_NO_EXIT -DALT_USE_DIRECT_DRIVERS -DALT_NO_INSTRUCTION_EMULATION -DALT_USE_SMALL_DRIVERS -DSMALL_C_LIB -DALT_SINGLE_THREADED    -Os -g -Wall   -mno-hw-div -mno-hw-div -mhw-mul -mno-hw-mulx -mgpopt=global  -o "obj/default/peripheral/peripheral_linker.o" "peripheral/peripheral_linker.c"
peripheral/peripheral_linker.c: In function 'delay_ms':
peripheral/peripheral_linker.c:8:5: warning: implicit declaration of function 'usleep' [-Wimplicit-function-declaration]
    8 |     usleep(milliseconds * 1000);  // Convert to microseconds
      |     ^~~~~~
peripheral/peripheral_linker.c: In function 'adc_init':
peripheral/peripheral_linker.c:16:13: warning: variable 'spi_check' set but not used [-Wunused-but-set-variable]
   16 |         int spi_check = -1;
      |             ^~~~~~~~~
peripheral/peripheral_linker.c: In function 'adc_init_spi_transmit_receive':
peripheral/peripheral_linker.c:160:13: warning: variable 'spi_check' set but not used [-Wunused-but-set-variable]
  160 |         int spi_check = -1;
      |             ^~~~~~~~~
peripheral/peripheral_linker.c: In function 'spi_transmit_receive':
peripheral/peripheral_linker.c:347:19: warning: implicit declaration of function 'printf' [-Wimplicit-function-declaration]
  347 |                   printf("error!");
      |                   ^~~~~~
peripheral/peripheral_linker.c:2:1: note: include '<stdio.h>' or provide a declaration of 'printf'
    1 | #include "peripheral_linker.h"  // Include the linker header file with peripheral definitions
  +++ |+#include <stdio.h>
    2 | #include "system.h"
peripheral/peripheral_linker.c:347:19: warning: incompatible implicit declaration of built-in function 'printf' [-Wbuiltin-declaration-mismatch]
  347 |                   printf("error!");
      |                   ^~~~~~
peripheral/peripheral_linker.c:347:19: note: include '<stdio.h>' or provide a declaration of 'printf'
Info: Linking NIOS_Project_Small.elf
nios2-elf-g++.exe  -T'c:/Users/guan-ming.dennis-won/Documents/Code/SPI_4_Wire_Serial_Intel_FPGA_IP/software/NIOS_Project_Small_bsp//linker.x' -msys-crt0='c:/Users/guan-ming.dennis-won/Documents/Code/SPI_4_Wire_Serial_Intel_FPGA_IP/software/NIOS_Project_Small_bsp//obj/HAL/src/crt0.o' -msys-lib=hal_bsp -Lc:/Users/guan-ming.dennis-won/Documents/Code/SPI_4_Wire_Serial_Intel_FPGA_IP/software/NIOS_Project_Small_bsp/  -msmallc  -Wl,-Map=NIOS_Project_Small.map   -Os -g -Wall   -mno-hw-div -mno-hw-div -mhw-mul -mno-hw-mulx -mgpopt=global  -o NIOS_Project_Small.elf obj/default/hello_world_small.o obj/default/imported_source/TENCL040_ESC.o obj/default/imported_source/ax58100_hw.o obj/default/imported_source/coeappl.o obj/default/imported_source/ecatappl.o obj/default/imported_source/ecatcoe.o obj/default/imported_source/ecatslv.o obj/default/imported_source/mailbox.o obj/default/imported_source/objdef.o obj/default/imported_source/sdoserv.o obj/default/nios_it/nios_it.o obj/default/peripheral/peripheral_linker.o -lm -msys-lib=m
nios2-elf-insert.exe NIOS_Project_Small.elf --thread_model hal --cpu_name NIOS --qsys true --simulation_enabled false --id 39011 --sidp 0x41060 --timestamp 1747198670 --stderr_dev DEBUG --stdin_dev DEBUG --stdout_dev DEBUG --sopc_system_name spi_platform_designer --quartus_project_dir "c:/Users/guan-ming.dennis-won/Documents/Code/SPI_4_Wire_Serial_Intel_FPGA_IP" --jdi ../..//output_files/spi.jdi --sopcinfo C:/Users/guan-ming.dennis-won/Documents/Code/SPI_4_Wire_Serial_Intel_FPGA_IP/spi_platform_designer.sopcinfo
Info: (NIOS_Project_Small.elf) 42 KBytes program size (code + initialized data).
Info:                          34 KBytes free for stack + heap.
Info: Creating NIOS_Project_Small.objdump
nios2-elf-objdump.exe --disassemble --syms --all-header --source NIOS_Project_Small.elf >NIOS_Project_Small.objdump
[NIOS_Project_Small build complete]
10:20:12 **** Incremental Build of configuration Nios II for project NIOS_Project_Small ****
wsl make all 
Info: Building /mnt/c/Users/guan-ming.dennis-won/Documents/Code/SPI_4_Wire_Serial_Intel_FPGA_IP/software/NIOS_Project_Small_bsp/
make --no-print-directory -C /mnt/c/Users/guan-ming.dennis-won/Documents/Code/SPI_4_Wire_Serial_Intel_FPGA_IP/software/NIOS_Project_Small_bsp/
[BSP build complete]
[NIOS_Project_Small build complete]
10:24:38 **** Clean-only build of configuration Nios II for project NIOS_Project_Small ****
wsl make clean 
[NIOS_Project_Small clean complete]
10:24:38 **** Build of configuration Nios II for project NIOS_Project_Small ****
wsl make all 
Info: Building /mnt/c/Users/guan-ming.dennis-won/Documents/Code/SPI_4_Wire_Serial_Intel_FPGA_IP/software/NIOS_Project_Small_bsp/
make --no-print-directory -C /mnt/c/Users/guan-ming.dennis-won/Documents/Code/SPI_4_Wire_Serial_Intel_FPGA_IP/software/NIOS_Project_Small_bsp/
[BSP build complete]
Info: Compiling hello_world_small.c to obj/default/hello_world_small.o
nios2-elf-gcc.exe -xc -MP -MMD -c -Ic:/Users/guan-ming.dennis-won/Documents/Code/SPI_4_Wire_Serial_Intel_FPGA_IP/software/NIOS_Project_Small_bsp//HAL/inc -Ic:/Users/guan-ming.dennis-won/Documents/Code/SPI_4_Wire_Serial_Intel_FPGA_IP/software/NIOS_Project_Small_bsp/ -Ic:/Users/guan-ming.dennis-won/Documents/Code/SPI_4_Wire_Serial_Intel_FPGA_IP/software/NIOS_Project_Small_bsp//drivers/inc  -pipe -D__hal__ -DALT_NO_C_PLUS_PLUS -DALT_NO_CLEAN_EXIT -D'exit(a)=_exit(a)' -DALT_NO_EXIT -DALT_USE_DIRECT_DRIVERS -DALT_NO_INSTRUCTION_EMULATION -DALT_USE_SMALL_DRIVERS -DSMALL_C_LIB -DALT_SINGLE_THREADED    -Os -g -Wall   -mno-hw-div -mno-hw-div -mhw-mul -mno-hw-mulx -mgpopt=global  -o "obj/default/hello_world_small.o" "hello_world_small.c"
hello_world_small.c: In function 'main':
hello_world_small.c:38:3: warning: implicit declaration of function 'main_initial' [-Wimplicit-function-declaration]
   38 |   main_initial();
      |   ^~~~~~~~~~~~
hello_world_small.c:28:27: warning: unused variable 'invert_me' [-Wunused-variable]
   28 |   static volatile uint8_t invert_me = 1;
      |                           ^~~~~~~~~
hello_world_small.c:27:11: warning: unused variable 'out' [-Wunused-variable]
   27 |   uint8_t out = 0;
      |           ^~~
Info: Compiling imported_source/TENCL040_ESC.c to obj/default/imported_source/TENCL040_ESC.o
nios2-elf-gcc.exe -xc -MP -MMD -c -Ic:/Users/guan-ming.dennis-won/Documents/Code/SPI_4_Wire_Serial_Intel_FPGA_IP/software/NIOS_Project_Small_bsp//HAL/inc -Ic:/Users/guan-ming.dennis-won/Documents/Code/SPI_4_Wire_Serial_Intel_FPGA_IP/software/NIOS_Project_Small_bsp/ -Ic:/Users/guan-ming.dennis-won/Documents/Code/SPI_4_Wire_Serial_Intel_FPGA_IP/software/NIOS_Project_Small_bsp//drivers/inc  -pipe -D__hal__ -DALT_NO_C_PLUS_PLUS -DALT_NO_CLEAN_EXIT -D'exit(a)=_exit(a)' -DALT_NO_EXIT -DALT_USE_DIRECT_DRIVERS -DALT_NO_INSTRUCTION_EMULATION -DALT_USE_SMALL_DRIVERS -DSMALL_C_LIB -DALT_SINGLE_THREADED    -Os -g -Wall   -mno-hw-div -mno-hw-div -mhw-mul -mno-hw-mulx -mgpopt=global  -o "obj/default/imported_source/TENCL040_ESC.o" "imported_source/TENCL040_ESC.c"
imported_source/TENCL040_ESC.c: In function 'APPL_GetDeviceID':
imported_source/TENCL040_ESC.c:449:6: warning: #warning "Implement explicit Device ID latching" [-Wcpp]
  449 |     #warning "Implement explicit Device ID latching"
      |      ^~~~~~~
Info: Compiling imported_source/ax58100_hw.c to obj/default/imported_source/ax58100_hw.o
nios2-elf-gcc.exe -xc -MP -MMD -c -Ic:/Users/guan-ming.dennis-won/Documents/Code/SPI_4_Wire_Serial_Intel_FPGA_IP/software/NIOS_Project_Small_bsp//HAL/inc -Ic:/Users/guan-ming.dennis-won/Documents/Code/SPI_4_Wire_Serial_Intel_FPGA_IP/software/NIOS_Project_Small_bsp/ -Ic:/Users/guan-ming.dennis-won/Documents/Code/SPI_4_Wire_Serial_Intel_FPGA_IP/software/NIOS_Project_Small_bsp//drivers/inc  -pipe -D__hal__ -DALT_NO_C_PLUS_PLUS -DALT_NO_CLEAN_EXIT -D'exit(a)=_exit(a)' -DALT_NO_EXIT -DALT_USE_DIRECT_DRIVERS -DALT_NO_INSTRUCTION_EMULATION -DALT_USE_SMALL_DRIVERS -DSMALL_C_LIB -DALT_SINGLE_THREADED    -Os -g -Wall   -mno-hw-div -mno-hw-div -mhw-mul -mno-hw-mulx -mgpopt=global  -o "obj/default/imported_source/ax58100_hw.o" "imported_source/ax58100_hw.c"
imported_source/ax58100_hw.c: In function 'HW_SPI_Read':
imported_source/ax58100_hw.c:169:25: warning: unused variable 'spi_check' [-Wunused-variable]
  169 |                 uint8_t spi_check =  spi_transmit_receive(ESC_SPI_BASE, 0,
      |                         ^~~~~~~~~
imported_source/ax58100_hw.c: In function 'HW_SPI_Write':
imported_source/ax58100_hw.c:259:25: warning: unused variable 'spi_check' [-Wunused-variable]
  259 |                 uint8_t spi_check =  spi_transmit_receive(ESC_SPI_BASE, 0,
      |                         ^~~~~~~~~
imported_source/ax58100_hw.c: In function 'HW_Init':
imported_source/ax58100_hw.c:333:9: warning: implicit declaration of function 'init_exti0_it' [-Wimplicit-function-declaration]
  333 |         init_exti0_it();
      |         ^~~~~~~~~~~~~
imported_source/ax58100_hw.c: At top level:
imported_source/ax58100_hw.c:61:16: warning: 'HW_SPI_TransmitReceive' defined but not used [-Wunused-function]
   61 | static int32_t HW_SPI_TransmitReceive(uint8_t* pTxData, uint8_t* pRxData,
      |                ^~~~~~~~~~~~~~~~~~~~~~
Info: Compiling imported_source/coeappl.c to obj/default/imported_source/coeappl.o
nios2-elf-gcc.exe -xc -MP -MMD -c -Ic:/Users/guan-ming.dennis-won/Documents/Code/SPI_4_Wire_Serial_Intel_FPGA_IP/software/NIOS_Project_Small_bsp//HAL/inc -Ic:/Users/guan-ming.dennis-won/Documents/Code/SPI_4_Wire_Serial_Intel_FPGA_IP/software/NIOS_Project_Small_bsp/ -Ic:/Users/guan-ming.dennis-won/Documents/Code/SPI_4_Wire_Serial_Intel_FPGA_IP/software/NIOS_Project_Small_bsp//drivers/inc  -pipe -D__hal__ -DALT_NO_C_PLUS_PLUS -DALT_NO_CLEAN_EXIT -D'exit(a)=_exit(a)' -DALT_NO_EXIT -DALT_USE_DIRECT_DRIVERS -DALT_NO_INSTRUCTION_EMULATION -DALT_USE_SMALL_DRIVERS -DSMALL_C_LIB -DALT_SINGLE_THREADED    -Os -g -Wall   -mno-hw-div -mno-hw-div -mhw-mul -mno-hw-mulx -mgpopt=global  -o "obj/default/imported_source/coeappl.o" "imported_source/coeappl.c"
imported_source/coeappl.c: In function 'COE_ObjDictionaryInit':
imported_source/coeappl.c:882:26: warning: the comparison will always evaluate as 'true' for the address of 'ApplicationObjDic' will never be NULL [-Waddress]
  882 |     if(ApplicationObjDic != NULL)
      |                          ^~
In file included from imported_source/../imported_source/TENCL040_ESC.h:41,
                 from imported_source/coeappl.c:132:
imported_source/../imported_source/TENCL040_ESCObjects.h:547:19: note: 'ApplicationObjDic' declared here
  547 | TOBJECT    OBJMEM ApplicationObjDic[] = {
      |                   ^~~~~~~~~~~~~~~~~
Info: Compiling imported_source/ecatappl.c to obj/default/imported_source/ecatappl.o
nios2-elf-gcc.exe -xc -MP -MMD -c -Ic:/Users/guan-ming.dennis-won/Documents/Code/SPI_4_Wire_Serial_Intel_FPGA_IP/software/NIOS_Project_Small_bsp//HAL/inc -Ic:/Users/guan-ming.dennis-won/Documents/Code/SPI_4_Wire_Serial_Intel_FPGA_IP/software/NIOS_Project_Small_bsp/ -Ic:/Users/guan-ming.dennis-won/Documents/Code/SPI_4_Wire_Serial_Intel_FPGA_IP/software/NIOS_Project_Small_bsp//drivers/inc  -pipe -D__hal__ -DALT_NO_C_PLUS_PLUS -DALT_NO_CLEAN_EXIT -D'exit(a)=_exit(a)' -DALT_NO_EXIT -DALT_USE_DIRECT_DRIVERS -DALT_NO_INSTRUCTION_EMULATION -DALT_USE_SMALL_DRIVERS -DSMALL_C_LIB -DALT_SINGLE_THREADED    -Os -g -Wall   -mno-hw-div -mno-hw-div -mhw-mul -mno-hw-mulx -mgpopt=global  -o "obj/default/imported_source/ecatappl.o" "imported_source/ecatappl.c"
Info: Compiling imported_source/ecatcoe.c to obj/default/imported_source/ecatcoe.o
nios2-elf-gcc.exe -xc -MP -MMD -c -Ic:/Users/guan-ming.dennis-won/Documents/Code/SPI_4_Wire_Serial_Intel_FPGA_IP/software/NIOS_Project_Small_bsp//HAL/inc -Ic:/Users/guan-ming.dennis-won/Documents/Code/SPI_4_Wire_Serial_Intel_FPGA_IP/software/NIOS_Project_Small_bsp/ -Ic:/Users/guan-ming.dennis-won/Documents/Code/SPI_4_Wire_Serial_Intel_FPGA_IP/software/NIOS_Project_Small_bsp//drivers/inc  -pipe -D__hal__ -DALT_NO_C_PLUS_PLUS -DALT_NO_CLEAN_EXIT -D'exit(a)=_exit(a)' -DALT_NO_EXIT -DALT_USE_DIRECT_DRIVERS -DALT_NO_INSTRUCTION_EMULATION -DALT_USE_SMALL_DRIVERS -DSMALL_C_LIB -DALT_SINGLE_THREADED    -Os -g -Wall   -mno-hw-div -mno-hw-div -mhw-mul -mno-hw-mulx -mgpopt=global  -o "obj/default/imported_source/ecatcoe.o" "imported_source/ecatcoe.c"
Info: Compiling imported_source/ecatslv.c to obj/default/imported_source/ecatslv.o
nios2-elf-gcc.exe -xc -MP -MMD -c -Ic:/Users/guan-ming.dennis-won/Documents/Code/SPI_4_Wire_Serial_Intel_FPGA_IP/software/NIOS_Project_Small_bsp//HAL/inc -Ic:/Users/guan-ming.dennis-won/Documents/Code/SPI_4_Wire_Serial_Intel_FPGA_IP/software/NIOS_Project_Small_bsp/ -Ic:/Users/guan-ming.dennis-won/Documents/Code/SPI_4_Wire_Serial_Intel_FPGA_IP/software/NIOS_Project_Small_bsp//drivers/inc  -pipe -D__hal__ -DALT_NO_C_PLUS_PLUS -DALT_NO_CLEAN_EXIT -D'exit(a)=_exit(a)' -DALT_NO_EXIT -DALT_USE_DIRECT_DRIVERS -DALT_NO_INSTRUCTION_EMULATION -DALT_USE_SMALL_DRIVERS -DSMALL_C_LIB -DALT_SINGLE_THREADED    -Os -g -Wall   -mno-hw-div -mno-hw-div -mhw-mul -mno-hw-mulx -mgpopt=global  -o "obj/default/imported_source/ecatslv.o" "imported_source/ecatslv.c"
Info: Compiling imported_source/mailbox.c to obj/default/imported_source/mailbox.o
nios2-elf-gcc.exe -xc -MP -MMD -c -Ic:/Users/guan-ming.dennis-won/Documents/Code/SPI_4_Wire_Serial_Intel_FPGA_IP/software/NIOS_Project_Small_bsp//HAL/inc -Ic:/Users/guan-ming.dennis-won/Documents/Code/SPI_4_Wire_Serial_Intel_FPGA_IP/software/NIOS_Project_Small_bsp/ -Ic:/Users/guan-ming.dennis-won/Documents/Code/SPI_4_Wire_Serial_Intel_FPGA_IP/software/NIOS_Project_Small_bsp//drivers/inc  -pipe -D__hal__ -DALT_NO_C_PLUS_PLUS -DALT_NO_CLEAN_EXIT -D'exit(a)=_exit(a)' -DALT_NO_EXIT -DALT_USE_DIRECT_DRIVERS -DALT_NO_INSTRUCTION_EMULATION -DALT_USE_SMALL_DRIVERS -DSMALL_C_LIB -DALT_SINGLE_THREADED    -Os -g -Wall   -mno-hw-div -mno-hw-div -mhw-mul -mno-hw-mulx -mgpopt=global  -o "obj/default/imported_source/mailbox.o" "imported_source/mailbox.c"
imported_source/mailbox.c: In function 'MBX_CheckAndCopyMailbox':
imported_source/mailbox.c:760:17: warning: array subscript 'TMBX[0]' is partly outside array bounds of 'unsigned char[10]' [-Warray-bounds]
  760 |             pMbx->MbxHeader.Length     = 4;
      |                 ^~
In file included from imported_source/mailbox.c:138:
imported_source/../imported_source/ecat_def.h:776:51: note: object of size 10 allocated by 'malloc'
  776 | #define APPL_AllocMailboxBuffer(size)             malloc((size))
      |                                                   ^~~~~~~~~~~~~~
imported_source/mailbox.c:753:45: note: in expansion of macro 'APPL_AllocMailboxBuffer'
  753 |         TMBX MBXMEM *pMbx = (TMBX MBXMEM *) APPL_AllocMailboxBuffer(10); /* a mailbox error datagram length*/
      |                                             ^~~~~~~~~~~~~~~~~~~~~~~
imported_source/mailbox.c:762:17: warning: array subscript 'TMBX[0]' is partly outside array bounds of 'unsigned char[10]' [-Warray-bounds]
  762 |             pMbx->Data[0]                        = SWAPWORD(MBXSERVICE_MBXERRORCMD);
      |                 ^~
imported_source/../imported_source/ecat_def.h:776:51: note: object of size 10 allocated by 'malloc'
  776 | #define APPL_AllocMailboxBuffer(size)             malloc((size))
      |                                                   ^~~~~~~~~~~~~~
imported_source/mailbox.c:753:45: note: in expansion of macro 'APPL_AllocMailboxBuffer'
  753 |         TMBX MBXMEM *pMbx = (TMBX MBXMEM *) APPL_AllocMailboxBuffer(10); /* a mailbox error datagram length*/
      |                                             ^~~~~~~~~~~~~~~~~~~~~~~
imported_source/mailbox.c:763:17: warning: array subscript 'TMBX[0]' is partly outside array bounds of 'unsigned char[10]' [-Warray-bounds]
  763 |             pMbx->Data[1]                        = SWAPWORD(MBXERR_NOMOREMEMORY);
      |                 ^~
imported_source/../imported_source/ecat_def.h:776:51: note: object of size 10 allocated by 'malloc'
  776 | #define APPL_AllocMailboxBuffer(size)             malloc((size))
      |                                                   ^~~~~~~~~~~~~~
imported_source/mailbox.c:753:45: note: in expansion of macro 'APPL_AllocMailboxBuffer'
  753 |         TMBX MBXMEM *pMbx = (TMBX MBXMEM *) APPL_AllocMailboxBuffer(10); /* a mailbox error datagram length*/
      |                                             ^~~~~~~~~~~~~~~~~~~~~~~
Info: Compiling imported_source/objdef.c to obj/default/imported_source/objdef.o
nios2-elf-gcc.exe -xc -MP -MMD -c -Ic:/Users/guan-ming.dennis-won/Documents/Code/SPI_4_Wire_Serial_Intel_FPGA_IP/software/NIOS_Project_Small_bsp//HAL/inc -Ic:/Users/guan-ming.dennis-won/Documents/Code/SPI_4_Wire_Serial_Intel_FPGA_IP/software/NIOS_Project_Small_bsp/ -Ic:/Users/guan-ming.dennis-won/Documents/Code/SPI_4_Wire_Serial_Intel_FPGA_IP/software/NIOS_Project_Small_bsp//drivers/inc  -pipe -D__hal__ -DALT_NO_C_PLUS_PLUS -DALT_NO_CLEAN_EXIT -D'exit(a)=_exit(a)' -DALT_NO_EXIT -DALT_USE_DIRECT_DRIVERS -DALT_NO_INSTRUCTION_EMULATION -DALT_USE_SMALL_DRIVERS -DSMALL_C_LIB -DALT_SINGLE_THREADED    -Os -g -Wall   -mno-hw-div -mno-hw-div -mhw-mul -mno-hw-mulx -mgpopt=global  -o "obj/default/imported_source/objdef.o" "imported_source/objdef.c"
Info: Compiling imported_source/sdoserv.c to obj/default/imported_source/sdoserv.o
nios2-elf-gcc.exe -xc -MP -MMD -c -Ic:/Users/guan-ming.dennis-won/Documents/Code/SPI_4_Wire_Serial_Intel_FPGA_IP/software/NIOS_Project_Small_bsp//HAL/inc -Ic:/Users/guan-ming.dennis-won/Documents/Code/SPI_4_Wire_Serial_Intel_FPGA_IP/software/NIOS_Project_Small_bsp/ -Ic:/Users/guan-ming.dennis-won/Documents/Code/SPI_4_Wire_Serial_Intel_FPGA_IP/software/NIOS_Project_Small_bsp//drivers/inc  -pipe -D__hal__ -DALT_NO_C_PLUS_PLUS -DALT_NO_CLEAN_EXIT -D'exit(a)=_exit(a)' -DALT_NO_EXIT -DALT_USE_DIRECT_DRIVERS -DALT_NO_INSTRUCTION_EMULATION -DALT_USE_SMALL_DRIVERS -DSMALL_C_LIB -DALT_SINGLE_THREADED    -Os -g -Wall   -mno-hw-div -mno-hw-div -mhw-mul -mno-hw-mulx -mgpopt=global  -o "obj/default/imported_source/sdoserv.o" "imported_source/sdoserv.c"
Info: Compiling nios_it/nios_it.c to obj/default/nios_it/nios_it.o
nios2-elf-gcc.exe -xc -MP -MMD -c -Ic:/Users/guan-ming.dennis-won/Documents/Code/SPI_4_Wire_Serial_Intel_FPGA_IP/software/NIOS_Project_Small_bsp//HAL/inc -Ic:/Users/guan-ming.dennis-won/Documents/Code/SPI_4_Wire_Serial_Intel_FPGA_IP/software/NIOS_Project_Small_bsp/ -Ic:/Users/guan-ming.dennis-won/Documents/Code/SPI_4_Wire_Serial_Intel_FPGA_IP/software/NIOS_Project_Small_bsp//drivers/inc  -pipe -D__hal__ -DALT_NO_C_PLUS_PLUS -DALT_NO_CLEAN_EXIT -D'exit(a)=_exit(a)' -DALT_NO_EXIT -DALT_USE_DIRECT_DRIVERS -DALT_NO_INSTRUCTION_EMULATION -DALT_USE_SMALL_DRIVERS -DSMALL_C_LIB -DALT_SINGLE_THREADED    -Os -g -Wall   -mno-hw-div -mno-hw-div -mhw-mul -mno-hw-mulx -mgpopt=global  -o "obj/default/nios_it/nios_it.o" "nios_it/nios_it.c"
nios_it/nios_it.c: In function 'exti0_isr':
nios_it/nios_it.c:18:10: warning: implicit declaration of function 'PDI_Isr' [-Wimplicit-function-declaration]
   18 |          PDI_Isr();
      |          ^~~~~~~
nios_it/nios_it.c:21:10: warning: implicit declaration of function 'ECAT_CheckTimer' [-Wimplicit-function-declaration]
   21 |          ECAT_CheckTimer();
      |          ^~~~~~~~~~~~~~~
nios_it/nios_it.c:22:10: warning: implicit declaration of function 'appTimerRun' [-Wimplicit-function-declaration]
   22 |          appTimerRun();
      |          ^~~~~~~~~~~
Info: Compiling peripheral/peripheral_linker.c to obj/default/peripheral/peripheral_linker.o
nios2-elf-gcc.exe -xc -MP -MMD -c -Ic:/Users/guan-ming.dennis-won/Documents/Code/SPI_4_Wire_Serial_Intel_FPGA_IP/software/NIOS_Project_Small_bsp//HAL/inc -Ic:/Users/guan-ming.dennis-won/Documents/Code/SPI_4_Wire_Serial_Intel_FPGA_IP/software/NIOS_Project_Small_bsp/ -Ic:/Users/guan-ming.dennis-won/Documents/Code/SPI_4_Wire_Serial_Intel_FPGA_IP/software/NIOS_Project_Small_bsp//drivers/inc  -pipe -D__hal__ -DALT_NO_C_PLUS_PLUS -DALT_NO_CLEAN_EXIT -D'exit(a)=_exit(a)' -DALT_NO_EXIT -DALT_USE_DIRECT_DRIVERS -DALT_NO_INSTRUCTION_EMULATION -DALT_USE_SMALL_DRIVERS -DSMALL_C_LIB -DALT_SINGLE_THREADED    -Os -g -Wall   -mno-hw-div -mno-hw-div -mhw-mul -mno-hw-mulx -mgpopt=global  -o "obj/default/peripheral/peripheral_linker.o" "peripheral/peripheral_linker.c"
peripheral/peripheral_linker.c: In function 'delay_ms':
peripheral/peripheral_linker.c:8:5: warning: implicit declaration of function 'usleep' [-Wimplicit-function-declaration]
    8 |     usleep(milliseconds * 1000);  // Convert to microseconds
      |     ^~~~~~
peripheral/peripheral_linker.c: In function 'adc_init':
peripheral/peripheral_linker.c:16:13: warning: variable 'spi_check' set but not used [-Wunused-but-set-variable]
   16 |         int spi_check = -1;
      |             ^~~~~~~~~
peripheral/peripheral_linker.c: In function 'adc_init_spi_transmit_receive':
peripheral/peripheral_linker.c:160:13: warning: variable 'spi_check' set but not used [-Wunused-but-set-variable]
  160 |         int spi_check = -1;
      |             ^~~~~~~~~
peripheral/peripheral_linker.c: In function 'spi_transmit_receive':
peripheral/peripheral_linker.c:347:19: warning: implicit declaration of function 'printf' [-Wimplicit-function-declaration]
  347 |                   printf("error!");
      |                   ^~~~~~
peripheral/peripheral_linker.c:2:1: note: include '<stdio.h>' or provide a declaration of 'printf'
    1 | #include "peripheral_linker.h"  // Include the linker header file with peripheral definitions
  +++ |+#include <stdio.h>
    2 | #include "system.h"
peripheral/peripheral_linker.c:347:19: warning: incompatible implicit declaration of built-in function 'printf' [-Wbuiltin-declaration-mismatch]
  347 |                   printf("error!");
      |                   ^~~~~~
peripheral/peripheral_linker.c:347:19: note: include '<stdio.h>' or provide a declaration of 'printf'
Info: Linking NIOS_Project_Small.elf
nios2-elf-g++.exe  -T'c:/Users/guan-ming.dennis-won/Documents/Code/SPI_4_Wire_Serial_Intel_FPGA_IP/software/NIOS_Project_Small_bsp//linker.x' -msys-crt0='c:/Users/guan-ming.dennis-won/Documents/Code/SPI_4_Wire_Serial_Intel_FPGA_IP/software/NIOS_Project_Small_bsp//obj/HAL/src/crt0.o' -msys-lib=hal_bsp -Lc:/Users/guan-ming.dennis-won/Documents/Code/SPI_4_Wire_Serial_Intel_FPGA_IP/software/NIOS_Project_Small_bsp/  -msmallc  -Wl,-Map=NIOS_Project_Small.map   -Os -g -Wall   -mno-hw-div -mno-hw-div -mhw-mul -mno-hw-mulx -mgpopt=global  -o NIOS_Project_Small.elf obj/default/hello_world_small.o obj/default/imported_source/TENCL040_ESC.o obj/default/imported_source/ax58100_hw.o obj/default/imported_source/coeappl.o obj/default/imported_source/ecatappl.o obj/default/imported_source/ecatcoe.o obj/default/imported_source/ecatslv.o obj/default/imported_source/mailbox.o obj/default/imported_source/objdef.o obj/default/imported_source/sdoserv.o obj/default/nios_it/nios_it.o obj/default/peripheral/peripheral_linker.o -lm -msys-lib=m
nios2-elf-insert.exe NIOS_Project_Small.elf --thread_model hal --cpu_name NIOS --qsys true --simulation_enabled false --id 39011 --sidp 0x41060 --timestamp 1747198670 --stderr_dev DEBUG --stdin_dev DEBUG --stdout_dev DEBUG --sopc_system_name spi_platform_designer --quartus_project_dir "c:/Users/guan-ming.dennis-won/Documents/Code/SPI_4_Wire_Serial_Intel_FPGA_IP" --jdi ../..//output_files/spi.jdi --sopcinfo C:/Users/guan-ming.dennis-won/Documents/Code/SPI_4_Wire_Serial_Intel_FPGA_IP/spi_platform_designer.sopcinfo
Info: (NIOS_Project_Small.elf) 35 KBytes program size (code + initialized data).
Info:                          43 KBytes free for stack + heap.
Info: Creating NIOS_Project_Small.objdump
nios2-elf-objdump.exe --disassemble --syms --all-header --source NIOS_Project_Small.elf >NIOS_Project_Small.objdump
[NIOS_Project_Small build complete]
10:25:40 **** Incremental Build of configuration Nios II for project NIOS_Project_Small ****
wsl make all 
Info: Building /mnt/c/Users/guan-ming.dennis-won/Documents/Code/SPI_4_Wire_Serial_Intel_FPGA_IP/software/NIOS_Project_Small_bsp/
make --no-print-directory -C /mnt/c/Users/guan-ming.dennis-won/Documents/Code/SPI_4_Wire_Serial_Intel_FPGA_IP/software/NIOS_Project_Small_bsp/
[BSP build complete]
[NIOS_Project_Small build complete]
10:38:04 **** Clean-only build of configuration Nios II for project NIOS_Project_Small ****
wsl make clean 
[NIOS_Project_Small clean complete]
10:38:04 **** Build of configuration Nios II for project NIOS_Project_Small ****
wsl make all 
Info: Building /mnt/c/Users/guan-ming.dennis-won/Documents/Code/SPI_4_Wire_Serial_Intel_FPGA_IP/software/NIOS_Project_Small_bsp/
make --no-print-directory -C /mnt/c/Users/guan-ming.dennis-won/Documents/Code/SPI_4_Wire_Serial_Intel_FPGA_IP/software/NIOS_Project_Small_bsp/
[BSP build complete]
Info: Compiling hello_world_small.c to obj/default/hello_world_small.o
nios2-elf-gcc.exe -xc -MP -MMD -c -Ic:/Users/guan-ming.dennis-won/Documents/Code/SPI_4_Wire_Serial_Intel_FPGA_IP/software/NIOS_Project_Small_bsp//HAL/inc -Ic:/Users/guan-ming.dennis-won/Documents/Code/SPI_4_Wire_Serial_Intel_FPGA_IP/software/NIOS_Project_Small_bsp/ -Ic:/Users/guan-ming.dennis-won/Documents/Code/SPI_4_Wire_Serial_Intel_FPGA_IP/software/NIOS_Project_Small_bsp//drivers/inc  -pipe -D__hal__ -DALT_NO_C_PLUS_PLUS -DALT_NO_CLEAN_EXIT -D'exit(a)=_exit(a)' -DALT_NO_EXIT -DALT_USE_DIRECT_DRIVERS -DALT_NO_INSTRUCTION_EMULATION -DALT_USE_SMALL_DRIVERS -DSMALL_C_LIB -DALT_SINGLE_THREADED    -Os -g -Wall   -mno-hw-div -mno-hw-div -mhw-mul -mno-hw-mulx -mgpopt=global  -o "obj/default/hello_world_small.o" "hello_world_small.c"
hello_world_small.c: In function 'main':
hello_world_small.c:38:3: warning: implicit declaration of function 'main_initial' [-Wimplicit-function-declaration]
   38 |   main_initial();
      |   ^~~~~~~~~~~~
hello_world_small.c:28:27: warning: unused variable 'invert_me' [-Wunused-variable]
   28 |   static volatile uint8_t invert_me = 1;
      |                           ^~~~~~~~~
hello_world_small.c:27:11: warning: unused variable 'out' [-Wunused-variable]
   27 |   uint8_t out = 0;
      |           ^~~
Info: Compiling imported_source/TENCL040_ESC.c to obj/default/imported_source/TENCL040_ESC.o
nios2-elf-gcc.exe -xc -MP -MMD -c -Ic:/Users/guan-ming.dennis-won/Documents/Code/SPI_4_Wire_Serial_Intel_FPGA_IP/software/NIOS_Project_Small_bsp//HAL/inc -Ic:/Users/guan-ming.dennis-won/Documents/Code/SPI_4_Wire_Serial_Intel_FPGA_IP/software/NIOS_Project_Small_bsp/ -Ic:/Users/guan-ming.dennis-won/Documents/Code/SPI_4_Wire_Serial_Intel_FPGA_IP/software/NIOS_Project_Small_bsp//drivers/inc  -pipe -D__hal__ -DALT_NO_C_PLUS_PLUS -DALT_NO_CLEAN_EXIT -D'exit(a)=_exit(a)' -DALT_NO_EXIT -DALT_USE_DIRECT_DRIVERS -DALT_NO_INSTRUCTION_EMULATION -DALT_USE_SMALL_DRIVERS -DSMALL_C_LIB -DALT_SINGLE_THREADED    -Os -g -Wall   -mno-hw-div -mno-hw-div -mhw-mul -mno-hw-mulx -mgpopt=global  -o "obj/default/imported_source/TENCL040_ESC.o" "imported_source/TENCL040_ESC.c"
imported_source/TENCL040_ESC.c: In function 'APPL_InputMapping':
imported_source/TENCL040_ESC.c:360:33: warning: case label value exceeds maximum value for type [-Wswitch-outside-range]
  360 |                                 case 0x1A010:
      |                                 ^~~~
imported_source/TENCL040_ESC.c: In function 'APPL_GetDeviceID':
imported_source/TENCL040_ESC.c:449:6: warning: #warning "Implement explicit Device ID latching" [-Wcpp]
  449 |     #warning "Implement explicit Device ID latching"
      |      ^~~~~~~
Info: Compiling imported_source/ax58100_hw.c to obj/default/imported_source/ax58100_hw.o
nios2-elf-gcc.exe -xc -MP -MMD -c -Ic:/Users/guan-ming.dennis-won/Documents/Code/SPI_4_Wire_Serial_Intel_FPGA_IP/software/NIOS_Project_Small_bsp//HAL/inc -Ic:/Users/guan-ming.dennis-won/Documents/Code/SPI_4_Wire_Serial_Intel_FPGA_IP/software/NIOS_Project_Small_bsp/ -Ic:/Users/guan-ming.dennis-won/Documents/Code/SPI_4_Wire_Serial_Intel_FPGA_IP/software/NIOS_Project_Small_bsp//drivers/inc  -pipe -D__hal__ -DALT_NO_C_PLUS_PLUS -DALT_NO_CLEAN_EXIT -D'exit(a)=_exit(a)' -DALT_NO_EXIT -DALT_USE_DIRECT_DRIVERS -DALT_NO_INSTRUCTION_EMULATION -DALT_USE_SMALL_DRIVERS -DSMALL_C_LIB -DALT_SINGLE_THREADED    -Os -g -Wall   -mno-hw-div -mno-hw-div -mhw-mul -mno-hw-mulx -mgpopt=global  -o "obj/default/imported_source/ax58100_hw.o" "imported_source/ax58100_hw.c"
imported_source/ax58100_hw.c: In function 'HW_SPI_Read':
imported_source/ax58100_hw.c:169:25: warning: unused variable 'spi_check' [-Wunused-variable]
  169 |                 uint8_t spi_check =  spi_transmit_receive(ESC_SPI_BASE, 0,
      |                         ^~~~~~~~~
imported_source/ax58100_hw.c: In function 'HW_SPI_Write':
imported_source/ax58100_hw.c:259:25: warning: unused variable 'spi_check' [-Wunused-variable]
  259 |                 uint8_t spi_check =  spi_transmit_receive(ESC_SPI_BASE, 0,
      |                         ^~~~~~~~~
imported_source/ax58100_hw.c: In function 'HW_Init':
imported_source/ax58100_hw.c:333:9: warning: implicit declaration of function 'init_exti0_it' [-Wimplicit-function-declaration]
  333 |         init_exti0_it();
      |         ^~~~~~~~~~~~~
imported_source/ax58100_hw.c: At top level:
imported_source/ax58100_hw.c:61:16: warning: 'HW_SPI_TransmitReceive' defined but not used [-Wunused-function]
   61 | static int32_t HW_SPI_TransmitReceive(uint8_t* pTxData, uint8_t* pRxData,
      |                ^~~~~~~~~~~~~~~~~~~~~~
Info: Compiling imported_source/coeappl.c to obj/default/imported_source/coeappl.o
nios2-elf-gcc.exe -xc -MP -MMD -c -Ic:/Users/guan-ming.dennis-won/Documents/Code/SPI_4_Wire_Serial_Intel_FPGA_IP/software/NIOS_Project_Small_bsp//HAL/inc -Ic:/Users/guan-ming.dennis-won/Documents/Code/SPI_4_Wire_Serial_Intel_FPGA_IP/software/NIOS_Project_Small_bsp/ -Ic:/Users/guan-ming.dennis-won/Documents/Code/SPI_4_Wire_Serial_Intel_FPGA_IP/software/NIOS_Project_Small_bsp//drivers/inc  -pipe -D__hal__ -DALT_NO_C_PLUS_PLUS -DALT_NO_CLEAN_EXIT -D'exit(a)=_exit(a)' -DALT_NO_EXIT -DALT_USE_DIRECT_DRIVERS -DALT_NO_INSTRUCTION_EMULATION -DALT_USE_SMALL_DRIVERS -DSMALL_C_LIB -DALT_SINGLE_THREADED    -Os -g -Wall   -mno-hw-div -mno-hw-div -mhw-mul -mno-hw-mulx -mgpopt=global  -o "obj/default/imported_source/coeappl.o" "imported_source/coeappl.c"
imported_source/coeappl.c: In function 'COE_ObjDictionaryInit':
imported_source/coeappl.c:882:26: warning: the comparison will always evaluate as 'true' for the address of 'ApplicationObjDic' will never be NULL [-Waddress]
  882 |     if(ApplicationObjDic != NULL)
      |                          ^~
In file included from imported_source/../imported_source/TENCL040_ESC.h:41,
                 from imported_source/coeappl.c:132:
imported_source/../imported_source/TENCL040_ESCObjects.h:2437:19: note: 'ApplicationObjDic' declared here
 2437 | TOBJECT    OBJMEM ApplicationObjDic[] = {
      |                   ^~~~~~~~~~~~~~~~~
Info: Compiling imported_source/ecatappl.c to obj/default/imported_source/ecatappl.o
nios2-elf-gcc.exe -xc -MP -MMD -c -Ic:/Users/guan-ming.dennis-won/Documents/Code/SPI_4_Wire_Serial_Intel_FPGA_IP/software/NIOS_Project_Small_bsp//HAL/inc -Ic:/Users/guan-ming.dennis-won/Documents/Code/SPI_4_Wire_Serial_Intel_FPGA_IP/software/NIOS_Project_Small_bsp/ -Ic:/Users/guan-ming.dennis-won/Documents/Code/SPI_4_Wire_Serial_Intel_FPGA_IP/software/NIOS_Project_Small_bsp//drivers/inc  -pipe -D__hal__ -DALT_NO_C_PLUS_PLUS -DALT_NO_CLEAN_EXIT -D'exit(a)=_exit(a)' -DALT_NO_EXIT -DALT_USE_DIRECT_DRIVERS -DALT_NO_INSTRUCTION_EMULATION -DALT_USE_SMALL_DRIVERS -DSMALL_C_LIB -DALT_SINGLE_THREADED    -Os -g -Wall   -mno-hw-div -mno-hw-div -mhw-mul -mno-hw-mulx -mgpopt=global  -o "obj/default/imported_source/ecatappl.o" "imported_source/ecatappl.c"
Info: Compiling imported_source/ecatcoe.c to obj/default/imported_source/ecatcoe.o
nios2-elf-gcc.exe -xc -MP -MMD -c -Ic:/Users/guan-ming.dennis-won/Documents/Code/SPI_4_Wire_Serial_Intel_FPGA_IP/software/NIOS_Project_Small_bsp//HAL/inc -Ic:/Users/guan-ming.dennis-won/Documents/Code/SPI_4_Wire_Serial_Intel_FPGA_IP/software/NIOS_Project_Small_bsp/ -Ic:/Users/guan-ming.dennis-won/Documents/Code/SPI_4_Wire_Serial_Intel_FPGA_IP/software/NIOS_Project_Small_bsp//drivers/inc  -pipe -D__hal__ -DALT_NO_C_PLUS_PLUS -DALT_NO_CLEAN_EXIT -D'exit(a)=_exit(a)' -DALT_NO_EXIT -DALT_USE_DIRECT_DRIVERS -DALT_NO_INSTRUCTION_EMULATION -DALT_USE_SMALL_DRIVERS -DSMALL_C_LIB -DALT_SINGLE_THREADED    -Os -g -Wall   -mno-hw-div -mno-hw-div -mhw-mul -mno-hw-mulx -mgpopt=global  -o "obj/default/imported_source/ecatcoe.o" "imported_source/ecatcoe.c"
Info: Compiling imported_source/ecatslv.c to obj/default/imported_source/ecatslv.o
nios2-elf-gcc.exe -xc -MP -MMD -c -Ic:/Users/guan-ming.dennis-won/Documents/Code/SPI_4_Wire_Serial_Intel_FPGA_IP/software/NIOS_Project_Small_bsp//HAL/inc -Ic:/Users/guan-ming.dennis-won/Documents/Code/SPI_4_Wire_Serial_Intel_FPGA_IP/software/NIOS_Project_Small_bsp/ -Ic:/Users/guan-ming.dennis-won/Documents/Code/SPI_4_Wire_Serial_Intel_FPGA_IP/software/NIOS_Project_Small_bsp//drivers/inc  -pipe -D__hal__ -DALT_NO_C_PLUS_PLUS -DALT_NO_CLEAN_EXIT -D'exit(a)=_exit(a)' -DALT_NO_EXIT -DALT_USE_DIRECT_DRIVERS -DALT_NO_INSTRUCTION_EMULATION -DALT_USE_SMALL_DRIVERS -DSMALL_C_LIB -DALT_SINGLE_THREADED    -Os -g -Wall   -mno-hw-div -mno-hw-div -mhw-mul -mno-hw-mulx -mgpopt=global  -o "obj/default/imported_source/ecatslv.o" "imported_source/ecatslv.c"
Info: Compiling imported_source/mailbox.c to obj/default/imported_source/mailbox.o
nios2-elf-gcc.exe -xc -MP -MMD -c -Ic:/Users/guan-ming.dennis-won/Documents/Code/SPI_4_Wire_Serial_Intel_FPGA_IP/software/NIOS_Project_Small_bsp//HAL/inc -Ic:/Users/guan-ming.dennis-won/Documents/Code/SPI_4_Wire_Serial_Intel_FPGA_IP/software/NIOS_Project_Small_bsp/ -Ic:/Users/guan-ming.dennis-won/Documents/Code/SPI_4_Wire_Serial_Intel_FPGA_IP/software/NIOS_Project_Small_bsp//drivers/inc  -pipe -D__hal__ -DALT_NO_C_PLUS_PLUS -DALT_NO_CLEAN_EXIT -D'exit(a)=_exit(a)' -DALT_NO_EXIT -DALT_USE_DIRECT_DRIVERS -DALT_NO_INSTRUCTION_EMULATION -DALT_USE_SMALL_DRIVERS -DSMALL_C_LIB -DALT_SINGLE_THREADED    -Os -g -Wall   -mno-hw-div -mno-hw-div -mhw-mul -mno-hw-mulx -mgpopt=global  -o "obj/default/imported_source/mailbox.o" "imported_source/mailbox.c"
imported_source/mailbox.c: In function 'MBX_CheckAndCopyMailbox':
imported_source/mailbox.c:760:17: warning: array subscript 'TMBX[0]' is partly outside array bounds of 'unsigned char[10]' [-Warray-bounds]
  760 |             pMbx->MbxHeader.Length     = 4;
      |                 ^~
In file included from imported_source/mailbox.c:138:
imported_source/../imported_source/ecat_def.h:776:51: note: object of size 10 allocated by 'malloc'
  776 | #define APPL_AllocMailboxBuffer(size)             malloc((size))
      |                                                   ^~~~~~~~~~~~~~
imported_source/mailbox.c:753:45: note: in expansion of macro 'APPL_AllocMailboxBuffer'
  753 |         TMBX MBXMEM *pMbx = (TMBX MBXMEM *) APPL_AllocMailboxBuffer(10); /* a mailbox error datagram length*/
      |                                             ^~~~~~~~~~~~~~~~~~~~~~~
imported_source/mailbox.c:762:17: warning: array subscript 'TMBX[0]' is partly outside array bounds of 'unsigned char[10]' [-Warray-bounds]
  762 |             pMbx->Data[0]                        = SWAPWORD(MBXSERVICE_MBXERRORCMD);
      |                 ^~
imported_source/../imported_source/ecat_def.h:776:51: note: object of size 10 allocated by 'malloc'
  776 | #define APPL_AllocMailboxBuffer(size)             malloc((size))
      |                                                   ^~~~~~~~~~~~~~
imported_source/mailbox.c:753:45: note: in expansion of macro 'APPL_AllocMailboxBuffer'
  753 |         TMBX MBXMEM *pMbx = (TMBX MBXMEM *) APPL_AllocMailboxBuffer(10); /* a mailbox error datagram length*/
      |                                             ^~~~~~~~~~~~~~~~~~~~~~~
imported_source/mailbox.c:763:17: warning: array subscript 'TMBX[0]' is partly outside array bounds of 'unsigned char[10]' [-Warray-bounds]
  763 |             pMbx->Data[1]                        = SWAPWORD(MBXERR_NOMOREMEMORY);
      |                 ^~
imported_source/../imported_source/ecat_def.h:776:51: note: object of size 10 allocated by 'malloc'
  776 | #define APPL_AllocMailboxBuffer(size)             malloc((size))
      |                                                   ^~~~~~~~~~~~~~
imported_source/mailbox.c:753:45: note: in expansion of macro 'APPL_AllocMailboxBuffer'
  753 |         TMBX MBXMEM *pMbx = (TMBX MBXMEM *) APPL_AllocMailboxBuffer(10); /* a mailbox error datagram length*/
      |                                             ^~~~~~~~~~~~~~~~~~~~~~~
Info: Compiling imported_source/objdef.c to obj/default/imported_source/objdef.o
nios2-elf-gcc.exe -xc -MP -MMD -c -Ic:/Users/guan-ming.dennis-won/Documents/Code/SPI_4_Wire_Serial_Intel_FPGA_IP/software/NIOS_Project_Small_bsp//HAL/inc -Ic:/Users/guan-ming.dennis-won/Documents/Code/SPI_4_Wire_Serial_Intel_FPGA_IP/software/NIOS_Project_Small_bsp/ -Ic:/Users/guan-ming.dennis-won/Documents/Code/SPI_4_Wire_Serial_Intel_FPGA_IP/software/NIOS_Project_Small_bsp//drivers/inc  -pipe -D__hal__ -DALT_NO_C_PLUS_PLUS -DALT_NO_CLEAN_EXIT -D'exit(a)=_exit(a)' -DALT_NO_EXIT -DALT_USE_DIRECT_DRIVERS -DALT_NO_INSTRUCTION_EMULATION -DALT_USE_SMALL_DRIVERS -DSMALL_C_LIB -DALT_SINGLE_THREADED    -Os -g -Wall   -mno-hw-div -mno-hw-div -mhw-mul -mno-hw-mulx -mgpopt=global  -o "obj/default/imported_source/objdef.o" "imported_source/objdef.c"
Info: Compiling imported_source/sdoserv.c to obj/default/imported_source/sdoserv.o
nios2-elf-gcc.exe -xc -MP -MMD -c -Ic:/Users/guan-ming.dennis-won/Documents/Code/SPI_4_Wire_Serial_Intel_FPGA_IP/software/NIOS_Project_Small_bsp//HAL/inc -Ic:/Users/guan-ming.dennis-won/Documents/Code/SPI_4_Wire_Serial_Intel_FPGA_IP/software/NIOS_Project_Small_bsp/ -Ic:/Users/guan-ming.dennis-won/Documents/Code/SPI_4_Wire_Serial_Intel_FPGA_IP/software/NIOS_Project_Small_bsp//drivers/inc  -pipe -D__hal__ -DALT_NO_C_PLUS_PLUS -DALT_NO_CLEAN_EXIT -D'exit(a)=_exit(a)' -DALT_NO_EXIT -DALT_USE_DIRECT_DRIVERS -DALT_NO_INSTRUCTION_EMULATION -DALT_USE_SMALL_DRIVERS -DSMALL_C_LIB -DALT_SINGLE_THREADED    -Os -g -Wall   -mno-hw-div -mno-hw-div -mhw-mul -mno-hw-mulx -mgpopt=global  -o "obj/default/imported_source/sdoserv.o" "imported_source/sdoserv.c"
Info: Compiling nios_it/nios_it.c to obj/default/nios_it/nios_it.o
nios2-elf-gcc.exe -xc -MP -MMD -c -Ic:/Users/guan-ming.dennis-won/Documents/Code/SPI_4_Wire_Serial_Intel_FPGA_IP/software/NIOS_Project_Small_bsp//HAL/inc -Ic:/Users/guan-ming.dennis-won/Documents/Code/SPI_4_Wire_Serial_Intel_FPGA_IP/software/NIOS_Project_Small_bsp/ -Ic:/Users/guan-ming.dennis-won/Documents/Code/SPI_4_Wire_Serial_Intel_FPGA_IP/software/NIOS_Project_Small_bsp//drivers/inc  -pipe -D__hal__ -DALT_NO_C_PLUS_PLUS -DALT_NO_CLEAN_EXIT -D'exit(a)=_exit(a)' -DALT_NO_EXIT -DALT_USE_DIRECT_DRIVERS -DALT_NO_INSTRUCTION_EMULATION -DALT_USE_SMALL_DRIVERS -DSMALL_C_LIB -DALT_SINGLE_THREADED    -Os -g -Wall   -mno-hw-div -mno-hw-div -mhw-mul -mno-hw-mulx -mgpopt=global  -o "obj/default/nios_it/nios_it.o" "nios_it/nios_it.c"
nios_it/nios_it.c: In function 'exti0_isr':
nios_it/nios_it.c:18:10: warning: implicit declaration of function 'PDI_Isr' [-Wimplicit-function-declaration]
   18 |          PDI_Isr();
      |          ^~~~~~~
nios_it/nios_it.c:21:10: warning: implicit declaration of function 'ECAT_CheckTimer' [-Wimplicit-function-declaration]
   21 |          ECAT_CheckTimer();
      |          ^~~~~~~~~~~~~~~
nios_it/nios_it.c:22:10: warning: implicit declaration of function 'appTimerRun' [-Wimplicit-function-declaration]
   22 |          appTimerRun();
      |          ^~~~~~~~~~~
Info: Compiling peripheral/peripheral_linker.c to obj/default/peripheral/peripheral_linker.o
nios2-elf-gcc.exe -xc -MP -MMD -c -Ic:/Users/guan-ming.dennis-won/Documents/Code/SPI_4_Wire_Serial_Intel_FPGA_IP/software/NIOS_Project_Small_bsp//HAL/inc -Ic:/Users/guan-ming.dennis-won/Documents/Code/SPI_4_Wire_Serial_Intel_FPGA_IP/software/NIOS_Project_Small_bsp/ -Ic:/Users/guan-ming.dennis-won/Documents/Code/SPI_4_Wire_Serial_Intel_FPGA_IP/software/NIOS_Project_Small_bsp//drivers/inc  -pipe -D__hal__ -DALT_NO_C_PLUS_PLUS -DALT_NO_CLEAN_EXIT -D'exit(a)=_exit(a)' -DALT_NO_EXIT -DALT_USE_DIRECT_DRIVERS -DALT_NO_INSTRUCTION_EMULATION -DALT_USE_SMALL_DRIVERS -DSMALL_C_LIB -DALT_SINGLE_THREADED    -Os -g -Wall   -mno-hw-div -mno-hw-div -mhw-mul -mno-hw-mulx -mgpopt=global  -o "obj/default/peripheral/peripheral_linker.o" "peripheral/peripheral_linker.c"
peripheral/peripheral_linker.c: In function 'delay_ms':
peripheral/peripheral_linker.c:8:5: warning: implicit declaration of function 'usleep' [-Wimplicit-function-declaration]
    8 |     usleep(milliseconds * 1000);  // Convert to microseconds
      |     ^~~~~~
peripheral/peripheral_linker.c: In function 'adc_init':
peripheral/peripheral_linker.c:16:13: warning: variable 'spi_check' set but not used [-Wunused-but-set-variable]
   16 |         int spi_check = -1;
      |             ^~~~~~~~~
peripheral/peripheral_linker.c: In function 'adc_init_spi_transmit_receive':
peripheral/peripheral_linker.c:160:13: warning: variable 'spi_check' set but not used [-Wunused-but-set-variable]
  160 |         int spi_check = -1;
      |             ^~~~~~~~~
peripheral/peripheral_linker.c: In function 'spi_transmit_receive':
peripheral/peripheral_linker.c:347:19: warning: implicit declaration of function 'printf' [-Wimplicit-function-declaration]
  347 |                   printf("error!");
      |                   ^~~~~~
peripheral/peripheral_linker.c:2:1: note: include '<stdio.h>' or provide a declaration of 'printf'
    1 | #include "peripheral_linker.h"  // Include the linker header file with peripheral definitions
  +++ |+#include <stdio.h>
    2 | #include "system.h"
peripheral/peripheral_linker.c:347:19: warning: incompatible implicit declaration of built-in function 'printf' [-Wbuiltin-declaration-mismatch]
  347 |                   printf("error!");
      |                   ^~~~~~
peripheral/peripheral_linker.c:347:19: note: include '<stdio.h>' or provide a declaration of 'printf'
Info: Linking NIOS_Project_Small.elf
nios2-elf-g++.exe  -T'c:/Users/guan-ming.dennis-won/Documents/Code/SPI_4_Wire_Serial_Intel_FPGA_IP/software/NIOS_Project_Small_bsp//linker.x' -msys-crt0='c:/Users/guan-ming.dennis-won/Documents/Code/SPI_4_Wire_Serial_Intel_FPGA_IP/software/NIOS_Project_Small_bsp//obj/HAL/src/crt0.o' -msys-lib=hal_bsp -Lc:/Users/guan-ming.dennis-won/Documents/Code/SPI_4_Wire_Serial_Intel_FPGA_IP/software/NIOS_Project_Small_bsp/  -msmallc  -Wl,-Map=NIOS_Project_Small.map   -Os -g -Wall   -mno-hw-div -mno-hw-div -mhw-mul -mno-hw-mulx -mgpopt=global  -o NIOS_Project_Small.elf obj/default/hello_world_small.o obj/default/imported_source/TENCL040_ESC.o obj/default/imported_source/ax58100_hw.o obj/default/imported_source/coeappl.o obj/default/imported_source/ecatappl.o obj/default/imported_source/ecatcoe.o obj/default/imported_source/ecatslv.o obj/default/imported_source/mailbox.o obj/default/imported_source/objdef.o obj/default/imported_source/sdoserv.o obj/default/nios_it/nios_it.o obj/default/peripheral/peripheral_linker.o -lm -msys-lib=m
nios2-elf-insert.exe NIOS_Project_Small.elf --thread_model hal --cpu_name NIOS --qsys true --simulation_enabled false --id 39011 --sidp 0x41060 --timestamp 1747198670 --stderr_dev DEBUG --stdin_dev DEBUG --stdout_dev DEBUG --sopc_system_name spi_platform_designer --quartus_project_dir "c:/Users/guan-ming.dennis-won/Documents/Code/SPI_4_Wire_Serial_Intel_FPGA_IP" --jdi ../..//output_files/spi.jdi --sopcinfo C:/Users/guan-ming.dennis-won/Documents/Code/SPI_4_Wire_Serial_Intel_FPGA_IP/spi_platform_designer.sopcinfo
Info: (NIOS_Project_Small.elf) 41 KBytes program size (code + initialized data).
Info:                          35 KBytes free for stack + heap.
Info: Creating NIOS_Project_Small.objdump
nios2-elf-objdump.exe --disassemble --syms --all-header --source NIOS_Project_Small.elf >NIOS_Project_Small.objdump
[NIOS_Project_Small build complete]
10:38:34 **** Incremental Build of configuration Nios II for project NIOS_Project_Small ****
wsl make all 
Info: Building /mnt/c/Users/guan-ming.dennis-won/Documents/Code/SPI_4_Wire_Serial_Intel_FPGA_IP/software/NIOS_Project_Small_bsp/
make --no-print-directory -C /mnt/c/Users/guan-ming.dennis-won/Documents/Code/SPI_4_Wire_Serial_Intel_FPGA_IP/software/NIOS_Project_Small_bsp/
[BSP build complete]
[NIOS_Project_Small build complete]
10:42:18 **** Incremental Build of configuration Nios II for project NIOS_Project_Small ****
wsl make all 
Info: Building /mnt/c/Users/guan-ming.dennis-won/Documents/Code/SPI_4_Wire_Serial_Intel_FPGA_IP/software/NIOS_Project_Small_bsp/
make --no-print-directory -C /mnt/c/Users/guan-ming.dennis-won/Documents/Code/SPI_4_Wire_Serial_Intel_FPGA_IP/software/NIOS_Project_Small_bsp/
[BSP build complete]
[NIOS_Project_Small build complete]
11:01:52 **** Clean-only build of configuration Nios II for project NIOS_Project_Small ****
wsl make clean 
[NIOS_Project_Small clean complete]
11:01:55 **** Build of configuration Nios II for project NIOS_Project_Small ****
wsl make all 
Info: Building /mnt/c/Users/guan-ming.dennis-won/Documents/Code/SPI_4_Wire_Serial_Intel_FPGA_IP/software/NIOS_Project_Small_bsp/
make --no-print-directory -C /mnt/c/Users/guan-ming.dennis-won/Documents/Code/SPI_4_Wire_Serial_Intel_FPGA_IP/software/NIOS_Project_Small_bsp/
[BSP build complete]
Info: Compiling hello_world_small.c to obj/default/hello_world_small.o
nios2-elf-gcc.exe -xc -MP -MMD -c -Ic:/Users/guan-ming.dennis-won/Documents/Code/SPI_4_Wire_Serial_Intel_FPGA_IP/software/NIOS_Project_Small_bsp//HAL/inc -Ic:/Users/guan-ming.dennis-won/Documents/Code/SPI_4_Wire_Serial_Intel_FPGA_IP/software/NIOS_Project_Small_bsp/ -Ic:/Users/guan-ming.dennis-won/Documents/Code/SPI_4_Wire_Serial_Intel_FPGA_IP/software/NIOS_Project_Small_bsp//drivers/inc  -pipe -D__hal__ -DALT_NO_C_PLUS_PLUS -DALT_NO_CLEAN_EXIT -D'exit(a)=_exit(a)' -DALT_NO_EXIT -DALT_USE_DIRECT_DRIVERS -DALT_NO_INSTRUCTION_EMULATION -DALT_USE_SMALL_DRIVERS -DSMALL_C_LIB -DALT_SINGLE_THREADED    -Os -g -Wall   -mno-hw-div -mno-hw-div -mhw-mul -mno-hw-mulx -mgpopt=global  -o "obj/default/hello_world_small.o" "hello_world_small.c"
hello_world_small.c: In function 'main':
hello_world_small.c:38:3: warning: implicit declaration of function 'main_initial' [-Wimplicit-function-declaration]
   38 |   main_initial();
      |   ^~~~~~~~~~~~
hello_world_small.c:28:27: warning: unused variable 'invert_me' [-Wunused-variable]
   28 |   static volatile uint8_t invert_me = 1;
      |                           ^~~~~~~~~
hello_world_small.c:27:11: warning: unused variable 'out' [-Wunused-variable]
   27 |   uint8_t out = 0;
      |           ^~~
Info: Compiling imported_source/TENCL040_ESC.c to obj/default/imported_source/TENCL040_ESC.o
nios2-elf-gcc.exe -xc -MP -MMD -c -Ic:/Users/guan-ming.dennis-won/Documents/Code/SPI_4_Wire_Serial_Intel_FPGA_IP/software/NIOS_Project_Small_bsp//HAL/inc -Ic:/Users/guan-ming.dennis-won/Documents/Code/SPI_4_Wire_Serial_Intel_FPGA_IP/software/NIOS_Project_Small_bsp/ -Ic:/Users/guan-ming.dennis-won/Documents/Code/SPI_4_Wire_Serial_Intel_FPGA_IP/software/NIOS_Project_Small_bsp//drivers/inc  -pipe -D__hal__ -DALT_NO_C_PLUS_PLUS -DALT_NO_CLEAN_EXIT -D'exit(a)=_exit(a)' -DALT_NO_EXIT -DALT_USE_DIRECT_DRIVERS -DALT_NO_INSTRUCTION_EMULATION -DALT_USE_SMALL_DRIVERS -DSMALL_C_LIB -DALT_SINGLE_THREADED    -Os -g -Wall   -mno-hw-div -mno-hw-div -mhw-mul -mno-hw-mulx -mgpopt=global  -o "obj/default/imported_source/TENCL040_ESC.o" "imported_source/TENCL040_ESC.c"
imported_source/TENCL040_ESC.c: In function 'APPL_InputMapping':
imported_source/TENCL040_ESC.c:360:33: warning: case label value exceeds maximum value for type [-Wswitch-outside-range]
  360 |                                 case 0x1A010:
      |                                 ^~~~
imported_source/TENCL040_ESC.c: In function 'APPL_GetDeviceID':
imported_source/TENCL040_ESC.c:449:6: warning: #warning "Implement explicit Device ID latching" [-Wcpp]
  449 |     #warning "Implement explicit Device ID latching"
      |      ^~~~~~~
Info: Compiling imported_source/ax58100_hw.c to obj/default/imported_source/ax58100_hw.o
nios2-elf-gcc.exe -xc -MP -MMD -c -Ic:/Users/guan-ming.dennis-won/Documents/Code/SPI_4_Wire_Serial_Intel_FPGA_IP/software/NIOS_Project_Small_bsp//HAL/inc -Ic:/Users/guan-ming.dennis-won/Documents/Code/SPI_4_Wire_Serial_Intel_FPGA_IP/software/NIOS_Project_Small_bsp/ -Ic:/Users/guan-ming.dennis-won/Documents/Code/SPI_4_Wire_Serial_Intel_FPGA_IP/software/NIOS_Project_Small_bsp//drivers/inc  -pipe -D__hal__ -DALT_NO_C_PLUS_PLUS -DALT_NO_CLEAN_EXIT -D'exit(a)=_exit(a)' -DALT_NO_EXIT -DALT_USE_DIRECT_DRIVERS -DALT_NO_INSTRUCTION_EMULATION -DALT_USE_SMALL_DRIVERS -DSMALL_C_LIB -DALT_SINGLE_THREADED    -Os -g -Wall   -mno-hw-div -mno-hw-div -mhw-mul -mno-hw-mulx -mgpopt=global  -o "obj/default/imported_source/ax58100_hw.o" "imported_source/ax58100_hw.c"
imported_source/ax58100_hw.c: In function 'HW_SPI_Read':
imported_source/ax58100_hw.c:169:25: warning: unused variable 'spi_check' [-Wunused-variable]
  169 |                 uint8_t spi_check =  spi_transmit_receive(ESC_SPI_BASE, 0,
      |                         ^~~~~~~~~
imported_source/ax58100_hw.c: In function 'HW_SPI_Write':
imported_source/ax58100_hw.c:259:25: warning: unused variable 'spi_check' [-Wunused-variable]
  259 |                 uint8_t spi_check =  spi_transmit_receive(ESC_SPI_BASE, 0,
      |                         ^~~~~~~~~
imported_source/ax58100_hw.c: In function 'HW_Init':
imported_source/ax58100_hw.c:333:9: warning: implicit declaration of function 'init_exti0_it' [-Wimplicit-function-declaration]
  333 |         init_exti0_it();
      |         ^~~~~~~~~~~~~
imported_source/ax58100_hw.c: At top level:
imported_source/ax58100_hw.c:61:16: warning: 'HW_SPI_TransmitReceive' defined but not used [-Wunused-function]
   61 | static int32_t HW_SPI_TransmitReceive(uint8_t* pTxData, uint8_t* pRxData,
      |                ^~~~~~~~~~~~~~~~~~~~~~
Info: Compiling imported_source/coeappl.c to obj/default/imported_source/coeappl.o
nios2-elf-gcc.exe -xc -MP -MMD -c -Ic:/Users/guan-ming.dennis-won/Documents/Code/SPI_4_Wire_Serial_Intel_FPGA_IP/software/NIOS_Project_Small_bsp//HAL/inc -Ic:/Users/guan-ming.dennis-won/Documents/Code/SPI_4_Wire_Serial_Intel_FPGA_IP/software/NIOS_Project_Small_bsp/ -Ic:/Users/guan-ming.dennis-won/Documents/Code/SPI_4_Wire_Serial_Intel_FPGA_IP/software/NIOS_Project_Small_bsp//drivers/inc  -pipe -D__hal__ -DALT_NO_C_PLUS_PLUS -DALT_NO_CLEAN_EXIT -D'exit(a)=_exit(a)' -DALT_NO_EXIT -DALT_USE_DIRECT_DRIVERS -DALT_NO_INSTRUCTION_EMULATION -DALT_USE_SMALL_DRIVERS -DSMALL_C_LIB -DALT_SINGLE_THREADED    -Os -g -Wall   -mno-hw-div -mno-hw-div -mhw-mul -mno-hw-mulx -mgpopt=global  -o "obj/default/imported_source/coeappl.o" "imported_source/coeappl.c"
imported_source/coeappl.c: In function 'COE_ObjDictionaryInit':
imported_source/coeappl.c:882:26: warning: the comparison will always evaluate as 'true' for the address of 'ApplicationObjDic' will never be NULL [-Waddress]
  882 |     if(ApplicationObjDic != NULL)
      |                          ^~
In file included from imported_source/../imported_source/TENCL040_ESC.h:41,
                 from imported_source/coeappl.c:132:
imported_source/../imported_source/TENCL040_ESCObjects.h:2437:19: note: 'ApplicationObjDic' declared here
 2437 | TOBJECT    OBJMEM ApplicationObjDic[] = {
      |                   ^~~~~~~~~~~~~~~~~
Info: Compiling imported_source/ecatappl.c to obj/default/imported_source/ecatappl.o
nios2-elf-gcc.exe -xc -MP -MMD -c -Ic:/Users/guan-ming.dennis-won/Documents/Code/SPI_4_Wire_Serial_Intel_FPGA_IP/software/NIOS_Project_Small_bsp//HAL/inc -Ic:/Users/guan-ming.dennis-won/Documents/Code/SPI_4_Wire_Serial_Intel_FPGA_IP/software/NIOS_Project_Small_bsp/ -Ic:/Users/guan-ming.dennis-won/Documents/Code/SPI_4_Wire_Serial_Intel_FPGA_IP/software/NIOS_Project_Small_bsp//drivers/inc  -pipe -D__hal__ -DALT_NO_C_PLUS_PLUS -DALT_NO_CLEAN_EXIT -D'exit(a)=_exit(a)' -DALT_NO_EXIT -DALT_USE_DIRECT_DRIVERS -DALT_NO_INSTRUCTION_EMULATION -DALT_USE_SMALL_DRIVERS -DSMALL_C_LIB -DALT_SINGLE_THREADED    -Os -g -Wall   -mno-hw-div -mno-hw-div -mhw-mul -mno-hw-mulx -mgpopt=global  -o "obj/default/imported_source/ecatappl.o" "imported_source/ecatappl.c"
Info: Compiling imported_source/ecatcoe.c to obj/default/imported_source/ecatcoe.o
nios2-elf-gcc.exe -xc -MP -MMD -c -Ic:/Users/guan-ming.dennis-won/Documents/Code/SPI_4_Wire_Serial_Intel_FPGA_IP/software/NIOS_Project_Small_bsp//HAL/inc -Ic:/Users/guan-ming.dennis-won/Documents/Code/SPI_4_Wire_Serial_Intel_FPGA_IP/software/NIOS_Project_Small_bsp/ -Ic:/Users/guan-ming.dennis-won/Documents/Code/SPI_4_Wire_Serial_Intel_FPGA_IP/software/NIOS_Project_Small_bsp//drivers/inc  -pipe -D__hal__ -DALT_NO_C_PLUS_PLUS -DALT_NO_CLEAN_EXIT -D'exit(a)=_exit(a)' -DALT_NO_EXIT -DALT_USE_DIRECT_DRIVERS -DALT_NO_INSTRUCTION_EMULATION -DALT_USE_SMALL_DRIVERS -DSMALL_C_LIB -DALT_SINGLE_THREADED    -Os -g -Wall   -mno-hw-div -mno-hw-div -mhw-mul -mno-hw-mulx -mgpopt=global  -o "obj/default/imported_source/ecatcoe.o" "imported_source/ecatcoe.c"
Info: Compiling imported_source/ecatslv.c to obj/default/imported_source/ecatslv.o
nios2-elf-gcc.exe -xc -MP -MMD -c -Ic:/Users/guan-ming.dennis-won/Documents/Code/SPI_4_Wire_Serial_Intel_FPGA_IP/software/NIOS_Project_Small_bsp//HAL/inc -Ic:/Users/guan-ming.dennis-won/Documents/Code/SPI_4_Wire_Serial_Intel_FPGA_IP/software/NIOS_Project_Small_bsp/ -Ic:/Users/guan-ming.dennis-won/Documents/Code/SPI_4_Wire_Serial_Intel_FPGA_IP/software/NIOS_Project_Small_bsp//drivers/inc  -pipe -D__hal__ -DALT_NO_C_PLUS_PLUS -DALT_NO_CLEAN_EXIT -D'exit(a)=_exit(a)' -DALT_NO_EXIT -DALT_USE_DIRECT_DRIVERS -DALT_NO_INSTRUCTION_EMULATION -DALT_USE_SMALL_DRIVERS -DSMALL_C_LIB -DALT_SINGLE_THREADED    -Os -g -Wall   -mno-hw-div -mno-hw-div -mhw-mul -mno-hw-mulx -mgpopt=global  -o "obj/default/imported_source/ecatslv.o" "imported_source/ecatslv.c"
Info: Compiling imported_source/mailbox.c to obj/default/imported_source/mailbox.o
nios2-elf-gcc.exe -xc -MP -MMD -c -Ic:/Users/guan-ming.dennis-won/Documents/Code/SPI_4_Wire_Serial_Intel_FPGA_IP/software/NIOS_Project_Small_bsp//HAL/inc -Ic:/Users/guan-ming.dennis-won/Documents/Code/SPI_4_Wire_Serial_Intel_FPGA_IP/software/NIOS_Project_Small_bsp/ -Ic:/Users/guan-ming.dennis-won/Documents/Code/SPI_4_Wire_Serial_Intel_FPGA_IP/software/NIOS_Project_Small_bsp//drivers/inc  -pipe -D__hal__ -DALT_NO_C_PLUS_PLUS -DALT_NO_CLEAN_EXIT -D'exit(a)=_exit(a)' -DALT_NO_EXIT -DALT_USE_DIRECT_DRIVERS -DALT_NO_INSTRUCTION_EMULATION -DALT_USE_SMALL_DRIVERS -DSMALL_C_LIB -DALT_SINGLE_THREADED    -Os -g -Wall   -mno-hw-div -mno-hw-div -mhw-mul -mno-hw-mulx -mgpopt=global  -o "obj/default/imported_source/mailbox.o" "imported_source/mailbox.c"
imported_source/mailbox.c: In function 'MBX_CheckAndCopyMailbox':
imported_source/mailbox.c:760:17: warning: array subscript 'TMBX[0]' is partly outside array bounds of 'unsigned char[10]' [-Warray-bounds]
  760 |             pMbx->MbxHeader.Length     = 4;
      |                 ^~
In file included from imported_source/mailbox.c:138:
imported_source/../imported_source/ecat_def.h:776:51: note: object of size 10 allocated by 'malloc'
  776 | #define APPL_AllocMailboxBuffer(size)             malloc((size))
      |                                                   ^~~~~~~~~~~~~~
imported_source/mailbox.c:753:45: note: in expansion of macro 'APPL_AllocMailboxBuffer'
  753 |         TMBX MBXMEM *pMbx = (TMBX MBXMEM *) APPL_AllocMailboxBuffer(10); /* a mailbox error datagram length*/
      |                                             ^~~~~~~~~~~~~~~~~~~~~~~
imported_source/mailbox.c:762:17: warning: array subscript 'TMBX[0]' is partly outside array bounds of 'unsigned char[10]' [-Warray-bounds]
  762 |             pMbx->Data[0]                        = SWAPWORD(MBXSERVICE_MBXERRORCMD);
      |                 ^~
imported_source/../imported_source/ecat_def.h:776:51: note: object of size 10 allocated by 'malloc'
  776 | #define APPL_AllocMailboxBuffer(size)             malloc((size))
      |                                                   ^~~~~~~~~~~~~~
imported_source/mailbox.c:753:45: note: in expansion of macro 'APPL_AllocMailboxBuffer'
  753 |         TMBX MBXMEM *pMbx = (TMBX MBXMEM *) APPL_AllocMailboxBuffer(10); /* a mailbox error datagram length*/
      |                                             ^~~~~~~~~~~~~~~~~~~~~~~
imported_source/mailbox.c:763:17: warning: array subscript 'TMBX[0]' is partly outside array bounds of 'unsigned char[10]' [-Warray-bounds]
  763 |             pMbx->Data[1]                        = SWAPWORD(MBXERR_NOMOREMEMORY);
      |                 ^~
imported_source/../imported_source/ecat_def.h:776:51: note: object of size 10 allocated by 'malloc'
  776 | #define APPL_AllocMailboxBuffer(size)             malloc((size))
      |                                                   ^~~~~~~~~~~~~~
imported_source/mailbox.c:753:45: note: in expansion of macro 'APPL_AllocMailboxBuffer'
  753 |         TMBX MBXMEM *pMbx = (TMBX MBXMEM *) APPL_AllocMailboxBuffer(10); /* a mailbox error datagram length*/
      |                                             ^~~~~~~~~~~~~~~~~~~~~~~
Info: Compiling imported_source/objdef.c to obj/default/imported_source/objdef.o
nios2-elf-gcc.exe -xc -MP -MMD -c -Ic:/Users/guan-ming.dennis-won/Documents/Code/SPI_4_Wire_Serial_Intel_FPGA_IP/software/NIOS_Project_Small_bsp//HAL/inc -Ic:/Users/guan-ming.dennis-won/Documents/Code/SPI_4_Wire_Serial_Intel_FPGA_IP/software/NIOS_Project_Small_bsp/ -Ic:/Users/guan-ming.dennis-won/Documents/Code/SPI_4_Wire_Serial_Intel_FPGA_IP/software/NIOS_Project_Small_bsp//drivers/inc  -pipe -D__hal__ -DALT_NO_C_PLUS_PLUS -DALT_NO_CLEAN_EXIT -D'exit(a)=_exit(a)' -DALT_NO_EXIT -DALT_USE_DIRECT_DRIVERS -DALT_NO_INSTRUCTION_EMULATION -DALT_USE_SMALL_DRIVERS -DSMALL_C_LIB -DALT_SINGLE_THREADED    -Os -g -Wall   -mno-hw-div -mno-hw-div -mhw-mul -mno-hw-mulx -mgpopt=global  -o "obj/default/imported_source/objdef.o" "imported_source/objdef.c"
Info: Compiling imported_source/sdoserv.c to obj/default/imported_source/sdoserv.o
nios2-elf-gcc.exe -xc -MP -MMD -c -Ic:/Users/guan-ming.dennis-won/Documents/Code/SPI_4_Wire_Serial_Intel_FPGA_IP/software/NIOS_Project_Small_bsp//HAL/inc -Ic:/Users/guan-ming.dennis-won/Documents/Code/SPI_4_Wire_Serial_Intel_FPGA_IP/software/NIOS_Project_Small_bsp/ -Ic:/Users/guan-ming.dennis-won/Documents/Code/SPI_4_Wire_Serial_Intel_FPGA_IP/software/NIOS_Project_Small_bsp//drivers/inc  -pipe -D__hal__ -DALT_NO_C_PLUS_PLUS -DALT_NO_CLEAN_EXIT -D'exit(a)=_exit(a)' -DALT_NO_EXIT -DALT_USE_DIRECT_DRIVERS -DALT_NO_INSTRUCTION_EMULATION -DALT_USE_SMALL_DRIVERS -DSMALL_C_LIB -DALT_SINGLE_THREADED    -Os -g -Wall   -mno-hw-div -mno-hw-div -mhw-mul -mno-hw-mulx -mgpopt=global  -o "obj/default/imported_source/sdoserv.o" "imported_source/sdoserv.c"
Info: Compiling nios_it/nios_it.c to obj/default/nios_it/nios_it.o
nios2-elf-gcc.exe -xc -MP -MMD -c -Ic:/Users/guan-ming.dennis-won/Documents/Code/SPI_4_Wire_Serial_Intel_FPGA_IP/software/NIOS_Project_Small_bsp//HAL/inc -Ic:/Users/guan-ming.dennis-won/Documents/Code/SPI_4_Wire_Serial_Intel_FPGA_IP/software/NIOS_Project_Small_bsp/ -Ic:/Users/guan-ming.dennis-won/Documents/Code/SPI_4_Wire_Serial_Intel_FPGA_IP/software/NIOS_Project_Small_bsp//drivers/inc  -pipe -D__hal__ -DALT_NO_C_PLUS_PLUS -DALT_NO_CLEAN_EXIT -D'exit(a)=_exit(a)' -DALT_NO_EXIT -DALT_USE_DIRECT_DRIVERS -DALT_NO_INSTRUCTION_EMULATION -DALT_USE_SMALL_DRIVERS -DSMALL_C_LIB -DALT_SINGLE_THREADED    -Os -g -Wall   -mno-hw-div -mno-hw-div -mhw-mul -mno-hw-mulx -mgpopt=global  -o "obj/default/nios_it/nios_it.o" "nios_it/nios_it.c"
nios_it/nios_it.c: In function 'exti0_isr':
nios_it/nios_it.c:18:10: warning: implicit declaration of function 'PDI_Isr' [-Wimplicit-function-declaration]
   18 |          PDI_Isr();
      |          ^~~~~~~
nios_it/nios_it.c:24:10: warning: implicit declaration of function 'printf' [-Wimplicit-function-declaration]
   24 |          printf("Called ISR!\n");
      |          ^~~~~~
nios_it/nios_it.c:11:1: note: include '<stdio.h>' or provide a declaration of 'printf'
   10 | #include "../peripheral/peripheral_linker.h"  // Include the linker header file with peripheral definitions
  +++ |+#include <stdio.h>
   11 | 
nios_it/nios_it.c:24:10: warning: incompatible implicit declaration of built-in function 'printf' [-Wbuiltin-declaration-mismatch]
   24 |          printf("Called ISR!\n");
      |          ^~~~~~
nios_it/nios_it.c:24:10: note: include '<stdio.h>' or provide a declaration of 'printf'
Info: Compiling peripheral/peripheral_linker.c to obj/default/peripheral/peripheral_linker.o
nios2-elf-gcc.exe -xc -MP -MMD -c -Ic:/Users/guan-ming.dennis-won/Documents/Code/SPI_4_Wire_Serial_Intel_FPGA_IP/software/NIOS_Project_Small_bsp//HAL/inc -Ic:/Users/guan-ming.dennis-won/Documents/Code/SPI_4_Wire_Serial_Intel_FPGA_IP/software/NIOS_Project_Small_bsp/ -Ic:/Users/guan-ming.dennis-won/Documents/Code/SPI_4_Wire_Serial_Intel_FPGA_IP/software/NIOS_Project_Small_bsp//drivers/inc  -pipe -D__hal__ -DALT_NO_C_PLUS_PLUS -DALT_NO_CLEAN_EXIT -D'exit(a)=_exit(a)' -DALT_NO_EXIT -DALT_USE_DIRECT_DRIVERS -DALT_NO_INSTRUCTION_EMULATION -DALT_USE_SMALL_DRIVERS -DSMALL_C_LIB -DALT_SINGLE_THREADED    -Os -g -Wall   -mno-hw-div -mno-hw-div -mhw-mul -mno-hw-mulx -mgpopt=global  -o "obj/default/peripheral/peripheral_linker.o" "peripheral/peripheral_linker.c"
peripheral/peripheral_linker.c: In function 'delay_ms':
peripheral/peripheral_linker.c:8:5: warning: implicit declaration of function 'usleep' [-Wimplicit-function-declaration]
    8 |     usleep(milliseconds * 1000);  // Convert to microseconds
      |     ^~~~~~
peripheral/peripheral_linker.c: In function 'adc_init':
peripheral/peripheral_linker.c:16:13: warning: variable 'spi_check' set but not used [-Wunused-but-set-variable]
   16 |         int spi_check = -1;
      |             ^~~~~~~~~
peripheral/peripheral_linker.c: In function 'adc_init_spi_transmit_receive':
peripheral/peripheral_linker.c:160:13: warning: variable 'spi_check' set but not used [-Wunused-but-set-variable]
  160 |         int spi_check = -1;
      |             ^~~~~~~~~
peripheral/peripheral_linker.c: In function 'spi_transmit_receive':
peripheral/peripheral_linker.c:347:19: warning: implicit declaration of function 'printf' [-Wimplicit-function-declaration]
  347 |                   printf("error!");
      |                   ^~~~~~
peripheral/peripheral_linker.c:2:1: note: include '<stdio.h>' or provide a declaration of 'printf'
    1 | #include "peripheral_linker.h"  // Include the linker header file with peripheral definitions
  +++ |+#include <stdio.h>
    2 | #include "system.h"
peripheral/peripheral_linker.c:347:19: warning: incompatible implicit declaration of built-in function 'printf' [-Wbuiltin-declaration-mismatch]
  347 |                   printf("error!");
      |                   ^~~~~~
peripheral/peripheral_linker.c:347:19: note: include '<stdio.h>' or provide a declaration of 'printf'
Info: Linking NIOS_Project_Small.elf
nios2-elf-g++.exe  -T'c:/Users/guan-ming.dennis-won/Documents/Code/SPI_4_Wire_Serial_Intel_FPGA_IP/software/NIOS_Project_Small_bsp//linker.x' -msys-crt0='c:/Users/guan-ming.dennis-won/Documents/Code/SPI_4_Wire_Serial_Intel_FPGA_IP/software/NIOS_Project_Small_bsp//obj/HAL/src/crt0.o' -msys-lib=hal_bsp -Lc:/Users/guan-ming.dennis-won/Documents/Code/SPI_4_Wire_Serial_Intel_FPGA_IP/software/NIOS_Project_Small_bsp/  -msmallc  -Wl,-Map=NIOS_Project_Small.map   -Os -g -Wall   -mno-hw-div -mno-hw-div -mhw-mul -mno-hw-mulx -mgpopt=global  -o NIOS_Project_Small.elf obj/default/hello_world_small.o obj/default/imported_source/TENCL040_ESC.o obj/default/imported_source/ax58100_hw.o obj/default/imported_source/coeappl.o obj/default/imported_source/ecatappl.o obj/default/imported_source/ecatcoe.o obj/default/imported_source/ecatslv.o obj/default/imported_source/mailbox.o obj/default/imported_source/objdef.o obj/default/imported_source/sdoserv.o obj/default/nios_it/nios_it.o obj/default/peripheral/peripheral_linker.o -lm -msys-lib=m
nios2-elf-insert.exe NIOS_Project_Small.elf --thread_model hal --cpu_name NIOS --qsys true --simulation_enabled false --id 39011 --sidp 0x41060 --timestamp 1747198670 --stderr_dev DEBUG --stdin_dev DEBUG --stdout_dev DEBUG --sopc_system_name spi_platform_designer --quartus_project_dir "c:/Users/guan-ming.dennis-won/Documents/Code/SPI_4_Wire_Serial_Intel_FPGA_IP" --jdi ../..//output_files/spi.jdi --sopcinfo C:/Users/guan-ming.dennis-won/Documents/Code/SPI_4_Wire_Serial_Intel_FPGA_IP/spi_platform_designer.sopcinfo
Info: (NIOS_Project_Small.elf) 41 KBytes program size (code + initialized data).
Info:                          35 KBytes free for stack + heap.
Info: Creating NIOS_Project_Small.objdump
nios2-elf-objdump.exe --disassemble --syms --all-header --source NIOS_Project_Small.elf >NIOS_Project_Small.objdump
[NIOS_Project_Small build complete]
11:02:34 **** Incremental Build of configuration Nios II for project NIOS_Project_Small ****
wsl make all 
Info: Building /mnt/c/Users/guan-ming.dennis-won/Documents/Code/SPI_4_Wire_Serial_Intel_FPGA_IP/software/NIOS_Project_Small_bsp/
make --no-print-directory -C /mnt/c/Users/guan-ming.dennis-won/Documents/Code/SPI_4_Wire_Serial_Intel_FPGA_IP/software/NIOS_Project_Small_bsp/
[BSP build complete]
[NIOS_Project_Small build complete]
13:37:40 **** Build of configuration Nios II for project NIOS_Project_Small ****
wsl make all 
Info: Building /mnt/c/Users/guan-ming.dennis-won/Documents/Code/SPI_4_Wire_Serial_Intel_FPGA_IP/software/NIOS_Project_Small_bsp/
make --no-print-directory -C /mnt/c/Users/guan-ming.dennis-won/Documents/Code/SPI_4_Wire_Serial_Intel_FPGA_IP/software/NIOS_Project_Small_bsp/
Makefile not up to date.
/mnt/c/Users/guan-ming.dennis-won/Documents/Code/SPI_4_Wire_Serial_Intel_FPGA_IP/spi_platform_designer.sopcinfo has been modified since the BSP was generated.

Generate the BSP to update the Makefile, and then build again.

To generate from Eclipse:
 1. Right-click the BSP project.
 2. In the Nios II Menu, click Generate BSP.

To generate from the command line:
 nios2-bsp-generate-files --settings=<settings file> --bsp-dir=<target bsp files directory>

Makefile:573: recipe for target 'public.mk' failed
make[1]: *** [public.mk] Error 1
Makefile:853: recipe for target '/mnt/c/Users/guan-ming.dennis-won/Documents/Code/SPI_4_Wire_Serial_Intel_FPGA_IP/software/NIOS_Project_Small_bsp/-recurs-make-lib' failed
make: *** [/mnt/c/Users/guan-ming.dennis-won/Documents/Code/SPI_4_Wire_Serial_Intel_FPGA_IP/software/NIOS_Project_Small_bsp/-recurs-make-lib] Error 2
13:39:11 **** Clean-only build of configuration Nios II for project NIOS_Project_Small ****
wsl make clean 
[NIOS_Project_Small clean complete]
13:39:15 **** Build of configuration Nios II for project NIOS_Project_Small ****
wsl make all 
Info: Building /mnt/c/Users/guan-ming.dennis-won/Documents/Code/SPI_4_Wire_Serial_Intel_FPGA_IP/software/NIOS_Project_Small_bsp/
make --no-print-directory -C /mnt/c/Users/guan-ming.dennis-won/Documents/Code/SPI_4_Wire_Serial_Intel_FPGA_IP/software/NIOS_Project_Small_bsp/
Compiling alt_alarm_start.c...
nios2-elf-gcc.exe -xc -MP -MMD -c  -I./HAL/inc -I. -I./drivers/inc -pipe -D__hal__ -DALT_NO_C_PLUS_PLUS -DALT_NO_CLEAN_EXIT -D'exit(a)=_exit(a)' -DALT_NO_EXIT -DALT_USE_DIRECT_DRIVERS -DALT_NO_INSTRUCTION_EMULATION -DALT_USE_SMALL_DRIVERS -DSMALL_C_LIB -DALT_SINGLE_THREADED    '-Os' -g -Wall  -mno-hw-div -mno-hw-div -mhw-mul -mno-hw-mulx -mgpopt=global   -o obj/HAL/src/alt_alarm_start.o HAL/src/alt_alarm_start.c
Compiling alt_busy_sleep.c...
nios2-elf-gcc.exe -xc -MP -MMD -c  -I./HAL/inc -I. -I./drivers/inc -pipe -D__hal__ -DALT_NO_C_PLUS_PLUS -DALT_NO_CLEAN_EXIT -D'exit(a)=_exit(a)' -DALT_NO_EXIT -DALT_USE_DIRECT_DRIVERS -DALT_NO_INSTRUCTION_EMULATION -DALT_USE_SMALL_DRIVERS -DSMALL_C_LIB -DALT_SINGLE_THREADED    '-Os' -g -Wall  -mno-hw-div -mno-hw-div -mhw-mul -mno-hw-mulx -mgpopt=global   -o obj/HAL/src/alt_busy_sleep.o HAL/src/alt_busy_sleep.c
Compiling alt_close.c...
nios2-elf-gcc.exe -xc -MP -MMD -c  -I./HAL/inc -I. -I./drivers/inc -pipe -D__hal__ -DALT_NO_C_PLUS_PLUS -DALT_NO_CLEAN_EXIT -D'exit(a)=_exit(a)' -DALT_NO_EXIT -DALT_USE_DIRECT_DRIVERS -DALT_NO_INSTRUCTION_EMULATION -DALT_USE_SMALL_DRIVERS -DSMALL_C_LIB -DALT_SINGLE_THREADED    '-Os' -g -Wall  -mno-hw-div -mno-hw-div -mhw-mul -mno-hw-mulx -mgpopt=global   -o obj/HAL/src/alt_close.o HAL/src/alt_close.c
Compiling alt_dcache_flush.c...
nios2-elf-gcc.exe -xc -MP -MMD -c  -I./HAL/inc -I. -I./drivers/inc -pipe -D__hal__ -DALT_NO_C_PLUS_PLUS -DALT_NO_CLEAN_EXIT -D'exit(a)=_exit(a)' -DALT_NO_EXIT -DALT_USE_DIRECT_DRIVERS -DALT_NO_INSTRUCTION_EMULATION -DALT_USE_SMALL_DRIVERS -DSMALL_C_LIB -DALT_SINGLE_THREADED    '-Os' -g -Wall  -mno-hw-div -mno-hw-div -mhw-mul -mno-hw-mulx -mgpopt=global   -o obj/HAL/src/alt_dcache_flush.o HAL/src/alt_dcache_flush.c
Compiling alt_dcache_flush_all.c...
nios2-elf-gcc.exe -xc -MP -MMD -c  -I./HAL/inc -I. -I./drivers/inc -pipe -D__hal__ -DALT_NO_C_PLUS_PLUS -DALT_NO_CLEAN_EXIT -D'exit(a)=_exit(a)' -DALT_NO_EXIT -DALT_USE_DIRECT_DRIVERS -DALT_NO_INSTRUCTION_EMULATION -DALT_USE_SMALL_DRIVERS -DSMALL_C_LIB -DALT_SINGLE_THREADED    '-Os' -g -Wall  -mno-hw-div -mno-hw-div -mhw-mul -mno-hw-mulx -mgpopt=global   -o obj/HAL/src/alt_dcache_flush_all.o HAL/src/alt_dcache_flush_all.c
Compiling alt_dcache_flush_no_writeback.c...
nios2-elf-gcc.exe -xc -MP -MMD -c  -I./HAL/inc -I. -I./drivers/inc -pipe -D__hal__ -DALT_NO_C_PLUS_PLUS -DALT_NO_CLEAN_EXIT -D'exit(a)=_exit(a)' -DALT_NO_EXIT -DALT_USE_DIRECT_DRIVERS -DALT_NO_INSTRUCTION_EMULATION -DALT_USE_SMALL_DRIVERS -DSMALL_C_LIB -DALT_SINGLE_THREADED    '-Os' -g -Wall  -mno-hw-div -mno-hw-div -mhw-mul -mno-hw-mulx -mgpopt=global   -o obj/HAL/src/alt_dcache_flush_no_writeback.o HAL/src/alt_dcache_flush_no_writeback.c
Compiling alt_dev.c...
nios2-elf-gcc.exe -xc -MP -MMD -c  -I./HAL/inc -I. -I./drivers/inc -pipe -D__hal__ -DALT_NO_C_PLUS_PLUS -DALT_NO_CLEAN_EXIT -D'exit(a)=_exit(a)' -DALT_NO_EXIT -DALT_USE_DIRECT_DRIVERS -DALT_NO_INSTRUCTION_EMULATION -DALT_USE_SMALL_DRIVERS -DSMALL_C_LIB -DALT_SINGLE_THREADED    '-Os' -g -Wall  -mno-hw-div -mno-hw-div -mhw-mul -mno-hw-mulx -mgpopt=global   -o obj/HAL/src/alt_dev.o HAL/src/alt_dev.c
Compiling alt_dma_rxchan_open.c...
nios2-elf-gcc.exe -xc -MP -MMD -c  -I./HAL/inc -I. -I./drivers/inc -pipe -D__hal__ -DALT_NO_C_PLUS_PLUS -DALT_NO_CLEAN_EXIT -D'exit(a)=_exit(a)' -DALT_NO_EXIT -DALT_USE_DIRECT_DRIVERS -DALT_NO_INSTRUCTION_EMULATION -DALT_USE_SMALL_DRIVERS -DSMALL_C_LIB -DALT_SINGLE_THREADED    '-Os' -g -Wall  -mno-hw-div -mno-hw-div -mhw-mul -mno-hw-mulx -mgpopt=global   -o obj/HAL/src/alt_dma_rxchan_open.o HAL/src/alt_dma_rxchan_open.c
Compiling alt_dma_txchan_open.c...
nios2-elf-gcc.exe -xc -MP -MMD -c  -I./HAL/inc -I. -I./drivers/inc -pipe -D__hal__ -DALT_NO_C_PLUS_PLUS -DALT_NO_CLEAN_EXIT -D'exit(a)=_exit(a)' -DALT_NO_EXIT -DALT_USE_DIRECT_DRIVERS -DALT_NO_INSTRUCTION_EMULATION -DALT_USE_SMALL_DRIVERS -DSMALL_C_LIB -DALT_SINGLE_THREADED    '-Os' -g -Wall  -mno-hw-div -mno-hw-div -mhw-mul -mno-hw-mulx -mgpopt=global   -o obj/HAL/src/alt_dma_txchan_open.o HAL/src/alt_dma_txchan_open.c
Compiling alt_ecc_fatal_exception.c...
nios2-elf-gcc.exe -xc -MP -MMD -c  -I./HAL/inc -I. -I./drivers/inc -pipe -D__hal__ -DALT_NO_C_PLUS_PLUS -DALT_NO_CLEAN_EXIT -D'exit(a)=_exit(a)' -DALT_NO_EXIT -DALT_USE_DIRECT_DRIVERS -DALT_NO_INSTRUCTION_EMULATION -DALT_USE_SMALL_DRIVERS -DSMALL_C_LIB -DALT_SINGLE_THREADED    '-Os' -g -Wall  -mno-hw-div -mno-hw-div -mhw-mul -mno-hw-mulx -mgpopt=global   -o obj/HAL/src/alt_ecc_fatal_exception.o HAL/src/alt_ecc_fatal_exception.c
Compiling alt_exception_entry.S...
nios2-elf-gcc.exe -MP -MMD -c   '-Os' -g -Wall  -mno-hw-div -mno-hw-div -mhw-mul -mno-hw-mulx -mgpopt=global    -I./HAL/inc -I. -I./drivers/inc -pipe -D__hal__ -DALT_NO_C_PLUS_PLUS -DALT_NO_CLEAN_EXIT -D'exit(a)=_exit(a)' -DALT_NO_EXIT -DALT_USE_DIRECT_DRIVERS -DALT_NO_INSTRUCTION_EMULATION -DALT_USE_SMALL_DRIVERS -DSMALL_C_LIB -DALT_SINGLE_THREADED  -Wa,-gdwarf2  -o obj/HAL/src/alt_exception_entry.o HAL/src/alt_exception_entry.S
Compiling alt_exit.c...
nios2-elf-gcc.exe -xc -MP -MMD -c  -I./HAL/inc -I. -I./drivers/inc -pipe -D__hal__ -DALT_NO_C_PLUS_PLUS -DALT_NO_CLEAN_EXIT -D'exit(a)=_exit(a)' -DALT_NO_EXIT -DALT_USE_DIRECT_DRIVERS -DALT_NO_INSTRUCTION_EMULATION -DALT_USE_SMALL_DRIVERS -DSMALL_C_LIB -DALT_SINGLE_THREADED    '-Os' -g -Wall  -mno-hw-div -mno-hw-div -mhw-mul -mno-hw-mulx -mgpopt=global   -o obj/HAL/src/alt_exit.o HAL/src/alt_exit.c
Compiling alt_fcntl.c...
nios2-elf-gcc.exe -xc -MP -MMD -c  -I./HAL/inc -I. -I./drivers/inc -pipe -D__hal__ -DALT_NO_C_PLUS_PLUS -DALT_NO_CLEAN_EXIT -D'exit(a)=_exit(a)' -DALT_NO_EXIT -DALT_USE_DIRECT_DRIVERS -DALT_NO_INSTRUCTION_EMULATION -DALT_USE_SMALL_DRIVERS -DSMALL_C_LIB -DALT_SINGLE_THREADED    '-Os' -g -Wall  -mno-hw-div -mno-hw-div -mhw-mul -mno-hw-mulx -mgpopt=global   -o obj/HAL/src/alt_fcntl.o HAL/src/alt_fcntl.c
Compiling alt_fd_lock.c...
nios2-elf-gcc.exe -xc -MP -MMD -c  -I./HAL/inc -I. -I./drivers/inc -pipe -D__hal__ -DALT_NO_C_PLUS_PLUS -DALT_NO_CLEAN_EXIT -D'exit(a)=_exit(a)' -DALT_NO_EXIT -DALT_USE_DIRECT_DRIVERS -DALT_NO_INSTRUCTION_EMULATION -DALT_USE_SMALL_DRIVERS -DSMALL_C_LIB -DALT_SINGLE_THREADED    '-Os' -g -Wall  -mno-hw-div -mno-hw-div -mhw-mul -mno-hw-mulx -mgpopt=global   -o obj/HAL/src/alt_fd_lock.o HAL/src/alt_fd_lock.c
Compiling alt_fd_unlock.c...
nios2-elf-gcc.exe -xc -MP -MMD -c  -I./HAL/inc -I. -I./drivers/inc -pipe -D__hal__ -DALT_NO_C_PLUS_PLUS -DALT_NO_CLEAN_EXIT -D'exit(a)=_exit(a)' -DALT_NO_EXIT -DALT_USE_DIRECT_DRIVERS -DALT_NO_INSTRUCTION_EMULATION -DALT_USE_SMALL_DRIVERS -DSMALL_C_LIB -DALT_SINGLE_THREADED    '-Os' -g -Wall  -mno-hw-div -mno-hw-div -mhw-mul -mno-hw-mulx -mgpopt=global   -o obj/HAL/src/alt_fd_unlock.o HAL/src/alt_fd_unlock.c
Compiling alt_find_dev.c...
nios2-elf-gcc.exe -xc -MP -MMD -c  -I./HAL/inc -I. -I./drivers/inc -pipe -D__hal__ -DALT_NO_C_PLUS_PLUS -DALT_NO_CLEAN_EXIT -D'exit(a)=_exit(a)' -DALT_NO_EXIT -DALT_USE_DIRECT_DRIVERS -DALT_NO_INSTRUCTION_EMULATION -DALT_USE_SMALL_DRIVERS -DSMALL_C_LIB -DALT_SINGLE_THREADED    '-Os' -g -Wall  -mno-hw-div -mno-hw-div -mhw-mul -mno-hw-mulx -mgpopt=global   -o obj/HAL/src/alt_find_dev.o HAL/src/alt_find_dev.c
Compiling alt_find_file.c...
nios2-elf-gcc.exe -xc -MP -MMD -c  -I./HAL/inc -I. -I./drivers/inc -pipe -D__hal__ -DALT_NO_C_PLUS_PLUS -DALT_NO_CLEAN_EXIT -D'exit(a)=_exit(a)' -DALT_NO_EXIT -DALT_USE_DIRECT_DRIVERS -DALT_NO_INSTRUCTION_EMULATION -DALT_USE_SMALL_DRIVERS -DSMALL_C_LIB -DALT_SINGLE_THREADED    '-Os' -g -Wall  -mno-hw-div -mno-hw-div -mhw-mul -mno-hw-mulx -mgpopt=global   -o obj/HAL/src/alt_find_file.o HAL/src/alt_find_file.c
Compiling alt_flash_dev.c...
nios2-elf-gcc.exe -xc -MP -MMD -c  -I./HAL/inc -I. -I./drivers/inc -pipe -D__hal__ -DALT_NO_C_PLUS_PLUS -DALT_NO_CLEAN_EXIT -D'exit(a)=_exit(a)' -DALT_NO_EXIT -DALT_USE_DIRECT_DRIVERS -DALT_NO_INSTRUCTION_EMULATION -DALT_USE_SMALL_DRIVERS -DSMALL_C_LIB -DALT_SINGLE_THREADED    '-Os' -g -Wall  -mno-hw-div -mno-hw-div -mhw-mul -mno-hw-mulx -mgpopt=global   -o obj/HAL/src/alt_flash_dev.o HAL/src/alt_flash_dev.c
Compiling alt_fs_reg.c...
nios2-elf-gcc.exe -xc -MP -MMD -c  -I./HAL/inc -I. -I./drivers/inc -pipe -D__hal__ -DALT_NO_C_PLUS_PLUS -DALT_NO_CLEAN_EXIT -D'exit(a)=_exit(a)' -DALT_NO_EXIT -DALT_USE_DIRECT_DRIVERS -DALT_NO_INSTRUCTION_EMULATION -DALT_USE_SMALL_DRIVERS -DSMALL_C_LIB -DALT_SINGLE_THREADED    '-Os' -g -Wall  -mno-hw-div -mno-hw-div -mhw-mul -mno-hw-mulx -mgpopt=global   -o obj/HAL/src/alt_fs_reg.o HAL/src/alt_fs_reg.c
Compiling alt_fstat.c...
nios2-elf-gcc.exe -xc -MP -MMD -c  -I./HAL/inc -I. -I./drivers/inc -pipe -D__hal__ -DALT_NO_C_PLUS_PLUS -DALT_NO_CLEAN_EXIT -D'exit(a)=_exit(a)' -DALT_NO_EXIT -DALT_USE_DIRECT_DRIVERS -DALT_NO_INSTRUCTION_EMULATION -DALT_USE_SMALL_DRIVERS -DSMALL_C_LIB -DALT_SINGLE_THREADED    '-Os' -g -Wall  -mno-hw-div -mno-hw-div -mhw-mul -mno-hw-mulx -mgpopt=global   -o obj/HAL/src/alt_fstat.o HAL/src/alt_fstat.c
Compiling alt_get_fd.c...
nios2-elf-gcc.exe -xc -MP -MMD -c  -I./HAL/inc -I. -I./drivers/inc -pipe -D__hal__ -DALT_NO_C_PLUS_PLUS -DALT_NO_CLEAN_EXIT -D'exit(a)=_exit(a)' -DALT_NO_EXIT -DALT_USE_DIRECT_DRIVERS -DALT_NO_INSTRUCTION_EMULATION -DALT_USE_SMALL_DRIVERS -DSMALL_C_LIB -DALT_SINGLE_THREADED    '-Os' -g -Wall  -mno-hw-div -mno-hw-div -mhw-mul -mno-hw-mulx -mgpopt=global   -o obj/HAL/src/alt_get_fd.o HAL/src/alt_get_fd.c
Compiling alt_getchar.c...
nios2-elf-gcc.exe -xc -MP -MMD -c  -I./HAL/inc -I. -I./drivers/inc -pipe -D__hal__ -DALT_NO_C_PLUS_PLUS -DALT_NO_CLEAN_EXIT -D'exit(a)=_exit(a)' -DALT_NO_EXIT -DALT_USE_DIRECT_DRIVERS -DALT_NO_INSTRUCTION_EMULATION -DALT_USE_SMALL_DRIVERS -DSMALL_C_LIB -DALT_SINGLE_THREADED    '-Os' -g -Wall  -mno-hw-div -mno-hw-div -mhw-mul -mno-hw-mulx -mgpopt=global   -o obj/HAL/src/alt_getchar.o HAL/src/alt_getchar.c
In file included from HAL/src/alt_getchar.c:36:
./system.h: In function 'alt_getchar':
./system.h:144:32: warning: 'c' may be used uninitialized [-Wmaybe-uninitialized]
  144 | #define ALT_MODULE_CLASS_DEBUG altera_avalon_jtag_uart
      |                                ^~~~~~~~~~~~~~~~~~~~~~~
In file included from HAL/src/alt_getchar.c:37:
./system.h:144:32: note: by argument 2 of type 'const char *' to 'altera_avalon_jtag_uart_read' declared here
  144 | #define ALT_MODULE_CLASS_DEBUG altera_avalon_jtag_uart
      |                                ^~~~~~~~~~~~~~~~~~~~~~~
./HAL/inc/sys/alt_driver.h:76:3: note: in definition of macro 'ALT_DRIVER_FUNC_NAME2'
   76 |   module_class ## _ ## func
      |   ^~~~~~~~~~~~
./HAL/inc/sys/alt_driver.h:72:3: note: in expansion of macro 'ALT_DRIVER_FUNC_NAME1'
   72 |   ALT_DRIVER_FUNC_NAME1(ALT_MODULE_CLASS(instance), func)
      |   ^~~~~~~~~~~~~~~~~~~~~
./HAL/inc/sys/alt_driver.h:53:36: note: in expansion of macro 'ALT_MODULE_CLASS_DEBUG'
   53 | #define ALT_MODULE_CLASS(instance) ALT_MODULE_CLASS_ ## instance
      |                                    ^~~~~~~~~~~~~~~~~
./HAL/inc/sys/alt_driver.h:72:25: note: in expansion of macro 'ALT_MODULE_CLASS'
   72 |   ALT_DRIVER_FUNC_NAME1(ALT_MODULE_CLASS(instance), func)
      |                         ^~~~~~~~~~~~~~~~
./HAL/inc/sys/alt_driver.h:144:16: note: in expansion of macro 'ALT_DRIVER_FUNC_NAME'
  144 |     extern int ALT_DRIVER_FUNC_NAME(instance, read)                         \
      |                ^~~~~~~~~~~~~~~~~~~~
HAL/src/alt_getchar.c:59:5: note: in expansion of macro 'ALT_DRIVER_READ_EXTERNS'
   59 |     ALT_DRIVER_READ_EXTERNS(ALT_STDIN_DEV);
      |     ^~~~~~~~~~~~~~~~~~~~~~~
HAL/src/alt_getchar.c:60:10: note: 'c' declared here
   60 |     char c;
      |          ^
Compiling alt_gmon.c...
nios2-elf-gcc.exe -xc -MP -MMD -c  -I./HAL/inc -I. -I./drivers/inc -pipe -D__hal__ -DALT_NO_C_PLUS_PLUS -DALT_NO_CLEAN_EXIT -D'exit(a)=_exit(a)' -DALT_NO_EXIT -DALT_USE_DIRECT_DRIVERS -DALT_NO_INSTRUCTION_EMULATION -DALT_USE_SMALL_DRIVERS -DSMALL_C_LIB -DALT_SINGLE_THREADED    '-Os' -g -Wall  -mno-hw-div -mno-hw-div -mhw-mul -mno-hw-mulx -mgpopt=global   -o obj/HAL/src/alt_gmon.o HAL/src/alt_gmon.c
Compiling alt_icache_flush.c...
nios2-elf-gcc.exe -xc -MP -MMD -c  -I./HAL/inc -I. -I./drivers/inc -pipe -D__hal__ -DALT_NO_C_PLUS_PLUS -DALT_NO_CLEAN_EXIT -D'exit(a)=_exit(a)' -DALT_NO_EXIT -DALT_USE_DIRECT_DRIVERS -DALT_NO_INSTRUCTION_EMULATION -DALT_USE_SMALL_DRIVERS -DSMALL_C_LIB -DALT_SINGLE_THREADED    '-Os' -g -Wall  -mno-hw-div -mno-hw-div -mhw-mul -mno-hw-mulx -mgpopt=global   -o obj/HAL/src/alt_icache_flush.o HAL/src/alt_icache_flush.c
Compiling alt_icache_flush_all.c...
nios2-elf-gcc.exe -xc -MP -MMD -c  -I./HAL/inc -I. -I./drivers/inc -pipe -D__hal__ -DALT_NO_C_PLUS_PLUS -DALT_NO_CLEAN_EXIT -D'exit(a)=_exit(a)' -DALT_NO_EXIT -DALT_USE_DIRECT_DRIVERS -DALT_NO_INSTRUCTION_EMULATION -DALT_USE_SMALL_DRIVERS -DSMALL_C_LIB -DALT_SINGLE_THREADED    '-Os' -g -Wall  -mno-hw-div -mno-hw-div -mhw-mul -mno-hw-mulx -mgpopt=global   -o obj/HAL/src/alt_icache_flush_all.o HAL/src/alt_icache_flush_all.c
Compiling alt_iic.c...
nios2-elf-gcc.exe -xc -MP -MMD -c  -I./HAL/inc -I. -I./drivers/inc -pipe -D__hal__ -DALT_NO_C_PLUS_PLUS -DALT_NO_CLEAN_EXIT -D'exit(a)=_exit(a)' -DALT_NO_EXIT -DALT_USE_DIRECT_DRIVERS -DALT_NO_INSTRUCTION_EMULATION -DALT_USE_SMALL_DRIVERS -DSMALL_C_LIB -DALT_SINGLE_THREADED    '-Os' -g -Wall  -mno-hw-div -mno-hw-div -mhw-mul -mno-hw-mulx -mgpopt=global   -o obj/HAL/src/alt_iic.o HAL/src/alt_iic.c
Compiling alt_iic_isr_register.c...
nios2-elf-gcc.exe -xc -MP -MMD -c  -I./HAL/inc -I. -I./drivers/inc -pipe -D__hal__ -DALT_NO_C_PLUS_PLUS -DALT_NO_CLEAN_EXIT -D'exit(a)=_exit(a)' -DALT_NO_EXIT -DALT_USE_DIRECT_DRIVERS -DALT_NO_INSTRUCTION_EMULATION -DALT_USE_SMALL_DRIVERS -DSMALL_C_LIB -DALT_SINGLE_THREADED    '-Os' -g -Wall  -mno-hw-div -mno-hw-div -mhw-mul -mno-hw-mulx -mgpopt=global   -o obj/HAL/src/alt_iic_isr_register.o HAL/src/alt_iic_isr_register.c
Compiling alt_instruction_exception_entry.c...
nios2-elf-gcc.exe -xc -MP -MMD -c  -I./HAL/inc -I. -I./drivers/inc -pipe -D__hal__ -DALT_NO_C_PLUS_PLUS -DALT_NO_CLEAN_EXIT -D'exit(a)=_exit(a)' -DALT_NO_EXIT -DALT_USE_DIRECT_DRIVERS -DALT_NO_INSTRUCTION_EMULATION -DALT_USE_SMALL_DRIVERS -DSMALL_C_LIB -DALT_SINGLE_THREADED    '-Os' -g -Wall  -mno-hw-div -mno-hw-div -mhw-mul -mno-hw-mulx -mgpopt=global   -o obj/HAL/src/alt_instruction_exception_entry.o HAL/src/alt_instruction_exception_entry.c
Compiling alt_instruction_exception_register.c...
nios2-elf-gcc.exe -xc -MP -MMD -c  -I./HAL/inc -I. -I./drivers/inc -pipe -D__hal__ -DALT_NO_C_PLUS_PLUS -DALT_NO_CLEAN_EXIT -D'exit(a)=_exit(a)' -DALT_NO_EXIT -DALT_USE_DIRECT_DRIVERS -DALT_NO_INSTRUCTION_EMULATION -DALT_USE_SMALL_DRIVERS -DSMALL_C_LIB -DALT_SINGLE_THREADED    '-Os' -g -Wall  -mno-hw-div -mno-hw-div -mhw-mul -mno-hw-mulx -mgpopt=global   -o obj/HAL/src/alt_instruction_exception_register.o HAL/src/alt_instruction_exception_register.c
Compiling alt_io_redirect.c...
nios2-elf-gcc.exe -xc -MP -MMD -c  -I./HAL/inc -I. -I./drivers/inc -pipe -D__hal__ -DALT_NO_C_PLUS_PLUS -DALT_NO_CLEAN_EXIT -D'exit(a)=_exit(a)' -DALT_NO_EXIT -DALT_USE_DIRECT_DRIVERS -DALT_NO_INSTRUCTION_EMULATION -DALT_USE_SMALL_DRIVERS -DSMALL_C_LIB -DALT_SINGLE_THREADED    '-Os' -g -Wall  -mno-hw-div -mno-hw-div -mhw-mul -mno-hw-mulx -mgpopt=global   -o obj/HAL/src/alt_io_redirect.o HAL/src/alt_io_redirect.c
Compiling alt_ioctl.c...
nios2-elf-gcc.exe -xc -MP -MMD -c  -I./HAL/inc -I. -I./drivers/inc -pipe -D__hal__ -DALT_NO_C_PLUS_PLUS -DALT_NO_CLEAN_EXIT -D'exit(a)=_exit(a)' -DALT_NO_EXIT -DALT_USE_DIRECT_DRIVERS -DALT_NO_INSTRUCTION_EMULATION -DALT_USE_SMALL_DRIVERS -DSMALL_C_LIB -DALT_SINGLE_THREADED    '-Os' -g -Wall  -mno-hw-div -mno-hw-div -mhw-mul -mno-hw-mulx -mgpopt=global   -o obj/HAL/src/alt_ioctl.o HAL/src/alt_ioctl.c
Compiling alt_irq_entry.S...
nios2-elf-gcc.exe -MP -MMD -c   '-Os' -g -Wall  -mno-hw-div -mno-hw-div -mhw-mul -mno-hw-mulx -mgpopt=global    -I./HAL/inc -I. -I./drivers/inc -pipe -D__hal__ -DALT_NO_C_PLUS_PLUS -DALT_NO_CLEAN_EXIT -D'exit(a)=_exit(a)' -DALT_NO_EXIT -DALT_USE_DIRECT_DRIVERS -DALT_NO_INSTRUCTION_EMULATION -DALT_USE_SMALL_DRIVERS -DSMALL_C_LIB -DALT_SINGLE_THREADED  -Wa,-gdwarf2  -o obj/HAL/src/alt_irq_entry.o HAL/src/alt_irq_entry.S
Compiling alt_irq_handler.c...
nios2-elf-gcc.exe -xc -MP -MMD -c  -I./HAL/inc -I. -I./drivers/inc -pipe -D__hal__ -DALT_NO_C_PLUS_PLUS -DALT_NO_CLEAN_EXIT -D'exit(a)=_exit(a)' -DALT_NO_EXIT -DALT_USE_DIRECT_DRIVERS -DALT_NO_INSTRUCTION_EMULATION -DALT_USE_SMALL_DRIVERS -DSMALL_C_LIB -DALT_SINGLE_THREADED    '-Os' -g -Wall  -mno-hw-div -mno-hw-div -mhw-mul -mno-hw-mulx -mgpopt=global   -o obj/HAL/src/alt_irq_handler.o HAL/src/alt_irq_handler.c
Compiling alt_irq_register.c...
nios2-elf-gcc.exe -xc -MP -MMD -c  -I./HAL/inc -I. -I./drivers/inc -pipe -D__hal__ -DALT_NO_C_PLUS_PLUS -DALT_NO_CLEAN_EXIT -D'exit(a)=_exit(a)' -DALT_NO_EXIT -DALT_USE_DIRECT_DRIVERS -DALT_NO_INSTRUCTION_EMULATION -DALT_USE_SMALL_DRIVERS -DSMALL_C_LIB -DALT_SINGLE_THREADED    '-Os' -g -Wall  -mno-hw-div -mno-hw-div -mhw-mul -mno-hw-mulx -mgpopt=global   -o obj/HAL/src/alt_irq_register.o HAL/src/alt_irq_register.c
Compiling alt_irq_vars.c...
nios2-elf-gcc.exe -xc -MP -MMD -c  -I./HAL/inc -I. -I./drivers/inc -pipe -D__hal__ -DALT_NO_C_PLUS_PLUS -DALT_NO_CLEAN_EXIT -D'exit(a)=_exit(a)' -DALT_NO_EXIT -DALT_USE_DIRECT_DRIVERS -DALT_NO_INSTRUCTION_EMULATION -DALT_USE_SMALL_DRIVERS -DSMALL_C_LIB -DALT_SINGLE_THREADED    '-Os' -g -Wall  -mno-hw-div -mno-hw-div -mhw-mul -mno-hw-mulx -mgpopt=global   -o obj/HAL/src/alt_irq_vars.o HAL/src/alt_irq_vars.c
Compiling alt_isatty.c...
nios2-elf-gcc.exe -xc -MP -MMD -c  -I./HAL/inc -I. -I./drivers/inc -pipe -D__hal__ -DALT_NO_C_PLUS_PLUS -DALT_NO_CLEAN_EXIT -D'exit(a)=_exit(a)' -DALT_NO_EXIT -DALT_USE_DIRECT_DRIVERS -DALT_NO_INSTRUCTION_EMULATION -DALT_USE_SMALL_DRIVERS -DSMALL_C_LIB -DALT_SINGLE_THREADED    '-Os' -g -Wall  -mno-hw-div -mno-hw-div -mhw-mul -mno-hw-mulx -mgpopt=global   -o obj/HAL/src/alt_isatty.o HAL/src/alt_isatty.c
Compiling alt_lseek.c...
nios2-elf-gcc.exe -xc -MP -MMD -c  -I./HAL/inc -I. -I./drivers/inc -pipe -D__hal__ -DALT_NO_C_PLUS_PLUS -DALT_NO_CLEAN_EXIT -D'exit(a)=_exit(a)' -DALT_NO_EXIT -DALT_USE_DIRECT_DRIVERS -DALT_NO_INSTRUCTION_EMULATION -DALT_USE_SMALL_DRIVERS -DSMALL_C_LIB -DALT_SINGLE_THREADED    '-Os' -g -Wall  -mno-hw-div -mno-hw-div -mhw-mul -mno-hw-mulx -mgpopt=global   -o obj/HAL/src/alt_lseek.o HAL/src/alt_lseek.c
Compiling alt_main.c...
nios2-elf-gcc.exe -xc -MP -MMD -c  -I./HAL/inc -I. -I./drivers/inc -pipe -D__hal__ -DALT_NO_C_PLUS_PLUS -DALT_NO_CLEAN_EXIT -D'exit(a)=_exit(a)' -DALT_NO_EXIT -DALT_USE_DIRECT_DRIVERS -DALT_NO_INSTRUCTION_EMULATION -DALT_USE_SMALL_DRIVERS -DSMALL_C_LIB -DALT_SINGLE_THREADED    '-Os' -g -Wall  -mno-hw-div -mno-hw-div -mhw-mul -mno-hw-mulx -mgpopt=global   -o obj/HAL/src/alt_main.o HAL/src/alt_main.c
Compiling alt_open.c...
nios2-elf-gcc.exe -xc -MP -MMD -c  -I./HAL/inc -I. -I./drivers/inc -pipe -D__hal__ -DALT_NO_C_PLUS_PLUS -DALT_NO_CLEAN_EXIT -D'exit(a)=_exit(a)' -DALT_NO_EXIT -DALT_USE_DIRECT_DRIVERS -DALT_NO_INSTRUCTION_EMULATION -DALT_USE_SMALL_DRIVERS -DSMALL_C_LIB -DALT_SINGLE_THREADED    '-Os' -g -Wall  -mno-hw-div -mno-hw-div -mhw-mul -mno-hw-mulx -mgpopt=global   -o obj/HAL/src/alt_open.o HAL/src/alt_open.c
Compiling alt_putchar.c...
nios2-elf-gcc.exe -xc -MP -MMD -c  -I./HAL/inc -I. -I./drivers/inc -pipe -D__hal__ -DALT_NO_C_PLUS_PLUS -DALT_NO_CLEAN_EXIT -D'exit(a)=_exit(a)' -DALT_NO_EXIT -DALT_USE_DIRECT_DRIVERS -DALT_NO_INSTRUCTION_EMULATION -DALT_USE_SMALL_DRIVERS -DSMALL_C_LIB -DALT_SINGLE_THREADED    '-Os' -g -Wall  -mno-hw-div -mno-hw-div -mhw-mul -mno-hw-mulx -mgpopt=global   -o obj/HAL/src/alt_putchar.o HAL/src/alt_putchar.c
Compiling alt_putstr.c...
nios2-elf-gcc.exe -xc -MP -MMD -c  -I./HAL/inc -I. -I./drivers/inc -pipe -D__hal__ -DALT_NO_C_PLUS_PLUS -DALT_NO_CLEAN_EXIT -D'exit(a)=_exit(a)' -DALT_NO_EXIT -DALT_USE_DIRECT_DRIVERS -DALT_NO_INSTRUCTION_EMULATION -DALT_USE_SMALL_DRIVERS -DSMALL_C_LIB -DALT_SINGLE_THREADED    '-Os' -g -Wall  -mno-hw-div -mno-hw-div -mhw-mul -mno-hw-mulx -mgpopt=global   -o obj/HAL/src/alt_putstr.o HAL/src/alt_putstr.c
Compiling alt_read.c...
nios2-elf-gcc.exe -xc -MP -MMD -c  -I./HAL/inc -I. -I./drivers/inc -pipe -D__hal__ -DALT_NO_C_PLUS_PLUS -DALT_NO_CLEAN_EXIT -D'exit(a)=_exit(a)' -DALT_NO_EXIT -DALT_USE_DIRECT_DRIVERS -DALT_NO_INSTRUCTION_EMULATION -DALT_USE_SMALL_DRIVERS -DSMALL_C_LIB -DALT_SINGLE_THREADED    '-Os' -g -Wall  -mno-hw-div -mno-hw-div -mhw-mul -mno-hw-mulx -mgpopt=global   -o obj/HAL/src/alt_read.o HAL/src/alt_read.c
Compiling alt_release_fd.c...
nios2-elf-gcc.exe -xc -MP -MMD -c  -I./HAL/inc -I. -I./drivers/inc -pipe -D__hal__ -DALT_NO_C_PLUS_PLUS -DALT_NO_CLEAN_EXIT -D'exit(a)=_exit(a)' -DALT_NO_EXIT -DALT_USE_DIRECT_DRIVERS -DALT_NO_INSTRUCTION_EMULATION -DALT_USE_SMALL_DRIVERS -DSMALL_C_LIB -DALT_SINGLE_THREADED    '-Os' -g -Wall  -mno-hw-div -mno-hw-div -mhw-mul -mno-hw-mulx -mgpopt=global   -o obj/HAL/src/alt_release_fd.o HAL/src/alt_release_fd.c
Compiling alt_remap_cached.c...
nios2-elf-gcc.exe -xc -MP -MMD -c  -I./HAL/inc -I. -I./drivers/inc -pipe -D__hal__ -DALT_NO_C_PLUS_PLUS -DALT_NO_CLEAN_EXIT -D'exit(a)=_exit(a)' -DALT_NO_EXIT -DALT_USE_DIRECT_DRIVERS -DALT_NO_INSTRUCTION_EMULATION -DALT_USE_SMALL_DRIVERS -DSMALL_C_LIB -DALT_SINGLE_THREADED    '-Os' -g -Wall  -mno-hw-div -mno-hw-div -mhw-mul -mno-hw-mulx -mgpopt=global   -o obj/HAL/src/alt_remap_cached.o HAL/src/alt_remap_cached.c
Compiling alt_remap_uncached.c...
nios2-elf-gcc.exe -xc -MP -MMD -c  -I./HAL/inc -I. -I./drivers/inc -pipe -D__hal__ -DALT_NO_C_PLUS_PLUS -DALT_NO_CLEAN_EXIT -D'exit(a)=_exit(a)' -DALT_NO_EXIT -DALT_USE_DIRECT_DRIVERS -DALT_NO_INSTRUCTION_EMULATION -DALT_USE_SMALL_DRIVERS -DSMALL_C_LIB -DALT_SINGLE_THREADED    '-Os' -g -Wall  -mno-hw-div -mno-hw-div -mhw-mul -mno-hw-mulx -mgpopt=global   -o obj/HAL/src/alt_remap_uncached.o HAL/src/alt_remap_uncached.c
Compiling alt_sbrk.c...
nios2-elf-gcc.exe -xc -MP -MMD -c  -I./HAL/inc -I. -I./drivers/inc -pipe -D__hal__ -DALT_NO_C_PLUS_PLUS -DALT_NO_CLEAN_EXIT -D'exit(a)=_exit(a)' -DALT_NO_EXIT -DALT_USE_DIRECT_DRIVERS -DALT_NO_INSTRUCTION_EMULATION -DALT_USE_SMALL_DRIVERS -DSMALL_C_LIB -DALT_SINGLE_THREADED    '-Os' -g -Wall  -mno-hw-div -mno-hw-div -mhw-mul -mno-hw-mulx -mgpopt=global   -o obj/HAL/src/alt_sbrk.o HAL/src/alt_sbrk.c
Compiling alt_software_exception.S...
nios2-elf-gcc.exe -MP -MMD -c   '-Os' -g -Wall  -mno-hw-div -mno-hw-div -mhw-mul -mno-hw-mulx -mgpopt=global    -I./HAL/inc -I. -I./drivers/inc -pipe -D__hal__ -DALT_NO_C_PLUS_PLUS -DALT_NO_CLEAN_EXIT -D'exit(a)=_exit(a)' -DALT_NO_EXIT -DALT_USE_DIRECT_DRIVERS -DALT_NO_INSTRUCTION_EMULATION -DALT_USE_SMALL_DRIVERS -DSMALL_C_LIB -DALT_SINGLE_THREADED  -Wa,-gdwarf2  -o obj/HAL/src/alt_software_exception.o HAL/src/alt_software_exception.S
Compiling alt_tick.c...
nios2-elf-gcc.exe -xc -MP -MMD -c  -I./HAL/inc -I. -I./drivers/inc -pipe -D__hal__ -DALT_NO_C_PLUS_PLUS -DALT_NO_CLEAN_EXIT -D'exit(a)=_exit(a)' -DALT_NO_EXIT -DALT_USE_DIRECT_DRIVERS -DALT_NO_INSTRUCTION_EMULATION -DALT_USE_SMALL_DRIVERS -DSMALL_C_LIB -DALT_SINGLE_THREADED    '-Os' -g -Wall  -mno-hw-div -mno-hw-div -mhw-mul -mno-hw-mulx -mgpopt=global   -o obj/HAL/src/alt_tick.o HAL/src/alt_tick.c
Compiling alt_uncached_free.c...
nios2-elf-gcc.exe -xc -MP -MMD -c  -I./HAL/inc -I. -I./drivers/inc -pipe -D__hal__ -DALT_NO_C_PLUS_PLUS -DALT_NO_CLEAN_EXIT -D'exit(a)=_exit(a)' -DALT_NO_EXIT -DALT_USE_DIRECT_DRIVERS -DALT_NO_INSTRUCTION_EMULATION -DALT_USE_SMALL_DRIVERS -DSMALL_C_LIB -DALT_SINGLE_THREADED    '-Os' -g -Wall  -mno-hw-div -mno-hw-div -mhw-mul -mno-hw-mulx -mgpopt=global   -o obj/HAL/src/alt_uncached_free.o HAL/src/alt_uncached_free.c
Compiling alt_uncached_malloc.c...
nios2-elf-gcc.exe -xc -MP -MMD -c  -I./HAL/inc -I. -I./drivers/inc -pipe -D__hal__ -DALT_NO_C_PLUS_PLUS -DALT_NO_CLEAN_EXIT -D'exit(a)=_exit(a)' -DALT_NO_EXIT -DALT_USE_DIRECT_DRIVERS -DALT_NO_INSTRUCTION_EMULATION -DALT_USE_SMALL_DRIVERS -DSMALL_C_LIB -DALT_SINGLE_THREADED    '-Os' -g -Wall  -mno-hw-div -mno-hw-div -mhw-mul -mno-hw-mulx -mgpopt=global   -o obj/HAL/src/alt_uncached_malloc.o HAL/src/alt_uncached_malloc.c
Compiling alt_write.c...
nios2-elf-gcc.exe -xc -MP -MMD -c  -I./HAL/inc -I. -I./drivers/inc -pipe -D__hal__ -DALT_NO_C_PLUS_PLUS -DALT_NO_CLEAN_EXIT -D'exit(a)=_exit(a)' -DALT_NO_EXIT -DALT_USE_DIRECT_DRIVERS -DALT_NO_INSTRUCTION_EMULATION -DALT_USE_SMALL_DRIVERS -DSMALL_C_LIB -DALT_SINGLE_THREADED    '-Os' -g -Wall  -mno-hw-div -mno-hw-div -mhw-mul -mno-hw-mulx -mgpopt=global   -o obj/HAL/src/alt_write.o HAL/src/alt_write.c
Compiling altera_nios2_gen2_irq.c...
nios2-elf-gcc.exe -xc -MP -MMD -c  -I./HAL/inc -I. -I./drivers/inc -pipe -D__hal__ -DALT_NO_C_PLUS_PLUS -DALT_NO_CLEAN_EXIT -D'exit(a)=_exit(a)' -DALT_NO_EXIT -DALT_USE_DIRECT_DRIVERS -DALT_NO_INSTRUCTION_EMULATION -DALT_USE_SMALL_DRIVERS -DSMALL_C_LIB -DALT_SINGLE_THREADED    '-Os' -g -Wall  -mno-hw-div -mno-hw-div -mhw-mul -mno-hw-mulx -mgpopt=global   -o obj/HAL/src/altera_nios2_gen2_irq.o HAL/src/altera_nios2_gen2_irq.c
Compiling crt0.S...
nios2-elf-gcc.exe -MP -MMD -c   '-Os' -g -Wall  -mno-hw-div -mno-hw-div -mhw-mul -mno-hw-mulx -mgpopt=global    -I./HAL/inc -I. -I./drivers/inc -pipe -D__hal__ -DALT_NO_C_PLUS_PLUS -DALT_NO_CLEAN_EXIT -D'exit(a)=_exit(a)' -DALT_NO_EXIT -DALT_USE_DIRECT_DRIVERS -DALT_NO_INSTRUCTION_EMULATION -DALT_USE_SMALL_DRIVERS -DSMALL_C_LIB -DALT_SINGLE_THREADED  -Wa,-gdwarf2  -o obj/HAL/src/crt0.o HAL/src/crt0.S
Compiling alt_sys_init.c...
nios2-elf-gcc.exe -xc -MP -MMD -c  -I./HAL/inc -I. -I./drivers/inc -pipe -D__hal__ -DALT_NO_C_PLUS_PLUS -DALT_NO_CLEAN_EXIT -D'exit(a)=_exit(a)' -DALT_NO_EXIT -DALT_USE_DIRECT_DRIVERS -DALT_NO_INSTRUCTION_EMULATION -DALT_USE_SMALL_DRIVERS -DSMALL_C_LIB -DALT_SINGLE_THREADED    '-Os' -g -Wall  -mno-hw-div -mno-hw-div -mhw-mul -mno-hw-mulx -mgpopt=global   -o obj/alt_sys_init.o alt_sys_init.c
Compiling altera_avalon_jtag_uart_fd.c...
nios2-elf-gcc.exe -xc -MP -MMD -c  -I./HAL/inc -I. -I./drivers/inc -pipe -D__hal__ -DALT_NO_C_PLUS_PLUS -DALT_NO_CLEAN_EXIT -D'exit(a)=_exit(a)' -DALT_NO_EXIT -DALT_USE_DIRECT_DRIVERS -DALT_NO_INSTRUCTION_EMULATION -DALT_USE_SMALL_DRIVERS -DSMALL_C_LIB -DALT_SINGLE_THREADED    '-Os' -g -Wall  -mno-hw-div -mno-hw-div -mhw-mul -mno-hw-mulx -mgpopt=global   -o obj/drivers/src/altera_avalon_jtag_uart_fd.o drivers/src/altera_avalon_jtag_uart_fd.c
Compiling altera_avalon_jtag_uart_init.c...
nios2-elf-gcc.exe -xc -MP -MMD -c  -I./HAL/inc -I. -I./drivers/inc -pipe -D__hal__ -DALT_NO_C_PLUS_PLUS -DALT_NO_CLEAN_EXIT -D'exit(a)=_exit(a)' -DALT_NO_EXIT -DALT_USE_DIRECT_DRIVERS -DALT_NO_INSTRUCTION_EMULATION -DALT_USE_SMALL_DRIVERS -DSMALL_C_LIB -DALT_SINGLE_THREADED    '-Os' -g -Wall  -mno-hw-div -mno-hw-div -mhw-mul -mno-hw-mulx -mgpopt=global   -o obj/drivers/src/altera_avalon_jtag_uart_init.o drivers/src/altera_avalon_jtag_uart_init.c
Compiling altera_avalon_jtag_uart_ioctl.c...
nios2-elf-gcc.exe -xc -MP -MMD -c  -I./HAL/inc -I. -I./drivers/inc -pipe -D__hal__ -DALT_NO_C_PLUS_PLUS -DALT_NO_CLEAN_EXIT -D'exit(a)=_exit(a)' -DALT_NO_EXIT -DALT_USE_DIRECT_DRIVERS -DALT_NO_INSTRUCTION_EMULATION -DALT_USE_SMALL_DRIVERS -DSMALL_C_LIB -DALT_SINGLE_THREADED    '-Os' -g -Wall  -mno-hw-div -mno-hw-div -mhw-mul -mno-hw-mulx -mgpopt=global   -o obj/drivers/src/altera_avalon_jtag_uart_ioctl.o drivers/src/altera_avalon_jtag_uart_ioctl.c
Compiling altera_avalon_jtag_uart_read.c...
nios2-elf-gcc.exe -xc -MP -MMD -c  -I./HAL/inc -I. -I./drivers/inc -pipe -D__hal__ -DALT_NO_C_PLUS_PLUS -DALT_NO_CLEAN_EXIT -D'exit(a)=_exit(a)' -DALT_NO_EXIT -DALT_USE_DIRECT_DRIVERS -DALT_NO_INSTRUCTION_EMULATION -DALT_USE_SMALL_DRIVERS -DSMALL_C_LIB -DALT_SINGLE_THREADED    '-Os' -g -Wall  -mno-hw-div -mno-hw-div -mhw-mul -mno-hw-mulx -mgpopt=global   -o obj/drivers/src/altera_avalon_jtag_uart_read.o drivers/src/altera_avalon_jtag_uart_read.c
Compiling altera_avalon_jtag_uart_write.c...
nios2-elf-gcc.exe -xc -MP -MMD -c  -I./HAL/inc -I. -I./drivers/inc -pipe -D__hal__ -DALT_NO_C_PLUS_PLUS -DALT_NO_CLEAN_EXIT -D'exit(a)=_exit(a)' -DALT_NO_EXIT -DALT_USE_DIRECT_DRIVERS -DALT_NO_INSTRUCTION_EMULATION -DALT_USE_SMALL_DRIVERS -DSMALL_C_LIB -DALT_SINGLE_THREADED    '-Os' -g -Wall  -mno-hw-div -mno-hw-div -mhw-mul -mno-hw-mulx -mgpopt=global   -o obj/drivers/src/altera_avalon_jtag_uart_write.o drivers/src/altera_avalon_jtag_uart_write.c
Compiling altera_avalon_sysid_qsys.c...
nios2-elf-gcc.exe -xc -MP -MMD -c  -I./HAL/inc -I. -I./drivers/inc -pipe -D__hal__ -DALT_NO_C_PLUS_PLUS -DALT_NO_CLEAN_EXIT -D'exit(a)=_exit(a)' -DALT_NO_EXIT -DALT_USE_DIRECT_DRIVERS -DALT_NO_INSTRUCTION_EMULATION -DALT_USE_SMALL_DRIVERS -DSMALL_C_LIB -DALT_SINGLE_THREADED    '-Os' -g -Wall  -mno-hw-div -mno-hw-div -mhw-mul -mno-hw-mulx -mgpopt=global   -o obj/drivers/src/altera_avalon_sysid_qsys.o drivers/src/altera_avalon_sysid_qsys.c
Compiling altera_avalon_timer_sc.c...
nios2-elf-gcc.exe -xc -MP -MMD -c  -I./HAL/inc -I. -I./drivers/inc -pipe -D__hal__ -DALT_NO_C_PLUS_PLUS -DALT_NO_CLEAN_EXIT -D'exit(a)=_exit(a)' -DALT_NO_EXIT -DALT_USE_DIRECT_DRIVERS -DALT_NO_INSTRUCTION_EMULATION -DALT_USE_SMALL_DRIVERS -DSMALL_C_LIB -DALT_SINGLE_THREADED    '-Os' -g -Wall  -mno-hw-div -mno-hw-div -mhw-mul -mno-hw-mulx -mgpopt=global   -o obj/drivers/src/altera_avalon_timer_sc.o drivers/src/altera_avalon_timer_sc.c
Compiling altera_avalon_timer_ts.c...
nios2-elf-gcc.exe -xc -MP -MMD -c  -I./HAL/inc -I. -I./drivers/inc -pipe -D__hal__ -DALT_NO_C_PLUS_PLUS -DALT_NO_CLEAN_EXIT -D'exit(a)=_exit(a)' -DALT_NO_EXIT -DALT_USE_DIRECT_DRIVERS -DALT_NO_INSTRUCTION_EMULATION -DALT_USE_SMALL_DRIVERS -DSMALL_C_LIB -DALT_SINGLE_THREADED    '-Os' -g -Wall  -mno-hw-div -mno-hw-div -mhw-mul -mno-hw-mulx -mgpopt=global   -o obj/drivers/src/altera_avalon_timer_ts.o drivers/src/altera_avalon_timer_ts.c
Compiling altera_avalon_timer_vars.c...
nios2-elf-gcc.exe -xc -MP -MMD -c  -I./HAL/inc -I. -I./drivers/inc -pipe -D__hal__ -DALT_NO_C_PLUS_PLUS -DALT_NO_CLEAN_EXIT -D'exit(a)=_exit(a)' -DALT_NO_EXIT -DALT_USE_DIRECT_DRIVERS -DALT_NO_INSTRUCTION_EMULATION -DALT_USE_SMALL_DRIVERS -DSMALL_C_LIB -DALT_SINGLE_THREADED    '-Os' -g -Wall  -mno-hw-div -mno-hw-div -mhw-mul -mno-hw-mulx -mgpopt=global   -o obj/drivers/src/altera_avalon_timer_vars.o drivers/src/altera_avalon_timer_vars.c
Creating libhal_bsp.a...
rm -f -f libhal_bsp.a
nios2-elf-ar.exe -src libhal_bsp.a obj/HAL/src/alt_alarm_start.o obj/HAL/src/alt_busy_sleep.o obj/HAL/src/alt_close.o obj/HAL/src/alt_dcache_flush.o obj/HAL/src/alt_dcache_flush_all.o obj/HAL/src/alt_dcache_flush_no_writeback.o obj/HAL/src/alt_dev.o obj/HAL/src/alt_dev_llist_insert.o obj/HAL/src/alt_dma_rxchan_open.o obj/HAL/src/alt_dma_txchan_open.o obj/HAL/src/alt_do_ctors.o obj/HAL/src/alt_do_dtors.o obj/HAL/src/alt_ecc_fatal_entry.o obj/HAL/src/alt_ecc_fatal_exception.o obj/HAL/src/alt_env_lock.o obj/HAL/src/alt_environ.o obj/HAL/src/alt_errno.o obj/HAL/src/alt_exception_entry.o obj/HAL/src/alt_exception_muldiv.o obj/HAL/src/alt_exception_trap.o obj/HAL/src/alt_execve.o obj/HAL/src/alt_exit.o obj/HAL/src/alt_fcntl.o obj/HAL/src/alt_fd_lock.o obj/HAL/src/alt_fd_unlock.o obj/HAL/src/alt_find_dev.o obj/HAL/src/alt_find_file.o obj/HAL/src/alt_flash_dev.o obj/HAL/src/alt_fork.o obj/HAL/src/alt_fs_reg.o obj/HAL/src/alt_fstat.o obj/HAL/src/alt_get_fd.o obj/HAL/src/alt_getchar.o obj/HAL/src/alt_getpid.o obj/HAL/src/alt_gettod.o obj/HAL/src/alt_gmon.o obj/HAL/src/alt_icache_flush.o obj/HAL/src/alt_icache_flush_all.o obj/HAL/src/alt_iic.o obj/HAL/src/alt_iic_isr_register.o obj/HAL/src/alt_instruction_exception_entry.o obj/HAL/src/alt_instruction_exception_register.o obj/HAL/src/alt_io_redirect.o obj/HAL/src/alt_ioctl.o obj/HAL/src/alt_irq_entry.o obj/HAL/src/alt_irq_handler.o obj/HAL/src/alt_irq_register.o obj/HAL/src/alt_irq_vars.o obj/HAL/src/alt_isatty.o obj/HAL/src/alt_kill.o obj/HAL/src/alt_link.o obj/HAL/src/alt_load.o obj/HAL/src/alt_log_macro.o obj/HAL/src/alt_log_printf.o obj/HAL/src/alt_lseek.o obj/HAL/src/alt_main.o obj/HAL/src/alt_malloc_lock.o obj/HAL/src/alt_mcount.o obj/HAL/src/alt_open.o obj/HAL/src/alt_printf.o obj/HAL/src/alt_putchar.o obj/HAL/src/alt_putcharbuf.o obj/HAL/src/alt_putstr.o obj/HAL/src/alt_read.o obj/HAL/src/alt_release_fd.o obj/HAL/src/alt_remap_cached.o obj/HAL/src/alt_remap_uncached.o obj/HAL/src/alt_rename.o obj/HAL/src/alt_sbrk.o obj/HAL/src/alt_settod.o obj/HAL/src/alt_software_exception.o obj/HAL/src/alt_stat.o obj/HAL/src/alt_tick.o obj/HAL/src/alt_times.o obj/HAL/src/alt_uncached_free.o obj/HAL/src/alt_uncached_malloc.o obj/HAL/src/alt_unlink.o obj/HAL/src/alt_usleep.o obj/HAL/src/alt_wait.o obj/HAL/src/alt_write.o obj/HAL/src/altera_nios2_gen2_irq.o obj/HAL/src/crt0.o obj/alt_sys_init.o obj/drivers/src/altera_avalon_jtag_uart_fd.o obj/drivers/src/altera_avalon_jtag_uart_init.o obj/drivers/src/altera_avalon_jtag_uart_ioctl.o obj/drivers/src/altera_avalon_jtag_uart_read.o obj/drivers/src/altera_avalon_jtag_uart_write.o obj/drivers/src/altera_avalon_spi.o obj/drivers/src/altera_avalon_sysid_qsys.o obj/drivers/src/altera_avalon_timer_sc.o obj/drivers/src/altera_avalon_timer_ts.o obj/drivers/src/altera_avalon_timer_vars.o
[BSP build complete]
Info: Compiling hello_world_small.c to obj/default/hello_world_small.o
nios2-elf-gcc.exe -xc -MP -MMD -c -Ic:/Users/guan-ming.dennis-won/Documents/Code/SPI_4_Wire_Serial_Intel_FPGA_IP/software/NIOS_Project_Small_bsp//HAL/inc -Ic:/Users/guan-ming.dennis-won/Documents/Code/SPI_4_Wire_Serial_Intel_FPGA_IP/software/NIOS_Project_Small_bsp/ -Ic:/Users/guan-ming.dennis-won/Documents/Code/SPI_4_Wire_Serial_Intel_FPGA_IP/software/NIOS_Project_Small_bsp//drivers/inc  -pipe -D__hal__ -DALT_NO_C_PLUS_PLUS -DALT_NO_CLEAN_EXIT -D'exit(a)=_exit(a)' -DALT_NO_EXIT -DALT_USE_DIRECT_DRIVERS -DALT_NO_INSTRUCTION_EMULATION -DALT_USE_SMALL_DRIVERS -DSMALL_C_LIB -DALT_SINGLE_THREADED    -Os -g -Wall   -mno-hw-div -mno-hw-div -mhw-mul -mno-hw-mulx -mgpopt=global  -o "obj/default/hello_world_small.o" "hello_world_small.c"
hello_world_small.c: In function 'main':
hello_world_small.c:38:3: warning: implicit declaration of function 'main_initial' [-Wimplicit-function-declaration]
   38 |   main_initial();
      |   ^~~~~~~~~~~~
hello_world_small.c:28:27: warning: unused variable 'invert_me' [-Wunused-variable]
   28 |   static volatile uint8_t invert_me = 1;
      |                           ^~~~~~~~~
hello_world_small.c:27:11: warning: unused variable 'out' [-Wunused-variable]
   27 |   uint8_t out = 0;
      |           ^~~
Info: Compiling imported_source/TENCL040_ESC.c to obj/default/imported_source/TENCL040_ESC.o
nios2-elf-gcc.exe -xc -MP -MMD -c -Ic:/Users/guan-ming.dennis-won/Documents/Code/SPI_4_Wire_Serial_Intel_FPGA_IP/software/NIOS_Project_Small_bsp//HAL/inc -Ic:/Users/guan-ming.dennis-won/Documents/Code/SPI_4_Wire_Serial_Intel_FPGA_IP/software/NIOS_Project_Small_bsp/ -Ic:/Users/guan-ming.dennis-won/Documents/Code/SPI_4_Wire_Serial_Intel_FPGA_IP/software/NIOS_Project_Small_bsp//drivers/inc  -pipe -D__hal__ -DALT_NO_C_PLUS_PLUS -DALT_NO_CLEAN_EXIT -D'exit(a)=_exit(a)' -DALT_NO_EXIT -DALT_USE_DIRECT_DRIVERS -DALT_NO_INSTRUCTION_EMULATION -DALT_USE_SMALL_DRIVERS -DSMALL_C_LIB -DALT_SINGLE_THREADED    -Os -g -Wall   -mno-hw-div -mno-hw-div -mhw-mul -mno-hw-mulx -mgpopt=global  -o "obj/default/imported_source/TENCL040_ESC.o" "imported_source/TENCL040_ESC.c"
imported_source/TENCL040_ESC.c: In function 'APPL_InputMapping':
imported_source/TENCL040_ESC.c:360:33: warning: case label value exceeds maximum value for type [-Wswitch-outside-range]
  360 |                                 case 0x1A010:
      |                                 ^~~~
imported_source/TENCL040_ESC.c: In function 'APPL_GetDeviceID':
imported_source/TENCL040_ESC.c:449:6: warning: #warning "Implement explicit Device ID latching" [-Wcpp]
  449 |     #warning "Implement explicit Device ID latching"
      |      ^~~~~~~
Info: Compiling imported_source/ax58100_hw.c to obj/default/imported_source/ax58100_hw.o
nios2-elf-gcc.exe -xc -MP -MMD -c -Ic:/Users/guan-ming.dennis-won/Documents/Code/SPI_4_Wire_Serial_Intel_FPGA_IP/software/NIOS_Project_Small_bsp//HAL/inc -Ic:/Users/guan-ming.dennis-won/Documents/Code/SPI_4_Wire_Serial_Intel_FPGA_IP/software/NIOS_Project_Small_bsp/ -Ic:/Users/guan-ming.dennis-won/Documents/Code/SPI_4_Wire_Serial_Intel_FPGA_IP/software/NIOS_Project_Small_bsp//drivers/inc  -pipe -D__hal__ -DALT_NO_C_PLUS_PLUS -DALT_NO_CLEAN_EXIT -D'exit(a)=_exit(a)' -DALT_NO_EXIT -DALT_USE_DIRECT_DRIVERS -DALT_NO_INSTRUCTION_EMULATION -DALT_USE_SMALL_DRIVERS -DSMALL_C_LIB -DALT_SINGLE_THREADED    -Os -g -Wall   -mno-hw-div -mno-hw-div -mhw-mul -mno-hw-mulx -mgpopt=global  -o "obj/default/imported_source/ax58100_hw.o" "imported_source/ax58100_hw.c"
imported_source/ax58100_hw.c: In function 'HW_SPI_Read':
imported_source/ax58100_hw.c:169:25: warning: unused variable 'spi_check' [-Wunused-variable]
  169 |                 uint8_t spi_check =  spi_transmit_receive(ESC_SPI_BASE, 0,
      |                         ^~~~~~~~~
imported_source/ax58100_hw.c: In function 'HW_SPI_Write':
imported_source/ax58100_hw.c:259:25: warning: unused variable 'spi_check' [-Wunused-variable]
  259 |                 uint8_t spi_check =  spi_transmit_receive(ESC_SPI_BASE, 0,
      |                         ^~~~~~~~~
imported_source/ax58100_hw.c: In function 'HW_Init':
imported_source/ax58100_hw.c:333:9: warning: implicit declaration of function 'init_exti0_it' [-Wimplicit-function-declaration]
  333 |         init_exti0_it();
      |         ^~~~~~~~~~~~~
imported_source/ax58100_hw.c: At top level:
imported_source/ax58100_hw.c:61:16: warning: 'HW_SPI_TransmitReceive' defined but not used [-Wunused-function]
   61 | static int32_t HW_SPI_TransmitReceive(uint8_t* pTxData, uint8_t* pRxData,
      |                ^~~~~~~~~~~~~~~~~~~~~~
Info: Compiling imported_source/coeappl.c to obj/default/imported_source/coeappl.o
nios2-elf-gcc.exe -xc -MP -MMD -c -Ic:/Users/guan-ming.dennis-won/Documents/Code/SPI_4_Wire_Serial_Intel_FPGA_IP/software/NIOS_Project_Small_bsp//HAL/inc -Ic:/Users/guan-ming.dennis-won/Documents/Code/SPI_4_Wire_Serial_Intel_FPGA_IP/software/NIOS_Project_Small_bsp/ -Ic:/Users/guan-ming.dennis-won/Documents/Code/SPI_4_Wire_Serial_Intel_FPGA_IP/software/NIOS_Project_Small_bsp//drivers/inc  -pipe -D__hal__ -DALT_NO_C_PLUS_PLUS -DALT_NO_CLEAN_EXIT -D'exit(a)=_exit(a)' -DALT_NO_EXIT -DALT_USE_DIRECT_DRIVERS -DALT_NO_INSTRUCTION_EMULATION -DALT_USE_SMALL_DRIVERS -DSMALL_C_LIB -DALT_SINGLE_THREADED    -Os -g -Wall   -mno-hw-div -mno-hw-div -mhw-mul -mno-hw-mulx -mgpopt=global  -o "obj/default/imported_source/coeappl.o" "imported_source/coeappl.c"
imported_source/coeappl.c: In function 'COE_ObjDictionaryInit':
imported_source/coeappl.c:882:26: warning: the comparison will always evaluate as 'true' for the address of 'ApplicationObjDic' will never be NULL [-Waddress]
  882 |     if(ApplicationObjDic != NULL)
      |                          ^~
In file included from imported_source/../imported_source/TENCL040_ESC.h:41,
                 from imported_source/coeappl.c:132:
imported_source/../imported_source/TENCL040_ESCObjects.h:2437:19: note: 'ApplicationObjDic' declared here
 2437 | TOBJECT    OBJMEM ApplicationObjDic[] = {
      |                   ^~~~~~~~~~~~~~~~~
Info: Compiling imported_source/ecatappl.c to obj/default/imported_source/ecatappl.o
nios2-elf-gcc.exe -xc -MP -MMD -c -Ic:/Users/guan-ming.dennis-won/Documents/Code/SPI_4_Wire_Serial_Intel_FPGA_IP/software/NIOS_Project_Small_bsp//HAL/inc -Ic:/Users/guan-ming.dennis-won/Documents/Code/SPI_4_Wire_Serial_Intel_FPGA_IP/software/NIOS_Project_Small_bsp/ -Ic:/Users/guan-ming.dennis-won/Documents/Code/SPI_4_Wire_Serial_Intel_FPGA_IP/software/NIOS_Project_Small_bsp//drivers/inc  -pipe -D__hal__ -DALT_NO_C_PLUS_PLUS -DALT_NO_CLEAN_EXIT -D'exit(a)=_exit(a)' -DALT_NO_EXIT -DALT_USE_DIRECT_DRIVERS -DALT_NO_INSTRUCTION_EMULATION -DALT_USE_SMALL_DRIVERS -DSMALL_C_LIB -DALT_SINGLE_THREADED    -Os -g -Wall   -mno-hw-div -mno-hw-div -mhw-mul -mno-hw-mulx -mgpopt=global  -o "obj/default/imported_source/ecatappl.o" "imported_source/ecatappl.c"
Info: Compiling imported_source/ecatcoe.c to obj/default/imported_source/ecatcoe.o
nios2-elf-gcc.exe -xc -MP -MMD -c -Ic:/Users/guan-ming.dennis-won/Documents/Code/SPI_4_Wire_Serial_Intel_FPGA_IP/software/NIOS_Project_Small_bsp//HAL/inc -Ic:/Users/guan-ming.dennis-won/Documents/Code/SPI_4_Wire_Serial_Intel_FPGA_IP/software/NIOS_Project_Small_bsp/ -Ic:/Users/guan-ming.dennis-won/Documents/Code/SPI_4_Wire_Serial_Intel_FPGA_IP/software/NIOS_Project_Small_bsp//drivers/inc  -pipe -D__hal__ -DALT_NO_C_PLUS_PLUS -DALT_NO_CLEAN_EXIT -D'exit(a)=_exit(a)' -DALT_NO_EXIT -DALT_USE_DIRECT_DRIVERS -DALT_NO_INSTRUCTION_EMULATION -DALT_USE_SMALL_DRIVERS -DSMALL_C_LIB -DALT_SINGLE_THREADED    -Os -g -Wall   -mno-hw-div -mno-hw-div -mhw-mul -mno-hw-mulx -mgpopt=global  -o "obj/default/imported_source/ecatcoe.o" "imported_source/ecatcoe.c"
Info: Compiling imported_source/ecatslv.c to obj/default/imported_source/ecatslv.o
nios2-elf-gcc.exe -xc -MP -MMD -c -Ic:/Users/guan-ming.dennis-won/Documents/Code/SPI_4_Wire_Serial_Intel_FPGA_IP/software/NIOS_Project_Small_bsp//HAL/inc -Ic:/Users/guan-ming.dennis-won/Documents/Code/SPI_4_Wire_Serial_Intel_FPGA_IP/software/NIOS_Project_Small_bsp/ -Ic:/Users/guan-ming.dennis-won/Documents/Code/SPI_4_Wire_Serial_Intel_FPGA_IP/software/NIOS_Project_Small_bsp//drivers/inc  -pipe -D__hal__ -DALT_NO_C_PLUS_PLUS -DALT_NO_CLEAN_EXIT -D'exit(a)=_exit(a)' -DALT_NO_EXIT -DALT_USE_DIRECT_DRIVERS -DALT_NO_INSTRUCTION_EMULATION -DALT_USE_SMALL_DRIVERS -DSMALL_C_LIB -DALT_SINGLE_THREADED    -Os -g -Wall   -mno-hw-div -mno-hw-div -mhw-mul -mno-hw-mulx -mgpopt=global  -o "obj/default/imported_source/ecatslv.o" "imported_source/ecatslv.c"
Info: Compiling imported_source/mailbox.c to obj/default/imported_source/mailbox.o
nios2-elf-gcc.exe -xc -MP -MMD -c -Ic:/Users/guan-ming.dennis-won/Documents/Code/SPI_4_Wire_Serial_Intel_FPGA_IP/software/NIOS_Project_Small_bsp//HAL/inc -Ic:/Users/guan-ming.dennis-won/Documents/Code/SPI_4_Wire_Serial_Intel_FPGA_IP/software/NIOS_Project_Small_bsp/ -Ic:/Users/guan-ming.dennis-won/Documents/Code/SPI_4_Wire_Serial_Intel_FPGA_IP/software/NIOS_Project_Small_bsp//drivers/inc  -pipe -D__hal__ -DALT_NO_C_PLUS_PLUS -DALT_NO_CLEAN_EXIT -D'exit(a)=_exit(a)' -DALT_NO_EXIT -DALT_USE_DIRECT_DRIVERS -DALT_NO_INSTRUCTION_EMULATION -DALT_USE_SMALL_DRIVERS -DSMALL_C_LIB -DALT_SINGLE_THREADED    -Os -g -Wall   -mno-hw-div -mno-hw-div -mhw-mul -mno-hw-mulx -mgpopt=global  -o "obj/default/imported_source/mailbox.o" "imported_source/mailbox.c"
imported_source/mailbox.c: In function 'MBX_CheckAndCopyMailbox':
imported_source/mailbox.c:760:17: warning: array subscript 'TMBX[0]' is partly outside array bounds of 'unsigned char[10]' [-Warray-bounds]
  760 |             pMbx->MbxHeader.Length     = 4;
      |                 ^~
In file included from imported_source/mailbox.c:138:
imported_source/../imported_source/ecat_def.h:776:51: note: object of size 10 allocated by 'malloc'
  776 | #define APPL_AllocMailboxBuffer(size)             malloc((size))
      |                                                   ^~~~~~~~~~~~~~
imported_source/mailbox.c:753:45: note: in expansion of macro 'APPL_AllocMailboxBuffer'
  753 |         TMBX MBXMEM *pMbx = (TMBX MBXMEM *) APPL_AllocMailboxBuffer(10); /* a mailbox error datagram length*/
      |                                             ^~~~~~~~~~~~~~~~~~~~~~~
imported_source/mailbox.c:762:17: warning: array subscript 'TMBX[0]' is partly outside array bounds of 'unsigned char[10]' [-Warray-bounds]
  762 |             pMbx->Data[0]                        = SWAPWORD(MBXSERVICE_MBXERRORCMD);
      |                 ^~
imported_source/../imported_source/ecat_def.h:776:51: note: object of size 10 allocated by 'malloc'
  776 | #define APPL_AllocMailboxBuffer(size)             malloc((size))
      |                                                   ^~~~~~~~~~~~~~
imported_source/mailbox.c:753:45: note: in expansion of macro 'APPL_AllocMailboxBuffer'
  753 |         TMBX MBXMEM *pMbx = (TMBX MBXMEM *) APPL_AllocMailboxBuffer(10); /* a mailbox error datagram length*/
      |                                             ^~~~~~~~~~~~~~~~~~~~~~~
imported_source/mailbox.c:763:17: warning: array subscript 'TMBX[0]' is partly outside array bounds of 'unsigned char[10]' [-Warray-bounds]
  763 |             pMbx->Data[1]                        = SWAPWORD(MBXERR_NOMOREMEMORY);
      |                 ^~
imported_source/../imported_source/ecat_def.h:776:51: note: object of size 10 allocated by 'malloc'
  776 | #define APPL_AllocMailboxBuffer(size)             malloc((size))
      |                                                   ^~~~~~~~~~~~~~
imported_source/mailbox.c:753:45: note: in expansion of macro 'APPL_AllocMailboxBuffer'
  753 |         TMBX MBXMEM *pMbx = (TMBX MBXMEM *) APPL_AllocMailboxBuffer(10); /* a mailbox error datagram length*/
      |                                             ^~~~~~~~~~~~~~~~~~~~~~~
Info: Compiling imported_source/objdef.c to obj/default/imported_source/objdef.o
nios2-elf-gcc.exe -xc -MP -MMD -c -Ic:/Users/guan-ming.dennis-won/Documents/Code/SPI_4_Wire_Serial_Intel_FPGA_IP/software/NIOS_Project_Small_bsp//HAL/inc -Ic:/Users/guan-ming.dennis-won/Documents/Code/SPI_4_Wire_Serial_Intel_FPGA_IP/software/NIOS_Project_Small_bsp/ -Ic:/Users/guan-ming.dennis-won/Documents/Code/SPI_4_Wire_Serial_Intel_FPGA_IP/software/NIOS_Project_Small_bsp//drivers/inc  -pipe -D__hal__ -DALT_NO_C_PLUS_PLUS -DALT_NO_CLEAN_EXIT -D'exit(a)=_exit(a)' -DALT_NO_EXIT -DALT_USE_DIRECT_DRIVERS -DALT_NO_INSTRUCTION_EMULATION -DALT_USE_SMALL_DRIVERS -DSMALL_C_LIB -DALT_SINGLE_THREADED    -Os -g -Wall   -mno-hw-div -mno-hw-div -mhw-mul -mno-hw-mulx -mgpopt=global  -o "obj/default/imported_source/objdef.o" "imported_source/objdef.c"
Info: Compiling imported_source/sdoserv.c to obj/default/imported_source/sdoserv.o
nios2-elf-gcc.exe -xc -MP -MMD -c -Ic:/Users/guan-ming.dennis-won/Documents/Code/SPI_4_Wire_Serial_Intel_FPGA_IP/software/NIOS_Project_Small_bsp//HAL/inc -Ic:/Users/guan-ming.dennis-won/Documents/Code/SPI_4_Wire_Serial_Intel_FPGA_IP/software/NIOS_Project_Small_bsp/ -Ic:/Users/guan-ming.dennis-won/Documents/Code/SPI_4_Wire_Serial_Intel_FPGA_IP/software/NIOS_Project_Small_bsp//drivers/inc  -pipe -D__hal__ -DALT_NO_C_PLUS_PLUS -DALT_NO_CLEAN_EXIT -D'exit(a)=_exit(a)' -DALT_NO_EXIT -DALT_USE_DIRECT_DRIVERS -DALT_NO_INSTRUCTION_EMULATION -DALT_USE_SMALL_DRIVERS -DSMALL_C_LIB -DALT_SINGLE_THREADED    -Os -g -Wall   -mno-hw-div -mno-hw-div -mhw-mul -mno-hw-mulx -mgpopt=global  -o "obj/default/imported_source/sdoserv.o" "imported_source/sdoserv.c"
Info: Compiling nios_it/nios_it.c to obj/default/nios_it/nios_it.o
nios2-elf-gcc.exe -xc -MP -MMD -c -Ic:/Users/guan-ming.dennis-won/Documents/Code/SPI_4_Wire_Serial_Intel_FPGA_IP/software/NIOS_Project_Small_bsp//HAL/inc -Ic:/Users/guan-ming.dennis-won/Documents/Code/SPI_4_Wire_Serial_Intel_FPGA_IP/software/NIOS_Project_Small_bsp/ -Ic:/Users/guan-ming.dennis-won/Documents/Code/SPI_4_Wire_Serial_Intel_FPGA_IP/software/NIOS_Project_Small_bsp//drivers/inc  -pipe -D__hal__ -DALT_NO_C_PLUS_PLUS -DALT_NO_CLEAN_EXIT -D'exit(a)=_exit(a)' -DALT_NO_EXIT -DALT_USE_DIRECT_DRIVERS -DALT_NO_INSTRUCTION_EMULATION -DALT_USE_SMALL_DRIVERS -DSMALL_C_LIB -DALT_SINGLE_THREADED    -Os -g -Wall   -mno-hw-div -mno-hw-div -mhw-mul -mno-hw-mulx -mgpopt=global  -o "obj/default/nios_it/nios_it.o" "nios_it/nios_it.c"
nios_it/nios_it.c: In function 'exti0_isr':
nios_it/nios_it.c:18:10: warning: implicit declaration of function 'PDI_Isr' [-Wimplicit-function-declaration]
   18 |          PDI_Isr();
      |          ^~~~~~~
nios_it/nios_it.c:24:10: warning: implicit declaration of function 'printf' [-Wimplicit-function-declaration]
   24 |          printf("Called ISR!\n");
      |          ^~~~~~
nios_it/nios_it.c:11:1: note: include '<stdio.h>' or provide a declaration of 'printf'
   10 | #include "../peripheral/peripheral_linker.h"  // Include the linker header file with peripheral definitions
  +++ |+#include <stdio.h>
   11 | 
nios_it/nios_it.c:24:10: warning: incompatible implicit declaration of built-in function 'printf' [-Wbuiltin-declaration-mismatch]
   24 |          printf("Called ISR!\n");
      |          ^~~~~~
nios_it/nios_it.c:24:10: note: include '<stdio.h>' or provide a declaration of 'printf'
Info: Compiling peripheral/peripheral_linker.c to obj/default/peripheral/peripheral_linker.o
nios2-elf-gcc.exe -xc -MP -MMD -c -Ic:/Users/guan-ming.dennis-won/Documents/Code/SPI_4_Wire_Serial_Intel_FPGA_IP/software/NIOS_Project_Small_bsp//HAL/inc -Ic:/Users/guan-ming.dennis-won/Documents/Code/SPI_4_Wire_Serial_Intel_FPGA_IP/software/NIOS_Project_Small_bsp/ -Ic:/Users/guan-ming.dennis-won/Documents/Code/SPI_4_Wire_Serial_Intel_FPGA_IP/software/NIOS_Project_Small_bsp//drivers/inc  -pipe -D__hal__ -DALT_NO_C_PLUS_PLUS -DALT_NO_CLEAN_EXIT -D'exit(a)=_exit(a)' -DALT_NO_EXIT -DALT_USE_DIRECT_DRIVERS -DALT_NO_INSTRUCTION_EMULATION -DALT_USE_SMALL_DRIVERS -DSMALL_C_LIB -DALT_SINGLE_THREADED    -Os -g -Wall   -mno-hw-div -mno-hw-div -mhw-mul -mno-hw-mulx -mgpopt=global  -o "obj/default/peripheral/peripheral_linker.o" "peripheral/peripheral_linker.c"
peripheral/peripheral_linker.c: In function 'delay_ms':
peripheral/peripheral_linker.c:8:5: warning: implicit declaration of function 'usleep' [-Wimplicit-function-declaration]
    8 |     usleep(milliseconds * 1000);  // Convert to microseconds
      |     ^~~~~~
peripheral/peripheral_linker.c: In function 'adc_init':
peripheral/peripheral_linker.c:16:13: warning: variable 'spi_check' set but not used [-Wunused-but-set-variable]
   16 |         int spi_check = -1;
      |             ^~~~~~~~~
peripheral/peripheral_linker.c: In function 'adc_init_spi_transmit_receive':
peripheral/peripheral_linker.c:160:13: warning: variable 'spi_check' set but not used [-Wunused-but-set-variable]
  160 |         int spi_check = -1;
      |             ^~~~~~~~~
peripheral/peripheral_linker.c: In function 'spi_transmit_receive':
peripheral/peripheral_linker.c:347:19: warning: implicit declaration of function 'printf' [-Wimplicit-function-declaration]
  347 |                   printf("error!");
      |                   ^~~~~~
peripheral/peripheral_linker.c:2:1: note: include '<stdio.h>' or provide a declaration of 'printf'
    1 | #include "peripheral_linker.h"  // Include the linker header file with peripheral definitions
  +++ |+#include <stdio.h>
    2 | #include "system.h"
peripheral/peripheral_linker.c:347:19: warning: incompatible implicit declaration of built-in function 'printf' [-Wbuiltin-declaration-mismatch]
  347 |                   printf("error!");
      |                   ^~~~~~
peripheral/peripheral_linker.c:347:19: note: include '<stdio.h>' or provide a declaration of 'printf'
Info: Linking NIOS_Project_Small.elf
nios2-elf-g++.exe  -T'c:/Users/guan-ming.dennis-won/Documents/Code/SPI_4_Wire_Serial_Intel_FPGA_IP/software/NIOS_Project_Small_bsp//linker.x' -msys-crt0='c:/Users/guan-ming.dennis-won/Documents/Code/SPI_4_Wire_Serial_Intel_FPGA_IP/software/NIOS_Project_Small_bsp//obj/HAL/src/crt0.o' -msys-lib=hal_bsp -Lc:/Users/guan-ming.dennis-won/Documents/Code/SPI_4_Wire_Serial_Intel_FPGA_IP/software/NIOS_Project_Small_bsp/  -msmallc  -Wl,-Map=NIOS_Project_Small.map   -Os -g -Wall   -mno-hw-div -mno-hw-div -mhw-mul -mno-hw-mulx -mgpopt=global  -o NIOS_Project_Small.elf obj/default/hello_world_small.o obj/default/imported_source/TENCL040_ESC.o obj/default/imported_source/ax58100_hw.o obj/default/imported_source/coeappl.o obj/default/imported_source/ecatappl.o obj/default/imported_source/ecatcoe.o obj/default/imported_source/ecatslv.o obj/default/imported_source/mailbox.o obj/default/imported_source/objdef.o obj/default/imported_source/sdoserv.o obj/default/nios_it/nios_it.o obj/default/peripheral/peripheral_linker.o -lm -msys-lib=m
nios2-elf-insert.exe NIOS_Project_Small.elf --thread_model hal --cpu_name NIOS --qsys true --simulation_enabled false --id 39011 --sidp 0x410e0 --timestamp 1749792808 --stderr_dev DEBUG --stdin_dev DEBUG --stdout_dev DEBUG --sopc_system_name spi_platform_designer --quartus_project_dir "c:/Users/guan-ming.dennis-won/Documents/Code/SPI_4_Wire_Serial_Intel_FPGA_IP" --jdi ../..//output_files/spi.jdi --sopcinfo C:/Users/guan-ming.dennis-won/Documents/Code/SPI_4_Wire_Serial_Intel_FPGA_IP/spi_platform_designer.sopcinfo
Info: (NIOS_Project_Small.elf) 41 KBytes program size (code + initialized data).
Info:                          35 KBytes free for stack + heap.
Info: Creating NIOS_Project_Small.objdump
nios2-elf-objdump.exe --disassemble --syms --all-header --source NIOS_Project_Small.elf >NIOS_Project_Small.objdump
[NIOS_Project_Small build complete]
14:10:10 **** Clean-only build of configuration Nios II for project NIOS_Project_Small ****
wsl make clean 
[NIOS_Project_Small clean complete]
14:10:14 **** Build of configuration Nios II for project NIOS_Project_Small ****
wsl make all 
Info: Building /mnt/c/Users/guan-ming.dennis-won/Documents/Code/SPI_4_Wire_Serial_Intel_FPGA_IP/software/NIOS_Project_Small_bsp/
make --no-print-directory -C /mnt/c/Users/guan-ming.dennis-won/Documents/Code/SPI_4_Wire_Serial_Intel_FPGA_IP/software/NIOS_Project_Small_bsp/
Makefile not up to date.
/mnt/c/Users/guan-ming.dennis-won/Documents/Code/SPI_4_Wire_Serial_Intel_FPGA_IP/spi_platform_designer.sopcinfo has been modified since the BSP was generated.

Generate the BSP to update the Makefile, and then build again.

To generate from Eclipse:
 1. Right-click the BSP project.
 2. In the Nios II Menu, click Generate BSP.

To generate from the command line:
 nios2-bsp-generate-files --settings=<settings file> --bsp-dir=<target bsp files directory>

Makefile:573: recipe for target 'public.mk' failed
make[1]: *** [public.mk] Error 1
Makefile:853: recipe for target '/mnt/c/Users/guan-ming.dennis-won/Documents/Code/SPI_4_Wire_Serial_Intel_FPGA_IP/software/NIOS_Project_Small_bsp/-recurs-make-lib' failed
make: *** [/mnt/c/Users/guan-ming.dennis-won/Documents/Code/SPI_4_Wire_Serial_Intel_FPGA_IP/software/NIOS_Project_Small_bsp/-recurs-make-lib] Error 2
14:10:50 **** Clean-only build of configuration Nios II for project NIOS_Project_Small ****
wsl make clean 
[NIOS_Project_Small clean complete]
14:10:52 **** Build of configuration Nios II for project NIOS_Project_Small ****
wsl make all 
Info: Building /mnt/c/Users/guan-ming.dennis-won/Documents/Code/SPI_4_Wire_Serial_Intel_FPGA_IP/software/NIOS_Project_Small_bsp/
make --no-print-directory -C /mnt/c/Users/guan-ming.dennis-won/Documents/Code/SPI_4_Wire_Serial_Intel_FPGA_IP/software/NIOS_Project_Small_bsp/
Compiling alt_alarm_start.c...
nios2-elf-gcc.exe -xc -MP -MMD -c  -I./HAL/inc -I. -I./drivers/inc -pipe -D__hal__ -DALT_NO_C_PLUS_PLUS -DALT_NO_CLEAN_EXIT -D'exit(a)=_exit(a)' -DALT_NO_EXIT -DALT_USE_DIRECT_DRIVERS -DALT_NO_INSTRUCTION_EMULATION -DALT_USE_SMALL_DRIVERS -DSMALL_C_LIB -DALT_SINGLE_THREADED    '-Os' -g -Wall  -mno-hw-div -mno-hw-div -mno-hw-mul -mno-hw-mulx -mgpopt=global   -o obj/HAL/src/alt_alarm_start.o HAL/src/alt_alarm_start.c
Compiling alt_busy_sleep.c...
nios2-elf-gcc.exe -xc -MP -MMD -c  -I./HAL/inc -I. -I./drivers/inc -pipe -D__hal__ -DALT_NO_C_PLUS_PLUS -DALT_NO_CLEAN_EXIT -D'exit(a)=_exit(a)' -DALT_NO_EXIT -DALT_USE_DIRECT_DRIVERS -DALT_NO_INSTRUCTION_EMULATION -DALT_USE_SMALL_DRIVERS -DSMALL_C_LIB -DALT_SINGLE_THREADED    '-Os' -g -Wall  -mno-hw-div -mno-hw-div -mno-hw-mul -mno-hw-mulx -mgpopt=global   -o obj/HAL/src/alt_busy_sleep.o HAL/src/alt_busy_sleep.c
Compiling alt_close.c...
nios2-elf-gcc.exe -xc -MP -MMD -c  -I./HAL/inc -I. -I./drivers/inc -pipe -D__hal__ -DALT_NO_C_PLUS_PLUS -DALT_NO_CLEAN_EXIT -D'exit(a)=_exit(a)' -DALT_NO_EXIT -DALT_USE_DIRECT_DRIVERS -DALT_NO_INSTRUCTION_EMULATION -DALT_USE_SMALL_DRIVERS -DSMALL_C_LIB -DALT_SINGLE_THREADED    '-Os' -g -Wall  -mno-hw-div -mno-hw-div -mno-hw-mul -mno-hw-mulx -mgpopt=global   -o obj/HAL/src/alt_close.o HAL/src/alt_close.c
Compiling alt_dcache_flush.c...
nios2-elf-gcc.exe -xc -MP -MMD -c  -I./HAL/inc -I. -I./drivers/inc -pipe -D__hal__ -DALT_NO_C_PLUS_PLUS -DALT_NO_CLEAN_EXIT -D'exit(a)=_exit(a)' -DALT_NO_EXIT -DALT_USE_DIRECT_DRIVERS -DALT_NO_INSTRUCTION_EMULATION -DALT_USE_SMALL_DRIVERS -DSMALL_C_LIB -DALT_SINGLE_THREADED    '-Os' -g -Wall  -mno-hw-div -mno-hw-div -mno-hw-mul -mno-hw-mulx -mgpopt=global   -o obj/HAL/src/alt_dcache_flush.o HAL/src/alt_dcache_flush.c
Compiling alt_dcache_flush_all.c...
nios2-elf-gcc.exe -xc -MP -MMD -c  -I./HAL/inc -I. -I./drivers/inc -pipe -D__hal__ -DALT_NO_C_PLUS_PLUS -DALT_NO_CLEAN_EXIT -D'exit(a)=_exit(a)' -DALT_NO_EXIT -DALT_USE_DIRECT_DRIVERS -DALT_NO_INSTRUCTION_EMULATION -DALT_USE_SMALL_DRIVERS -DSMALL_C_LIB -DALT_SINGLE_THREADED    '-Os' -g -Wall  -mno-hw-div -mno-hw-div -mno-hw-mul -mno-hw-mulx -mgpopt=global   -o obj/HAL/src/alt_dcache_flush_all.o HAL/src/alt_dcache_flush_all.c
Compiling alt_dcache_flush_no_writeback.c...
nios2-elf-gcc.exe -xc -MP -MMD -c  -I./HAL/inc -I. -I./drivers/inc -pipe -D__hal__ -DALT_NO_C_PLUS_PLUS -DALT_NO_CLEAN_EXIT -D'exit(a)=_exit(a)' -DALT_NO_EXIT -DALT_USE_DIRECT_DRIVERS -DALT_NO_INSTRUCTION_EMULATION -DALT_USE_SMALL_DRIVERS -DSMALL_C_LIB -DALT_SINGLE_THREADED    '-Os' -g -Wall  -mno-hw-div -mno-hw-div -mno-hw-mul -mno-hw-mulx -mgpopt=global   -o obj/HAL/src/alt_dcache_flush_no_writeback.o HAL/src/alt_dcache_flush_no_writeback.c
Compiling alt_dev.c...
nios2-elf-gcc.exe -xc -MP -MMD -c  -I./HAL/inc -I. -I./drivers/inc -pipe -D__hal__ -DALT_NO_C_PLUS_PLUS -DALT_NO_CLEAN_EXIT -D'exit(a)=_exit(a)' -DALT_NO_EXIT -DALT_USE_DIRECT_DRIVERS -DALT_NO_INSTRUCTION_EMULATION -DALT_USE_SMALL_DRIVERS -DSMALL_C_LIB -DALT_SINGLE_THREADED    '-Os' -g -Wall  -mno-hw-div -mno-hw-div -mno-hw-mul -mno-hw-mulx -mgpopt=global   -o obj/HAL/src/alt_dev.o HAL/src/alt_dev.c
Compiling alt_dev_llist_insert.c...
nios2-elf-gcc.exe -xc -MP -MMD -c  -I./HAL/inc -I. -I./drivers/inc -pipe -D__hal__ -DALT_NO_C_PLUS_PLUS -DALT_NO_CLEAN_EXIT -D'exit(a)=_exit(a)' -DALT_NO_EXIT -DALT_USE_DIRECT_DRIVERS -DALT_NO_INSTRUCTION_EMULATION -DALT_USE_SMALL_DRIVERS -DSMALL_C_LIB -DALT_SINGLE_THREADED    '-Os' -g -Wall  -mno-hw-div -mno-hw-div -mno-hw-mul -mno-hw-mulx -mgpopt=global   -o obj/HAL/src/alt_dev_llist_insert.o HAL/src/alt_dev_llist_insert.c
Compiling alt_dma_rxchan_open.c...
nios2-elf-gcc.exe -xc -MP -MMD -c  -I./HAL/inc -I. -I./drivers/inc -pipe -D__hal__ -DALT_NO_C_PLUS_PLUS -DALT_NO_CLEAN_EXIT -D'exit(a)=_exit(a)' -DALT_NO_EXIT -DALT_USE_DIRECT_DRIVERS -DALT_NO_INSTRUCTION_EMULATION -DALT_USE_SMALL_DRIVERS -DSMALL_C_LIB -DALT_SINGLE_THREADED    '-Os' -g -Wall  -mno-hw-div -mno-hw-div -mno-hw-mul -mno-hw-mulx -mgpopt=global   -o obj/HAL/src/alt_dma_rxchan_open.o HAL/src/alt_dma_rxchan_open.c
Compiling alt_dma_txchan_open.c...
nios2-elf-gcc.exe -xc -MP -MMD -c  -I./HAL/inc -I. -I./drivers/inc -pipe -D__hal__ -DALT_NO_C_PLUS_PLUS -DALT_NO_CLEAN_EXIT -D'exit(a)=_exit(a)' -DALT_NO_EXIT -DALT_USE_DIRECT_DRIVERS -DALT_NO_INSTRUCTION_EMULATION -DALT_USE_SMALL_DRIVERS -DSMALL_C_LIB -DALT_SINGLE_THREADED    '-Os' -g -Wall  -mno-hw-div -mno-hw-div -mno-hw-mul -mno-hw-mulx -mgpopt=global   -o obj/HAL/src/alt_dma_txchan_open.o HAL/src/alt_dma_txchan_open.c
Compiling alt_do_ctors.c...
nios2-elf-gcc.exe -xc -MP -MMD -c  -I./HAL/inc -I. -I./drivers/inc -pipe -D__hal__ -DALT_NO_C_PLUS_PLUS -DALT_NO_CLEAN_EXIT -D'exit(a)=_exit(a)' -DALT_NO_EXIT -DALT_USE_DIRECT_DRIVERS -DALT_NO_INSTRUCTION_EMULATION -DALT_USE_SMALL_DRIVERS -DSMALL_C_LIB -DALT_SINGLE_THREADED    '-Os' -g -Wall  -mno-hw-div -mno-hw-div -mno-hw-mul -mno-hw-mulx -mgpopt=global   -o obj/HAL/src/alt_do_ctors.o HAL/src/alt_do_ctors.c
Compiling alt_do_dtors.c...
nios2-elf-gcc.exe -xc -MP -MMD -c  -I./HAL/inc -I. -I./drivers/inc -pipe -D__hal__ -DALT_NO_C_PLUS_PLUS -DALT_NO_CLEAN_EXIT -D'exit(a)=_exit(a)' -DALT_NO_EXIT -DALT_USE_DIRECT_DRIVERS -DALT_NO_INSTRUCTION_EMULATION -DALT_USE_SMALL_DRIVERS -DSMALL_C_LIB -DALT_SINGLE_THREADED    '-Os' -g -Wall  -mno-hw-div -mno-hw-div -mno-hw-mul -mno-hw-mulx -mgpopt=global   -o obj/HAL/src/alt_do_dtors.o HAL/src/alt_do_dtors.c
Compiling alt_ecc_fatal_entry.S...
nios2-elf-gcc.exe -MP -MMD -c   '-Os' -g -Wall  -mno-hw-div -mno-hw-div -mno-hw-mul -mno-hw-mulx -mgpopt=global    -I./HAL/inc -I. -I./drivers/inc -pipe -D__hal__ -DALT_NO_C_PLUS_PLUS -DALT_NO_CLEAN_EXIT -D'exit(a)=_exit(a)' -DALT_NO_EXIT -DALT_USE_DIRECT_DRIVERS -DALT_NO_INSTRUCTION_EMULATION -DALT_USE_SMALL_DRIVERS -DSMALL_C_LIB -DALT_SINGLE_THREADED  -Wa,-gdwarf2  -o obj/HAL/src/alt_ecc_fatal_entry.o HAL/src/alt_ecc_fatal_entry.S
Compiling alt_ecc_fatal_exception.c...
nios2-elf-gcc.exe -xc -MP -MMD -c  -I./HAL/inc -I. -I./drivers/inc -pipe -D__hal__ -DALT_NO_C_PLUS_PLUS -DALT_NO_CLEAN_EXIT -D'exit(a)=_exit(a)' -DALT_NO_EXIT -DALT_USE_DIRECT_DRIVERS -DALT_NO_INSTRUCTION_EMULATION -DALT_USE_SMALL_DRIVERS -DSMALL_C_LIB -DALT_SINGLE_THREADED    '-Os' -g -Wall  -mno-hw-div -mno-hw-div -mno-hw-mul -mno-hw-mulx -mgpopt=global   -o obj/HAL/src/alt_ecc_fatal_exception.o HAL/src/alt_ecc_fatal_exception.c
Compiling alt_env_lock.c...
nios2-elf-gcc.exe -xc -MP -MMD -c  -I./HAL/inc -I. -I./drivers/inc -pipe -D__hal__ -DALT_NO_C_PLUS_PLUS -DALT_NO_CLEAN_EXIT -D'exit(a)=_exit(a)' -DALT_NO_EXIT -DALT_USE_DIRECT_DRIVERS -DALT_NO_INSTRUCTION_EMULATION -DALT_USE_SMALL_DRIVERS -DSMALL_C_LIB -DALT_SINGLE_THREADED    '-Os' -g -Wall  -mno-hw-div -mno-hw-div -mno-hw-mul -mno-hw-mulx -mgpopt=global   -o obj/HAL/src/alt_env_lock.o HAL/src/alt_env_lock.c
Compiling alt_environ.c...
nios2-elf-gcc.exe -xc -MP -MMD -c  -I./HAL/inc -I. -I./drivers/inc -pipe -D__hal__ -DALT_NO_C_PLUS_PLUS -DALT_NO_CLEAN_EXIT -D'exit(a)=_exit(a)' -DALT_NO_EXIT -DALT_USE_DIRECT_DRIVERS -DALT_NO_INSTRUCTION_EMULATION -DALT_USE_SMALL_DRIVERS -DSMALL_C_LIB -DALT_SINGLE_THREADED    '-Os' -g -Wall  -mno-hw-div -mno-hw-div -mno-hw-mul -mno-hw-mulx -mgpopt=global   -o obj/HAL/src/alt_environ.o HAL/src/alt_environ.c
Compiling alt_errno.c...
nios2-elf-gcc.exe -xc -MP -MMD -c  -I./HAL/inc -I. -I./drivers/inc -pipe -D__hal__ -DALT_NO_C_PLUS_PLUS -DALT_NO_CLEAN_EXIT -D'exit(a)=_exit(a)' -DALT_NO_EXIT -DALT_USE_DIRECT_DRIVERS -DALT_NO_INSTRUCTION_EMULATION -DALT_USE_SMALL_DRIVERS -DSMALL_C_LIB -DALT_SINGLE_THREADED    '-Os' -g -Wall  -mno-hw-div -mno-hw-div -mno-hw-mul -mno-hw-mulx -mgpopt=global   -o obj/HAL/src/alt_errno.o HAL/src/alt_errno.c
Compiling alt_exception_entry.S...
nios2-elf-gcc.exe -MP -MMD -c   '-Os' -g -Wall  -mno-hw-div -mno-hw-div -mno-hw-mul -mno-hw-mulx -mgpopt=global    -I./HAL/inc -I. -I./drivers/inc -pipe -D__hal__ -DALT_NO_C_PLUS_PLUS -DALT_NO_CLEAN_EXIT -D'exit(a)=_exit(a)' -DALT_NO_EXIT -DALT_USE_DIRECT_DRIVERS -DALT_NO_INSTRUCTION_EMULATION -DALT_USE_SMALL_DRIVERS -DSMALL_C_LIB -DALT_SINGLE_THREADED  -Wa,-gdwarf2  -o obj/HAL/src/alt_exception_entry.o HAL/src/alt_exception_entry.S
Compiling alt_exception_muldiv.S...
nios2-elf-gcc.exe -MP -MMD -c   '-Os' -g -Wall  -mno-hw-div -mno-hw-div -mno-hw-mul -mno-hw-mulx -mgpopt=global    -I./HAL/inc -I. -I./drivers/inc -pipe -D__hal__ -DALT_NO_C_PLUS_PLUS -DALT_NO_CLEAN_EXIT -D'exit(a)=_exit(a)' -DALT_NO_EXIT -DALT_USE_DIRECT_DRIVERS -DALT_NO_INSTRUCTION_EMULATION -DALT_USE_SMALL_DRIVERS -DSMALL_C_LIB -DALT_SINGLE_THREADED  -Wa,-gdwarf2  -o obj/HAL/src/alt_exception_muldiv.o HAL/src/alt_exception_muldiv.S
Compiling alt_exception_trap.S...
nios2-elf-gcc.exe -MP -MMD -c   '-Os' -g -Wall  -mno-hw-div -mno-hw-div -mno-hw-mul -mno-hw-mulx -mgpopt=global    -I./HAL/inc -I. -I./drivers/inc -pipe -D__hal__ -DALT_NO_C_PLUS_PLUS -DALT_NO_CLEAN_EXIT -D'exit(a)=_exit(a)' -DALT_NO_EXIT -DALT_USE_DIRECT_DRIVERS -DALT_NO_INSTRUCTION_EMULATION -DALT_USE_SMALL_DRIVERS -DSMALL_C_LIB -DALT_SINGLE_THREADED  -Wa,-gdwarf2  -o obj/HAL/src/alt_exception_trap.o HAL/src/alt_exception_trap.S
Compiling alt_execve.c...
nios2-elf-gcc.exe -xc -MP -MMD -c  -I./HAL/inc -I. -I./drivers/inc -pipe -D__hal__ -DALT_NO_C_PLUS_PLUS -DALT_NO_CLEAN_EXIT -D'exit(a)=_exit(a)' -DALT_NO_EXIT -DALT_USE_DIRECT_DRIVERS -DALT_NO_INSTRUCTION_EMULATION -DALT_USE_SMALL_DRIVERS -DSMALL_C_LIB -DALT_SINGLE_THREADED    '-Os' -g -Wall  -mno-hw-div -mno-hw-div -mno-hw-mul -mno-hw-mulx -mgpopt=global   -o obj/HAL/src/alt_execve.o HAL/src/alt_execve.c
Compiling alt_exit.c...
nios2-elf-gcc.exe -xc -MP -MMD -c  -I./HAL/inc -I. -I./drivers/inc -pipe -D__hal__ -DALT_NO_C_PLUS_PLUS -DALT_NO_CLEAN_EXIT -D'exit(a)=_exit(a)' -DALT_NO_EXIT -DALT_USE_DIRECT_DRIVERS -DALT_NO_INSTRUCTION_EMULATION -DALT_USE_SMALL_DRIVERS -DSMALL_C_LIB -DALT_SINGLE_THREADED    '-Os' -g -Wall  -mno-hw-div -mno-hw-div -mno-hw-mul -mno-hw-mulx -mgpopt=global   -o obj/HAL/src/alt_exit.o HAL/src/alt_exit.c
Compiling alt_fcntl.c...
nios2-elf-gcc.exe -xc -MP -MMD -c  -I./HAL/inc -I. -I./drivers/inc -pipe -D__hal__ -DALT_NO_C_PLUS_PLUS -DALT_NO_CLEAN_EXIT -D'exit(a)=_exit(a)' -DALT_NO_EXIT -DALT_USE_DIRECT_DRIVERS -DALT_NO_INSTRUCTION_EMULATION -DALT_USE_SMALL_DRIVERS -DSMALL_C_LIB -DALT_SINGLE_THREADED    '-Os' -g -Wall  -mno-hw-div -mno-hw-div -mno-hw-mul -mno-hw-mulx -mgpopt=global   -o obj/HAL/src/alt_fcntl.o HAL/src/alt_fcntl.c
Compiling alt_fd_lock.c...
nios2-elf-gcc.exe -xc -MP -MMD -c  -I./HAL/inc -I. -I./drivers/inc -pipe -D__hal__ -DALT_NO_C_PLUS_PLUS -DALT_NO_CLEAN_EXIT -D'exit(a)=_exit(a)' -DALT_NO_EXIT -DALT_USE_DIRECT_DRIVERS -DALT_NO_INSTRUCTION_EMULATION -DALT_USE_SMALL_DRIVERS -DSMALL_C_LIB -DALT_SINGLE_THREADED    '-Os' -g -Wall  -mno-hw-div -mno-hw-div -mno-hw-mul -mno-hw-mulx -mgpopt=global   -o obj/HAL/src/alt_fd_lock.o HAL/src/alt_fd_lock.c
Compiling alt_fd_unlock.c...
nios2-elf-gcc.exe -xc -MP -MMD -c  -I./HAL/inc -I. -I./drivers/inc -pipe -D__hal__ -DALT_NO_C_PLUS_PLUS -DALT_NO_CLEAN_EXIT -D'exit(a)=_exit(a)' -DALT_NO_EXIT -DALT_USE_DIRECT_DRIVERS -DALT_NO_INSTRUCTION_EMULATION -DALT_USE_SMALL_DRIVERS -DSMALL_C_LIB -DALT_SINGLE_THREADED    '-Os' -g -Wall  -mno-hw-div -mno-hw-div -mno-hw-mul -mno-hw-mulx -mgpopt=global   -o obj/HAL/src/alt_fd_unlock.o HAL/src/alt_fd_unlock.c
Compiling alt_find_dev.c...
nios2-elf-gcc.exe -xc -MP -MMD -c  -I./HAL/inc -I. -I./drivers/inc -pipe -D__hal__ -DALT_NO_C_PLUS_PLUS -DALT_NO_CLEAN_EXIT -D'exit(a)=_exit(a)' -DALT_NO_EXIT -DALT_USE_DIRECT_DRIVERS -DALT_NO_INSTRUCTION_EMULATION -DALT_USE_SMALL_DRIVERS -DSMALL_C_LIB -DALT_SINGLE_THREADED    '-Os' -g -Wall  -mno-hw-div -mno-hw-div -mno-hw-mul -mno-hw-mulx -mgpopt=global   -o obj/HAL/src/alt_find_dev.o HAL/src/alt_find_dev.c
Compiling alt_find_file.c...
nios2-elf-gcc.exe -xc -MP -MMD -c  -I./HAL/inc -I. -I./drivers/inc -pipe -D__hal__ -DALT_NO_C_PLUS_PLUS -DALT_NO_CLEAN_EXIT -D'exit(a)=_exit(a)' -DALT_NO_EXIT -DALT_USE_DIRECT_DRIVERS -DALT_NO_INSTRUCTION_EMULATION -DALT_USE_SMALL_DRIVERS -DSMALL_C_LIB -DALT_SINGLE_THREADED    '-Os' -g -Wall  -mno-hw-div -mno-hw-div -mno-hw-mul -mno-hw-mulx -mgpopt=global   -o obj/HAL/src/alt_find_file.o HAL/src/alt_find_file.c
Compiling alt_flash_dev.c...
nios2-elf-gcc.exe -xc -MP -MMD -c  -I./HAL/inc -I. -I./drivers/inc -pipe -D__hal__ -DALT_NO_C_PLUS_PLUS -DALT_NO_CLEAN_EXIT -D'exit(a)=_exit(a)' -DALT_NO_EXIT -DALT_USE_DIRECT_DRIVERS -DALT_NO_INSTRUCTION_EMULATION -DALT_USE_SMALL_DRIVERS -DSMALL_C_LIB -DALT_SINGLE_THREADED    '-Os' -g -Wall  -mno-hw-div -mno-hw-div -mno-hw-mul -mno-hw-mulx -mgpopt=global   -o obj/HAL/src/alt_flash_dev.o HAL/src/alt_flash_dev.c
Compiling alt_fork.c...
nios2-elf-gcc.exe -xc -MP -MMD -c  -I./HAL/inc -I. -I./drivers/inc -pipe -D__hal__ -DALT_NO_C_PLUS_PLUS -DALT_NO_CLEAN_EXIT -D'exit(a)=_exit(a)' -DALT_NO_EXIT -DALT_USE_DIRECT_DRIVERS -DALT_NO_INSTRUCTION_EMULATION -DALT_USE_SMALL_DRIVERS -DSMALL_C_LIB -DALT_SINGLE_THREADED    '-Os' -g -Wall  -mno-hw-div -mno-hw-div -mno-hw-mul -mno-hw-mulx -mgpopt=global   -o obj/HAL/src/alt_fork.o HAL/src/alt_fork.c
Compiling alt_fs_reg.c...
nios2-elf-gcc.exe -xc -MP -MMD -c  -I./HAL/inc -I. -I./drivers/inc -pipe -D__hal__ -DALT_NO_C_PLUS_PLUS -DALT_NO_CLEAN_EXIT -D'exit(a)=_exit(a)' -DALT_NO_EXIT -DALT_USE_DIRECT_DRIVERS -DALT_NO_INSTRUCTION_EMULATION -DALT_USE_SMALL_DRIVERS -DSMALL_C_LIB -DALT_SINGLE_THREADED    '-Os' -g -Wall  -mno-hw-div -mno-hw-div -mno-hw-mul -mno-hw-mulx -mgpopt=global   -o obj/HAL/src/alt_fs_reg.o HAL/src/alt_fs_reg.c
Compiling alt_fstat.c...
nios2-elf-gcc.exe -xc -MP -MMD -c  -I./HAL/inc -I. -I./drivers/inc -pipe -D__hal__ -DALT_NO_C_PLUS_PLUS -DALT_NO_CLEAN_EXIT -D'exit(a)=_exit(a)' -DALT_NO_EXIT -DALT_USE_DIRECT_DRIVERS -DALT_NO_INSTRUCTION_EMULATION -DALT_USE_SMALL_DRIVERS -DSMALL_C_LIB -DALT_SINGLE_THREADED    '-Os' -g -Wall  -mno-hw-div -mno-hw-div -mno-hw-mul -mno-hw-mulx -mgpopt=global   -o obj/HAL/src/alt_fstat.o HAL/src/alt_fstat.c
Compiling alt_get_fd.c...
nios2-elf-gcc.exe -xc -MP -MMD -c  -I./HAL/inc -I. -I./drivers/inc -pipe -D__hal__ -DALT_NO_C_PLUS_PLUS -DALT_NO_CLEAN_EXIT -D'exit(a)=_exit(a)' -DALT_NO_EXIT -DALT_USE_DIRECT_DRIVERS -DALT_NO_INSTRUCTION_EMULATION -DALT_USE_SMALL_DRIVERS -DSMALL_C_LIB -DALT_SINGLE_THREADED    '-Os' -g -Wall  -mno-hw-div -mno-hw-div -mno-hw-mul -mno-hw-mulx -mgpopt=global   -o obj/HAL/src/alt_get_fd.o HAL/src/alt_get_fd.c
Compiling alt_getchar.c...
nios2-elf-gcc.exe -xc -MP -MMD -c  -I./HAL/inc -I. -I./drivers/inc -pipe -D__hal__ -DALT_NO_C_PLUS_PLUS -DALT_NO_CLEAN_EXIT -D'exit(a)=_exit(a)' -DALT_NO_EXIT -DALT_USE_DIRECT_DRIVERS -DALT_NO_INSTRUCTION_EMULATION -DALT_USE_SMALL_DRIVERS -DSMALL_C_LIB -DALT_SINGLE_THREADED    '-Os' -g -Wall  -mno-hw-div -mno-hw-div -mno-hw-mul -mno-hw-mulx -mgpopt=global   -o obj/HAL/src/alt_getchar.o HAL/src/alt_getchar.c
In file included from HAL/src/alt_getchar.c:36:
./system.h: In function 'alt_getchar':
./system.h:136:32: warning: 'c' may be used uninitialized [-Wmaybe-uninitialized]
  136 | #define ALT_MODULE_CLASS_DEBUG altera_avalon_jtag_uart
      |                                ^~~~~~~~~~~~~~~~~~~~~~~
In file included from HAL/src/alt_getchar.c:37:
./system.h:136:32: note: by argument 2 of type 'const char *' to 'altera_avalon_jtag_uart_read' declared here
  136 | #define ALT_MODULE_CLASS_DEBUG altera_avalon_jtag_uart
      |                                ^~~~~~~~~~~~~~~~~~~~~~~
./HAL/inc/sys/alt_driver.h:76:3: note: in definition of macro 'ALT_DRIVER_FUNC_NAME2'
   76 |   module_class ## _ ## func
      |   ^~~~~~~~~~~~
./HAL/inc/sys/alt_driver.h:72:3: note: in expansion of macro 'ALT_DRIVER_FUNC_NAME1'
   72 |   ALT_DRIVER_FUNC_NAME1(ALT_MODULE_CLASS(instance), func)
      |   ^~~~~~~~~~~~~~~~~~~~~
./HAL/inc/sys/alt_driver.h:53:36: note: in expansion of macro 'ALT_MODULE_CLASS_DEBUG'
   53 | #define ALT_MODULE_CLASS(instance) ALT_MODULE_CLASS_ ## instance
      |                                    ^~~~~~~~~~~~~~~~~
./HAL/inc/sys/alt_driver.h:72:25: note: in expansion of macro 'ALT_MODULE_CLASS'
   72 |   ALT_DRIVER_FUNC_NAME1(ALT_MODULE_CLASS(instance), func)
      |                         ^~~~~~~~~~~~~~~~
./HAL/inc/sys/alt_driver.h:144:16: note: in expansion of macro 'ALT_DRIVER_FUNC_NAME'
  144 |     extern int ALT_DRIVER_FUNC_NAME(instance, read)                         \
      |                ^~~~~~~~~~~~~~~~~~~~
HAL/src/alt_getchar.c:59:5: note: in expansion of macro 'ALT_DRIVER_READ_EXTERNS'
   59 |     ALT_DRIVER_READ_EXTERNS(ALT_STDIN_DEV);
      |     ^~~~~~~~~~~~~~~~~~~~~~~
HAL/src/alt_getchar.c:60:10: note: 'c' declared here
   60 |     char c;
      |          ^
Compiling alt_getpid.c...
nios2-elf-gcc.exe -xc -MP -MMD -c  -I./HAL/inc -I. -I./drivers/inc -pipe -D__hal__ -DALT_NO_C_PLUS_PLUS -DALT_NO_CLEAN_EXIT -D'exit(a)=_exit(a)' -DALT_NO_EXIT -DALT_USE_DIRECT_DRIVERS -DALT_NO_INSTRUCTION_EMULATION -DALT_USE_SMALL_DRIVERS -DSMALL_C_LIB -DALT_SINGLE_THREADED    '-Os' -g -Wall  -mno-hw-div -mno-hw-div -mno-hw-mul -mno-hw-mulx -mgpopt=global   -o obj/HAL/src/alt_getpid.o HAL/src/alt_getpid.c
Compiling alt_gettod.c...
nios2-elf-gcc.exe -xc -MP -MMD -c  -I./HAL/inc -I. -I./drivers/inc -pipe -D__hal__ -DALT_NO_C_PLUS_PLUS -DALT_NO_CLEAN_EXIT -D'exit(a)=_exit(a)' -DALT_NO_EXIT -DALT_USE_DIRECT_DRIVERS -DALT_NO_INSTRUCTION_EMULATION -DALT_USE_SMALL_DRIVERS -DSMALL_C_LIB -DALT_SINGLE_THREADED    '-Os' -g -Wall  -mno-hw-div -mno-hw-div -mno-hw-mul -mno-hw-mulx -mgpopt=global   -o obj/HAL/src/alt_gettod.o HAL/src/alt_gettod.c
Compiling alt_gmon.c...
nios2-elf-gcc.exe -xc -MP -MMD -c  -I./HAL/inc -I. -I./drivers/inc -pipe -D__hal__ -DALT_NO_C_PLUS_PLUS -DALT_NO_CLEAN_EXIT -D'exit(a)=_exit(a)' -DALT_NO_EXIT -DALT_USE_DIRECT_DRIVERS -DALT_NO_INSTRUCTION_EMULATION -DALT_USE_SMALL_DRIVERS -DSMALL_C_LIB -DALT_SINGLE_THREADED    '-Os' -g -Wall  -mno-hw-div -mno-hw-div -mno-hw-mul -mno-hw-mulx -mgpopt=global   -o obj/HAL/src/alt_gmon.o HAL/src/alt_gmon.c
Compiling alt_icache_flush.c...
nios2-elf-gcc.exe -xc -MP -MMD -c  -I./HAL/inc -I. -I./drivers/inc -pipe -D__hal__ -DALT_NO_C_PLUS_PLUS -DALT_NO_CLEAN_EXIT -D'exit(a)=_exit(a)' -DALT_NO_EXIT -DALT_USE_DIRECT_DRIVERS -DALT_NO_INSTRUCTION_EMULATION -DALT_USE_SMALL_DRIVERS -DSMALL_C_LIB -DALT_SINGLE_THREADED    '-Os' -g -Wall  -mno-hw-div -mno-hw-div -mno-hw-mul -mno-hw-mulx -mgpopt=global   -o obj/HAL/src/alt_icache_flush.o HAL/src/alt_icache_flush.c
Compiling alt_icache_flush_all.c...
nios2-elf-gcc.exe -xc -MP -MMD -c  -I./HAL/inc -I. -I./drivers/inc -pipe -D__hal__ -DALT_NO_C_PLUS_PLUS -DALT_NO_CLEAN_EXIT -D'exit(a)=_exit(a)' -DALT_NO_EXIT -DALT_USE_DIRECT_DRIVERS -DALT_NO_INSTRUCTION_EMULATION -DALT_USE_SMALL_DRIVERS -DSMALL_C_LIB -DALT_SINGLE_THREADED    '-Os' -g -Wall  -mno-hw-div -mno-hw-div -mno-hw-mul -mno-hw-mulx -mgpopt=global   -o obj/HAL/src/alt_icache_flush_all.o HAL/src/alt_icache_flush_all.c
Compiling alt_iic.c...
nios2-elf-gcc.exe -xc -MP -MMD -c  -I./HAL/inc -I. -I./drivers/inc -pipe -D__hal__ -DALT_NO_C_PLUS_PLUS -DALT_NO_CLEAN_EXIT -D'exit(a)=_exit(a)' -DALT_NO_EXIT -DALT_USE_DIRECT_DRIVERS -DALT_NO_INSTRUCTION_EMULATION -DALT_USE_SMALL_DRIVERS -DSMALL_C_LIB -DALT_SINGLE_THREADED    '-Os' -g -Wall  -mno-hw-div -mno-hw-div -mno-hw-mul -mno-hw-mulx -mgpopt=global   -o obj/HAL/src/alt_iic.o HAL/src/alt_iic.c
Compiling alt_iic_isr_register.c...
nios2-elf-gcc.exe -xc -MP -MMD -c  -I./HAL/inc -I. -I./drivers/inc -pipe -D__hal__ -DALT_NO_C_PLUS_PLUS -DALT_NO_CLEAN_EXIT -D'exit(a)=_exit(a)' -DALT_NO_EXIT -DALT_USE_DIRECT_DRIVERS -DALT_NO_INSTRUCTION_EMULATION -DALT_USE_SMALL_DRIVERS -DSMALL_C_LIB -DALT_SINGLE_THREADED    '-Os' -g -Wall  -mno-hw-div -mno-hw-div -mno-hw-mul -mno-hw-mulx -mgpopt=global   -o obj/HAL/src/alt_iic_isr_register.o HAL/src/alt_iic_isr_register.c
Compiling alt_instruction_exception_entry.c...
nios2-elf-gcc.exe -xc -MP -MMD -c  -I./HAL/inc -I. -I./drivers/inc -pipe -D__hal__ -DALT_NO_C_PLUS_PLUS -DALT_NO_CLEAN_EXIT -D'exit(a)=_exit(a)' -DALT_NO_EXIT -DALT_USE_DIRECT_DRIVERS -DALT_NO_INSTRUCTION_EMULATION -DALT_USE_SMALL_DRIVERS -DSMALL_C_LIB -DALT_SINGLE_THREADED    '-Os' -g -Wall  -mno-hw-div -mno-hw-div -mno-hw-mul -mno-hw-mulx -mgpopt=global   -o obj/HAL/src/alt_instruction_exception_entry.o HAL/src/alt_instruction_exception_entry.c
Compiling alt_instruction_exception_register.c...
nios2-elf-gcc.exe -xc -MP -MMD -c  -I./HAL/inc -I. -I./drivers/inc -pipe -D__hal__ -DALT_NO_C_PLUS_PLUS -DALT_NO_CLEAN_EXIT -D'exit(a)=_exit(a)' -DALT_NO_EXIT -DALT_USE_DIRECT_DRIVERS -DALT_NO_INSTRUCTION_EMULATION -DALT_USE_SMALL_DRIVERS -DSMALL_C_LIB -DALT_SINGLE_THREADED    '-Os' -g -Wall  -mno-hw-div -mno-hw-div -mno-hw-mul -mno-hw-mulx -mgpopt=global   -o obj/HAL/src/alt_instruction_exception_register.o HAL/src/alt_instruction_exception_register.c
Compiling alt_io_redirect.c...
nios2-elf-gcc.exe -xc -MP -MMD -c  -I./HAL/inc -I. -I./drivers/inc -pipe -D__hal__ -DALT_NO_C_PLUS_PLUS -DALT_NO_CLEAN_EXIT -D'exit(a)=_exit(a)' -DALT_NO_EXIT -DALT_USE_DIRECT_DRIVERS -DALT_NO_INSTRUCTION_EMULATION -DALT_USE_SMALL_DRIVERS -DSMALL_C_LIB -DALT_SINGLE_THREADED    '-Os' -g -Wall  -mno-hw-div -mno-hw-div -mno-hw-mul -mno-hw-mulx -mgpopt=global   -o obj/HAL/src/alt_io_redirect.o HAL/src/alt_io_redirect.c
Compiling alt_ioctl.c...
nios2-elf-gcc.exe -xc -MP -MMD -c  -I./HAL/inc -I. -I./drivers/inc -pipe -D__hal__ -DALT_NO_C_PLUS_PLUS -DALT_NO_CLEAN_EXIT -D'exit(a)=_exit(a)' -DALT_NO_EXIT -DALT_USE_DIRECT_DRIVERS -DALT_NO_INSTRUCTION_EMULATION -DALT_USE_SMALL_DRIVERS -DSMALL_C_LIB -DALT_SINGLE_THREADED    '-Os' -g -Wall  -mno-hw-div -mno-hw-div -mno-hw-mul -mno-hw-mulx -mgpopt=global   -o obj/HAL/src/alt_ioctl.o HAL/src/alt_ioctl.c
Compiling alt_irq_entry.S...
nios2-elf-gcc.exe -MP -MMD -c   '-Os' -g -Wall  -mno-hw-div -mno-hw-div -mno-hw-mul -mno-hw-mulx -mgpopt=global    -I./HAL/inc -I. -I./drivers/inc -pipe -D__hal__ -DALT_NO_C_PLUS_PLUS -DALT_NO_CLEAN_EXIT -D'exit(a)=_exit(a)' -DALT_NO_EXIT -DALT_USE_DIRECT_DRIVERS -DALT_NO_INSTRUCTION_EMULATION -DALT_USE_SMALL_DRIVERS -DSMALL_C_LIB -DALT_SINGLE_THREADED  -Wa,-gdwarf2  -o obj/HAL/src/alt_irq_entry.o HAL/src/alt_irq_entry.S
Compiling alt_irq_handler.c...
nios2-elf-gcc.exe -xc -MP -MMD -c  -I./HAL/inc -I. -I./drivers/inc -pipe -D__hal__ -DALT_NO_C_PLUS_PLUS -DALT_NO_CLEAN_EXIT -D'exit(a)=_exit(a)' -DALT_NO_EXIT -DALT_USE_DIRECT_DRIVERS -DALT_NO_INSTRUCTION_EMULATION -DALT_USE_SMALL_DRIVERS -DSMALL_C_LIB -DALT_SINGLE_THREADED    '-Os' -g -Wall  -mno-hw-div -mno-hw-div -mno-hw-mul -mno-hw-mulx -mgpopt=global   -o obj/HAL/src/alt_irq_handler.o HAL/src/alt_irq_handler.c
Compiling alt_irq_register.c...
nios2-elf-gcc.exe -xc -MP -MMD -c  -I./HAL/inc -I. -I./drivers/inc -pipe -D__hal__ -DALT_NO_C_PLUS_PLUS -DALT_NO_CLEAN_EXIT -D'exit(a)=_exit(a)' -DALT_NO_EXIT -DALT_USE_DIRECT_DRIVERS -DALT_NO_INSTRUCTION_EMULATION -DALT_USE_SMALL_DRIVERS -DSMALL_C_LIB -DALT_SINGLE_THREADED    '-Os' -g -Wall  -mno-hw-div -mno-hw-div -mno-hw-mul -mno-hw-mulx -mgpopt=global   -o obj/HAL/src/alt_irq_register.o HAL/src/alt_irq_register.c
Compiling alt_irq_vars.c...
nios2-elf-gcc.exe -xc -MP -MMD -c  -I./HAL/inc -I. -I./drivers/inc -pipe -D__hal__ -DALT_NO_C_PLUS_PLUS -DALT_NO_CLEAN_EXIT -D'exit(a)=_exit(a)' -DALT_NO_EXIT -DALT_USE_DIRECT_DRIVERS -DALT_NO_INSTRUCTION_EMULATION -DALT_USE_SMALL_DRIVERS -DSMALL_C_LIB -DALT_SINGLE_THREADED    '-Os' -g -Wall  -mno-hw-div -mno-hw-div -mno-hw-mul -mno-hw-mulx -mgpopt=global   -o obj/HAL/src/alt_irq_vars.o HAL/src/alt_irq_vars.c
Compiling alt_isatty.c...
nios2-elf-gcc.exe -xc -MP -MMD -c  -I./HAL/inc -I. -I./drivers/inc -pipe -D__hal__ -DALT_NO_C_PLUS_PLUS -DALT_NO_CLEAN_EXIT -D'exit(a)=_exit(a)' -DALT_NO_EXIT -DALT_USE_DIRECT_DRIVERS -DALT_NO_INSTRUCTION_EMULATION -DALT_USE_SMALL_DRIVERS -DSMALL_C_LIB -DALT_SINGLE_THREADED    '-Os' -g -Wall  -mno-hw-div -mno-hw-div -mno-hw-mul -mno-hw-mulx -mgpopt=global   -o obj/HAL/src/alt_isatty.o HAL/src/alt_isatty.c
Compiling alt_kill.c...
nios2-elf-gcc.exe -xc -MP -MMD -c  -I./HAL/inc -I. -I./drivers/inc -pipe -D__hal__ -DALT_NO_C_PLUS_PLUS -DALT_NO_CLEAN_EXIT -D'exit(a)=_exit(a)' -DALT_NO_EXIT -DALT_USE_DIRECT_DRIVERS -DALT_NO_INSTRUCTION_EMULATION -DALT_USE_SMALL_DRIVERS -DSMALL_C_LIB -DALT_SINGLE_THREADED    '-Os' -g -Wall  -mno-hw-div -mno-hw-div -mno-hw-mul -mno-hw-mulx -mgpopt=global   -o obj/HAL/src/alt_kill.o HAL/src/alt_kill.c
Compiling alt_link.c...
nios2-elf-gcc.exe -xc -MP -MMD -c  -I./HAL/inc -I. -I./drivers/inc -pipe -D__hal__ -DALT_NO_C_PLUS_PLUS -DALT_NO_CLEAN_EXIT -D'exit(a)=_exit(a)' -DALT_NO_EXIT -DALT_USE_DIRECT_DRIVERS -DALT_NO_INSTRUCTION_EMULATION -DALT_USE_SMALL_DRIVERS -DSMALL_C_LIB -DALT_SINGLE_THREADED    '-Os' -g -Wall  -mno-hw-div -mno-hw-div -mno-hw-mul -mno-hw-mulx -mgpopt=global   -o obj/HAL/src/alt_link.o HAL/src/alt_link.c
Compiling alt_load.c...
nios2-elf-gcc.exe -xc -MP -MMD -c  -I./HAL/inc -I. -I./drivers/inc -pipe -D__hal__ -DALT_NO_C_PLUS_PLUS -DALT_NO_CLEAN_EXIT -D'exit(a)=_exit(a)' -DALT_NO_EXIT -DALT_USE_DIRECT_DRIVERS -DALT_NO_INSTRUCTION_EMULATION -DALT_USE_SMALL_DRIVERS -DSMALL_C_LIB -DALT_SINGLE_THREADED    '-Os' -g -Wall  -mno-hw-div -mno-hw-div -mno-hw-mul -mno-hw-mulx -mgpopt=global   -o obj/HAL/src/alt_load.o HAL/src/alt_load.c
Compiling alt_log_macro.S...
nios2-elf-gcc.exe -MP -MMD -c   '-Os' -g -Wall  -mno-hw-div -mno-hw-div -mno-hw-mul -mno-hw-mulx -mgpopt=global    -I./HAL/inc -I. -I./drivers/inc -pipe -D__hal__ -DALT_NO_C_PLUS_PLUS -DALT_NO_CLEAN_EXIT -D'exit(a)=_exit(a)' -DALT_NO_EXIT -DALT_USE_DIRECT_DRIVERS -DALT_NO_INSTRUCTION_EMULATION -DALT_USE_SMALL_DRIVERS -DSMALL_C_LIB -DALT_SINGLE_THREADED  -Wa,-gdwarf2  -o obj/HAL/src/alt_log_macro.o HAL/src/alt_log_macro.S
Compiling alt_log_printf.c...
nios2-elf-gcc.exe -xc -MP -MMD -c  -I./HAL/inc -I. -I./drivers/inc -pipe -D__hal__ -DALT_NO_C_PLUS_PLUS -DALT_NO_CLEAN_EXIT -D'exit(a)=_exit(a)' -DALT_NO_EXIT -DALT_USE_DIRECT_DRIVERS -DALT_NO_INSTRUCTION_EMULATION -DALT_USE_SMALL_DRIVERS -DSMALL_C_LIB -DALT_SINGLE_THREADED    '-Os' -g -Wall  -mno-hw-div -mno-hw-div -mno-hw-mul -mno-hw-mulx -mgpopt=global   -o obj/HAL/src/alt_log_printf.o HAL/src/alt_log_printf.c
Compiling alt_lseek.c...
nios2-elf-gcc.exe -xc -MP -MMD -c  -I./HAL/inc -I. -I./drivers/inc -pipe -D__hal__ -DALT_NO_C_PLUS_PLUS -DALT_NO_CLEAN_EXIT -D'exit(a)=_exit(a)' -DALT_NO_EXIT -DALT_USE_DIRECT_DRIVERS -DALT_NO_INSTRUCTION_EMULATION -DALT_USE_SMALL_DRIVERS -DSMALL_C_LIB -DALT_SINGLE_THREADED    '-Os' -g -Wall  -mno-hw-div -mno-hw-div -mno-hw-mul -mno-hw-mulx -mgpopt=global   -o obj/HAL/src/alt_lseek.o HAL/src/alt_lseek.c
Compiling alt_main.c...
nios2-elf-gcc.exe -xc -MP -MMD -c  -I./HAL/inc -I. -I./drivers/inc -pipe -D__hal__ -DALT_NO_C_PLUS_PLUS -DALT_NO_CLEAN_EXIT -D'exit(a)=_exit(a)' -DALT_NO_EXIT -DALT_USE_DIRECT_DRIVERS -DALT_NO_INSTRUCTION_EMULATION -DALT_USE_SMALL_DRIVERS -DSMALL_C_LIB -DALT_SINGLE_THREADED    '-Os' -g -Wall  -mno-hw-div -mno-hw-div -mno-hw-mul -mno-hw-mulx -mgpopt=global   -o obj/HAL/src/alt_main.o HAL/src/alt_main.c
Compiling alt_malloc_lock.c...
nios2-elf-gcc.exe -xc -MP -MMD -c  -I./HAL/inc -I. -I./drivers/inc -pipe -D__hal__ -DALT_NO_C_PLUS_PLUS -DALT_NO_CLEAN_EXIT -D'exit(a)=_exit(a)' -DALT_NO_EXIT -DALT_USE_DIRECT_DRIVERS -DALT_NO_INSTRUCTION_EMULATION -DALT_USE_SMALL_DRIVERS -DSMALL_C_LIB -DALT_SINGLE_THREADED    '-Os' -g -Wall  -mno-hw-div -mno-hw-div -mno-hw-mul -mno-hw-mulx -mgpopt=global   -o obj/HAL/src/alt_malloc_lock.o HAL/src/alt_malloc_lock.c
Compiling alt_mcount.S...
nios2-elf-gcc.exe -MP -MMD -c   '-Os' -g -Wall  -mno-hw-div -mno-hw-div -mno-hw-mul -mno-hw-mulx -mgpopt=global    -I./HAL/inc -I. -I./drivers/inc -pipe -D__hal__ -DALT_NO_C_PLUS_PLUS -DALT_NO_CLEAN_EXIT -D'exit(a)=_exit(a)' -DALT_NO_EXIT -DALT_USE_DIRECT_DRIVERS -DALT_NO_INSTRUCTION_EMULATION -DALT_USE_SMALL_DRIVERS -DSMALL_C_LIB -DALT_SINGLE_THREADED  -Wa,-gdwarf2  -o obj/HAL/src/alt_mcount.o HAL/src/alt_mcount.S
Compiling alt_open.c...
nios2-elf-gcc.exe -xc -MP -MMD -c  -I./HAL/inc -I. -I./drivers/inc -pipe -D__hal__ -DALT_NO_C_PLUS_PLUS -DALT_NO_CLEAN_EXIT -D'exit(a)=_exit(a)' -DALT_NO_EXIT -DALT_USE_DIRECT_DRIVERS -DALT_NO_INSTRUCTION_EMULATION -DALT_USE_SMALL_DRIVERS -DSMALL_C_LIB -DALT_SINGLE_THREADED    '-Os' -g -Wall  -mno-hw-div -mno-hw-div -mno-hw-mul -mno-hw-mulx -mgpopt=global   -o obj/HAL/src/alt_open.o HAL/src/alt_open.c
Compiling alt_printf.c...
nios2-elf-gcc.exe -xc -MP -MMD -c  -I./HAL/inc -I. -I./drivers/inc -pipe -D__hal__ -DALT_NO_C_PLUS_PLUS -DALT_NO_CLEAN_EXIT -D'exit(a)=_exit(a)' -DALT_NO_EXIT -DALT_USE_DIRECT_DRIVERS -DALT_NO_INSTRUCTION_EMULATION -DALT_USE_SMALL_DRIVERS -DSMALL_C_LIB -DALT_SINGLE_THREADED    '-Os' -g -Wall  -mno-hw-div -mno-hw-div -mno-hw-mul -mno-hw-mulx -mgpopt=global   -o obj/HAL/src/alt_printf.o HAL/src/alt_printf.c
Compiling alt_putchar.c...
nios2-elf-gcc.exe -xc -MP -MMD -c  -I./HAL/inc -I. -I./drivers/inc -pipe -D__hal__ -DALT_NO_C_PLUS_PLUS -DALT_NO_CLEAN_EXIT -D'exit(a)=_exit(a)' -DALT_NO_EXIT -DALT_USE_DIRECT_DRIVERS -DALT_NO_INSTRUCTION_EMULATION -DALT_USE_SMALL_DRIVERS -DSMALL_C_LIB -DALT_SINGLE_THREADED    '-Os' -g -Wall  -mno-hw-div -mno-hw-div -mno-hw-mul -mno-hw-mulx -mgpopt=global   -o obj/HAL/src/alt_putchar.o HAL/src/alt_putchar.c
Compiling alt_putcharbuf.c...
nios2-elf-gcc.exe -xc -MP -MMD -c  -I./HAL/inc -I. -I./drivers/inc -pipe -D__hal__ -DALT_NO_C_PLUS_PLUS -DALT_NO_CLEAN_EXIT -D'exit(a)=_exit(a)' -DALT_NO_EXIT -DALT_USE_DIRECT_DRIVERS -DALT_NO_INSTRUCTION_EMULATION -DALT_USE_SMALL_DRIVERS -DSMALL_C_LIB -DALT_SINGLE_THREADED    '-Os' -g -Wall  -mno-hw-div -mno-hw-div -mno-hw-mul -mno-hw-mulx -mgpopt=global   -o obj/HAL/src/alt_putcharbuf.o HAL/src/alt_putcharbuf.c
Compiling alt_putstr.c...
nios2-elf-gcc.exe -xc -MP -MMD -c  -I./HAL/inc -I. -I./drivers/inc -pipe -D__hal__ -DALT_NO_C_PLUS_PLUS -DALT_NO_CLEAN_EXIT -D'exit(a)=_exit(a)' -DALT_NO_EXIT -DALT_USE_DIRECT_DRIVERS -DALT_NO_INSTRUCTION_EMULATION -DALT_USE_SMALL_DRIVERS -DSMALL_C_LIB -DALT_SINGLE_THREADED    '-Os' -g -Wall  -mno-hw-div -mno-hw-div -mno-hw-mul -mno-hw-mulx -mgpopt=global   -o obj/HAL/src/alt_putstr.o HAL/src/alt_putstr.c
Compiling alt_read.c...
nios2-elf-gcc.exe -xc -MP -MMD -c  -I./HAL/inc -I. -I./drivers/inc -pipe -D__hal__ -DALT_NO_C_PLUS_PLUS -DALT_NO_CLEAN_EXIT -D'exit(a)=_exit(a)' -DALT_NO_EXIT -DALT_USE_DIRECT_DRIVERS -DALT_NO_INSTRUCTION_EMULATION -DALT_USE_SMALL_DRIVERS -DSMALL_C_LIB -DALT_SINGLE_THREADED    '-Os' -g -Wall  -mno-hw-div -mno-hw-div -mno-hw-mul -mno-hw-mulx -mgpopt=global   -o obj/HAL/src/alt_read.o HAL/src/alt_read.c
Compiling alt_release_fd.c...
nios2-elf-gcc.exe -xc -MP -MMD -c  -I./HAL/inc -I. -I./drivers/inc -pipe -D__hal__ -DALT_NO_C_PLUS_PLUS -DALT_NO_CLEAN_EXIT -D'exit(a)=_exit(a)' -DALT_NO_EXIT -DALT_USE_DIRECT_DRIVERS -DALT_NO_INSTRUCTION_EMULATION -DALT_USE_SMALL_DRIVERS -DSMALL_C_LIB -DALT_SINGLE_THREADED    '-Os' -g -Wall  -mno-hw-div -mno-hw-div -mno-hw-mul -mno-hw-mulx -mgpopt=global   -o obj/HAL/src/alt_release_fd.o HAL/src/alt_release_fd.c
Compiling alt_remap_cached.c...
nios2-elf-gcc.exe -xc -MP -MMD -c  -I./HAL/inc -I. -I./drivers/inc -pipe -D__hal__ -DALT_NO_C_PLUS_PLUS -DALT_NO_CLEAN_EXIT -D'exit(a)=_exit(a)' -DALT_NO_EXIT -DALT_USE_DIRECT_DRIVERS -DALT_NO_INSTRUCTION_EMULATION -DALT_USE_SMALL_DRIVERS -DSMALL_C_LIB -DALT_SINGLE_THREADED    '-Os' -g -Wall  -mno-hw-div -mno-hw-div -mno-hw-mul -mno-hw-mulx -mgpopt=global   -o obj/HAL/src/alt_remap_cached.o HAL/src/alt_remap_cached.c
Compiling alt_remap_uncached.c...
nios2-elf-gcc.exe -xc -MP -MMD -c  -I./HAL/inc -I. -I./drivers/inc -pipe -D__hal__ -DALT_NO_C_PLUS_PLUS -DALT_NO_CLEAN_EXIT -D'exit(a)=_exit(a)' -DALT_NO_EXIT -DALT_USE_DIRECT_DRIVERS -DALT_NO_INSTRUCTION_EMULATION -DALT_USE_SMALL_DRIVERS -DSMALL_C_LIB -DALT_SINGLE_THREADED    '-Os' -g -Wall  -mno-hw-div -mno-hw-div -mno-hw-mul -mno-hw-mulx -mgpopt=global   -o obj/HAL/src/alt_remap_uncached.o HAL/src/alt_remap_uncached.c
Compiling alt_rename.c...
nios2-elf-gcc.exe -xc -MP -MMD -c  -I./HAL/inc -I. -I./drivers/inc -pipe -D__hal__ -DALT_NO_C_PLUS_PLUS -DALT_NO_CLEAN_EXIT -D'exit(a)=_exit(a)' -DALT_NO_EXIT -DALT_USE_DIRECT_DRIVERS -DALT_NO_INSTRUCTION_EMULATION -DALT_USE_SMALL_DRIVERS -DSMALL_C_LIB -DALT_SINGLE_THREADED    '-Os' -g -Wall  -mno-hw-div -mno-hw-div -mno-hw-mul -mno-hw-mulx -mgpopt=global   -o obj/HAL/src/alt_rename.o HAL/src/alt_rename.c
Compiling alt_sbrk.c...
nios2-elf-gcc.exe -xc -MP -MMD -c  -I./HAL/inc -I. -I./drivers/inc -pipe -D__hal__ -DALT_NO_C_PLUS_PLUS -DALT_NO_CLEAN_EXIT -D'exit(a)=_exit(a)' -DALT_NO_EXIT -DALT_USE_DIRECT_DRIVERS -DALT_NO_INSTRUCTION_EMULATION -DALT_USE_SMALL_DRIVERS -DSMALL_C_LIB -DALT_SINGLE_THREADED    '-Os' -g -Wall  -mno-hw-div -mno-hw-div -mno-hw-mul -mno-hw-mulx -mgpopt=global   -o obj/HAL/src/alt_sbrk.o HAL/src/alt_sbrk.c
Compiling alt_settod.c...
nios2-elf-gcc.exe -xc -MP -MMD -c  -I./HAL/inc -I. -I./drivers/inc -pipe -D__hal__ -DALT_NO_C_PLUS_PLUS -DALT_NO_CLEAN_EXIT -D'exit(a)=_exit(a)' -DALT_NO_EXIT -DALT_USE_DIRECT_DRIVERS -DALT_NO_INSTRUCTION_EMULATION -DALT_USE_SMALL_DRIVERS -DSMALL_C_LIB -DALT_SINGLE_THREADED    '-Os' -g -Wall  -mno-hw-div -mno-hw-div -mno-hw-mul -mno-hw-mulx -mgpopt=global   -o obj/HAL/src/alt_settod.o HAL/src/alt_settod.c
Compiling alt_software_exception.S...
nios2-elf-gcc.exe -MP -MMD -c   '-Os' -g -Wall  -mno-hw-div -mno-hw-div -mno-hw-mul -mno-hw-mulx -mgpopt=global    -I./HAL/inc -I. -I./drivers/inc -pipe -D__hal__ -DALT_NO_C_PLUS_PLUS -DALT_NO_CLEAN_EXIT -D'exit(a)=_exit(a)' -DALT_NO_EXIT -DALT_USE_DIRECT_DRIVERS -DALT_NO_INSTRUCTION_EMULATION -DALT_USE_SMALL_DRIVERS -DSMALL_C_LIB -DALT_SINGLE_THREADED  -Wa,-gdwarf2  -o obj/HAL/src/alt_software_exception.o HAL/src/alt_software_exception.S
Compiling alt_stat.c...
nios2-elf-gcc.exe -xc -MP -MMD -c  -I./HAL/inc -I. -I./drivers/inc -pipe -D__hal__ -DALT_NO_C_PLUS_PLUS -DALT_NO_CLEAN_EXIT -D'exit(a)=_exit(a)' -DALT_NO_EXIT -DALT_USE_DIRECT_DRIVERS -DALT_NO_INSTRUCTION_EMULATION -DALT_USE_SMALL_DRIVERS -DSMALL_C_LIB -DALT_SINGLE_THREADED    '-Os' -g -Wall  -mno-hw-div -mno-hw-div -mno-hw-mul -mno-hw-mulx -mgpopt=global   -o obj/HAL/src/alt_stat.o HAL/src/alt_stat.c
Compiling alt_tick.c...
nios2-elf-gcc.exe -xc -MP -MMD -c  -I./HAL/inc -I. -I./drivers/inc -pipe -D__hal__ -DALT_NO_C_PLUS_PLUS -DALT_NO_CLEAN_EXIT -D'exit(a)=_exit(a)' -DALT_NO_EXIT -DALT_USE_DIRECT_DRIVERS -DALT_NO_INSTRUCTION_EMULATION -DALT_USE_SMALL_DRIVERS -DSMALL_C_LIB -DALT_SINGLE_THREADED    '-Os' -g -Wall  -mno-hw-div -mno-hw-div -mno-hw-mul -mno-hw-mulx -mgpopt=global   -o obj/HAL/src/alt_tick.o HAL/src/alt_tick.c
Compiling alt_times.c...
nios2-elf-gcc.exe -xc -MP -MMD -c  -I./HAL/inc -I. -I./drivers/inc -pipe -D__hal__ -DALT_NO_C_PLUS_PLUS -DALT_NO_CLEAN_EXIT -D'exit(a)=_exit(a)' -DALT_NO_EXIT -DALT_USE_DIRECT_DRIVERS -DALT_NO_INSTRUCTION_EMULATION -DALT_USE_SMALL_DRIVERS -DSMALL_C_LIB -DALT_SINGLE_THREADED    '-Os' -g -Wall  -mno-hw-div -mno-hw-div -mno-hw-mul -mno-hw-mulx -mgpopt=global   -o obj/HAL/src/alt_times.o HAL/src/alt_times.c
Compiling alt_uncached_free.c...
nios2-elf-gcc.exe -xc -MP -MMD -c  -I./HAL/inc -I. -I./drivers/inc -pipe -D__hal__ -DALT_NO_C_PLUS_PLUS -DALT_NO_CLEAN_EXIT -D'exit(a)=_exit(a)' -DALT_NO_EXIT -DALT_USE_DIRECT_DRIVERS -DALT_NO_INSTRUCTION_EMULATION -DALT_USE_SMALL_DRIVERS -DSMALL_C_LIB -DALT_SINGLE_THREADED    '-Os' -g -Wall  -mno-hw-div -mno-hw-div -mno-hw-mul -mno-hw-mulx -mgpopt=global   -o obj/HAL/src/alt_uncached_free.o HAL/src/alt_uncached_free.c
Compiling alt_uncached_malloc.c...
nios2-elf-gcc.exe -xc -MP -MMD -c  -I./HAL/inc -I. -I./drivers/inc -pipe -D__hal__ -DALT_NO_C_PLUS_PLUS -DALT_NO_CLEAN_EXIT -D'exit(a)=_exit(a)' -DALT_NO_EXIT -DALT_USE_DIRECT_DRIVERS -DALT_NO_INSTRUCTION_EMULATION -DALT_USE_SMALL_DRIVERS -DSMALL_C_LIB -DALT_SINGLE_THREADED    '-Os' -g -Wall  -mno-hw-div -mno-hw-div -mno-hw-mul -mno-hw-mulx -mgpopt=global   -o obj/HAL/src/alt_uncached_malloc.o HAL/src/alt_uncached_malloc.c
Compiling alt_unlink.c...
nios2-elf-gcc.exe -xc -MP -MMD -c  -I./HAL/inc -I. -I./drivers/inc -pipe -D__hal__ -DALT_NO_C_PLUS_PLUS -DALT_NO_CLEAN_EXIT -D'exit(a)=_exit(a)' -DALT_NO_EXIT -DALT_USE_DIRECT_DRIVERS -DALT_NO_INSTRUCTION_EMULATION -DALT_USE_SMALL_DRIVERS -DSMALL_C_LIB -DALT_SINGLE_THREADED    '-Os' -g -Wall  -mno-hw-div -mno-hw-div -mno-hw-mul -mno-hw-mulx -mgpopt=global   -o obj/HAL/src/alt_unlink.o HAL/src/alt_unlink.c
Compiling alt_usleep.c...
nios2-elf-gcc.exe -xc -MP -MMD -c  -I./HAL/inc -I. -I./drivers/inc -pipe -D__hal__ -DALT_NO_C_PLUS_PLUS -DALT_NO_CLEAN_EXIT -D'exit(a)=_exit(a)' -DALT_NO_EXIT -DALT_USE_DIRECT_DRIVERS -DALT_NO_INSTRUCTION_EMULATION -DALT_USE_SMALL_DRIVERS -DSMALL_C_LIB -DALT_SINGLE_THREADED    '-Os' -g -Wall  -mno-hw-div -mno-hw-div -mno-hw-mul -mno-hw-mulx -mgpopt=global   -o obj/HAL/src/alt_usleep.o HAL/src/alt_usleep.c
Compiling alt_wait.c...
nios2-elf-gcc.exe -xc -MP -MMD -c  -I./HAL/inc -I. -I./drivers/inc -pipe -D__hal__ -DALT_NO_C_PLUS_PLUS -DALT_NO_CLEAN_EXIT -D'exit(a)=_exit(a)' -DALT_NO_EXIT -DALT_USE_DIRECT_DRIVERS -DALT_NO_INSTRUCTION_EMULATION -DALT_USE_SMALL_DRIVERS -DSMALL_C_LIB -DALT_SINGLE_THREADED    '-Os' -g -Wall  -mno-hw-div -mno-hw-div -mno-hw-mul -mno-hw-mulx -mgpopt=global   -o obj/HAL/src/alt_wait.o HAL/src/alt_wait.c
Compiling alt_write.c...
nios2-elf-gcc.exe -xc -MP -MMD -c  -I./HAL/inc -I. -I./drivers/inc -pipe -D__hal__ -DALT_NO_C_PLUS_PLUS -DALT_NO_CLEAN_EXIT -D'exit(a)=_exit(a)' -DALT_NO_EXIT -DALT_USE_DIRECT_DRIVERS -DALT_NO_INSTRUCTION_EMULATION -DALT_USE_SMALL_DRIVERS -DSMALL_C_LIB -DALT_SINGLE_THREADED    '-Os' -g -Wall  -mno-hw-div -mno-hw-div -mno-hw-mul -mno-hw-mulx -mgpopt=global   -o obj/HAL/src/alt_write.o HAL/src/alt_write.c
Compiling altera_nios2_gen2_irq.c...
nios2-elf-gcc.exe -xc -MP -MMD -c  -I./HAL/inc -I. -I./drivers/inc -pipe -D__hal__ -DALT_NO_C_PLUS_PLUS -DALT_NO_CLEAN_EXIT -D'exit(a)=_exit(a)' -DALT_NO_EXIT -DALT_USE_DIRECT_DRIVERS -DALT_NO_INSTRUCTION_EMULATION -DALT_USE_SMALL_DRIVERS -DSMALL_C_LIB -DALT_SINGLE_THREADED    '-Os' -g -Wall  -mno-hw-div -mno-hw-div -mno-hw-mul -mno-hw-mulx -mgpopt=global   -o obj/HAL/src/altera_nios2_gen2_irq.o HAL/src/altera_nios2_gen2_irq.c
Compiling crt0.S...
nios2-elf-gcc.exe -MP -MMD -c   '-Os' -g -Wall  -mno-hw-div -mno-hw-div -mno-hw-mul -mno-hw-mulx -mgpopt=global    -I./HAL/inc -I. -I./drivers/inc -pipe -D__hal__ -DALT_NO_C_PLUS_PLUS -DALT_NO_CLEAN_EXIT -D'exit(a)=_exit(a)' -DALT_NO_EXIT -DALT_USE_DIRECT_DRIVERS -DALT_NO_INSTRUCTION_EMULATION -DALT_USE_SMALL_DRIVERS -DSMALL_C_LIB -DALT_SINGLE_THREADED  -Wa,-gdwarf2  -o obj/HAL/src/crt0.o HAL/src/crt0.S
Compiling alt_sys_init.c...
nios2-elf-gcc.exe -xc -MP -MMD -c  -I./HAL/inc -I. -I./drivers/inc -pipe -D__hal__ -DALT_NO_C_PLUS_PLUS -DALT_NO_CLEAN_EXIT -D'exit(a)=_exit(a)' -DALT_NO_EXIT -DALT_USE_DIRECT_DRIVERS -DALT_NO_INSTRUCTION_EMULATION -DALT_USE_SMALL_DRIVERS -DSMALL_C_LIB -DALT_SINGLE_THREADED    '-Os' -g -Wall  -mno-hw-div -mno-hw-div -mno-hw-mul -mno-hw-mulx -mgpopt=global   -o obj/alt_sys_init.o alt_sys_init.c
Compiling altera_avalon_jtag_uart_fd.c...
nios2-elf-gcc.exe -xc -MP -MMD -c  -I./HAL/inc -I. -I./drivers/inc -pipe -D__hal__ -DALT_NO_C_PLUS_PLUS -DALT_NO_CLEAN_EXIT -D'exit(a)=_exit(a)' -DALT_NO_EXIT -DALT_USE_DIRECT_DRIVERS -DALT_NO_INSTRUCTION_EMULATION -DALT_USE_SMALL_DRIVERS -DSMALL_C_LIB -DALT_SINGLE_THREADED    '-Os' -g -Wall  -mno-hw-div -mno-hw-div -mno-hw-mul -mno-hw-mulx -mgpopt=global   -o obj/drivers/src/altera_avalon_jtag_uart_fd.o drivers/src/altera_avalon_jtag_uart_fd.c
Compiling altera_avalon_jtag_uart_init.c...
nios2-elf-gcc.exe -xc -MP -MMD -c  -I./HAL/inc -I. -I./drivers/inc -pipe -D__hal__ -DALT_NO_C_PLUS_PLUS -DALT_NO_CLEAN_EXIT -D'exit(a)=_exit(a)' -DALT_NO_EXIT -DALT_USE_DIRECT_DRIVERS -DALT_NO_INSTRUCTION_EMULATION -DALT_USE_SMALL_DRIVERS -DSMALL_C_LIB -DALT_SINGLE_THREADED    '-Os' -g -Wall  -mno-hw-div -mno-hw-div -mno-hw-mul -mno-hw-mulx -mgpopt=global   -o obj/drivers/src/altera_avalon_jtag_uart_init.o drivers/src/altera_avalon_jtag_uart_init.c
Compiling altera_avalon_jtag_uart_ioctl.c...
nios2-elf-gcc.exe -xc -MP -MMD -c  -I./HAL/inc -I. -I./drivers/inc -pipe -D__hal__ -DALT_NO_C_PLUS_PLUS -DALT_NO_CLEAN_EXIT -D'exit(a)=_exit(a)' -DALT_NO_EXIT -DALT_USE_DIRECT_DRIVERS -DALT_NO_INSTRUCTION_EMULATION -DALT_USE_SMALL_DRIVERS -DSMALL_C_LIB -DALT_SINGLE_THREADED    '-Os' -g -Wall  -mno-hw-div -mno-hw-div -mno-hw-mul -mno-hw-mulx -mgpopt=global   -o obj/drivers/src/altera_avalon_jtag_uart_ioctl.o drivers/src/altera_avalon_jtag_uart_ioctl.c
Compiling altera_avalon_jtag_uart_read.c...
nios2-elf-gcc.exe -xc -MP -MMD -c  -I./HAL/inc -I. -I./drivers/inc -pipe -D__hal__ -DALT_NO_C_PLUS_PLUS -DALT_NO_CLEAN_EXIT -D'exit(a)=_exit(a)' -DALT_NO_EXIT -DALT_USE_DIRECT_DRIVERS -DALT_NO_INSTRUCTION_EMULATION -DALT_USE_SMALL_DRIVERS -DSMALL_C_LIB -DALT_SINGLE_THREADED    '-Os' -g -Wall  -mno-hw-div -mno-hw-div -mno-hw-mul -mno-hw-mulx -mgpopt=global   -o obj/drivers/src/altera_avalon_jtag_uart_read.o drivers/src/altera_avalon_jtag_uart_read.c
Compiling altera_avalon_jtag_uart_write.c...
nios2-elf-gcc.exe -xc -MP -MMD -c  -I./HAL/inc -I. -I./drivers/inc -pipe -D__hal__ -DALT_NO_C_PLUS_PLUS -DALT_NO_CLEAN_EXIT -D'exit(a)=_exit(a)' -DALT_NO_EXIT -DALT_USE_DIRECT_DRIVERS -DALT_NO_INSTRUCTION_EMULATION -DALT_USE_SMALL_DRIVERS -DSMALL_C_LIB -DALT_SINGLE_THREADED    '-Os' -g -Wall  -mno-hw-div -mno-hw-div -mno-hw-mul -mno-hw-mulx -mgpopt=global   -o obj/drivers/src/altera_avalon_jtag_uart_write.o drivers/src/altera_avalon_jtag_uart_write.c
Compiling altera_avalon_spi.c...
nios2-elf-gcc.exe -xc -MP -MMD -c  -I./HAL/inc -I. -I./drivers/inc -pipe -D__hal__ -DALT_NO_C_PLUS_PLUS -DALT_NO_CLEAN_EXIT -D'exit(a)=_exit(a)' -DALT_NO_EXIT -DALT_USE_DIRECT_DRIVERS -DALT_NO_INSTRUCTION_EMULATION -DALT_USE_SMALL_DRIVERS -DSMALL_C_LIB -DALT_SINGLE_THREADED    '-Os' -g -Wall  -mno-hw-div -mno-hw-div -mno-hw-mul -mno-hw-mulx -mgpopt=global   -o obj/drivers/src/altera_avalon_spi.o drivers/src/altera_avalon_spi.c
Compiling altera_avalon_sysid_qsys.c...
nios2-elf-gcc.exe -xc -MP -MMD -c  -I./HAL/inc -I. -I./drivers/inc -pipe -D__hal__ -DALT_NO_C_PLUS_PLUS -DALT_NO_CLEAN_EXIT -D'exit(a)=_exit(a)' -DALT_NO_EXIT -DALT_USE_DIRECT_DRIVERS -DALT_NO_INSTRUCTION_EMULATION -DALT_USE_SMALL_DRIVERS -DSMALL_C_LIB -DALT_SINGLE_THREADED    '-Os' -g -Wall  -mno-hw-div -mno-hw-div -mno-hw-mul -mno-hw-mulx -mgpopt=global   -o obj/drivers/src/altera_avalon_sysid_qsys.o drivers/src/altera_avalon_sysid_qsys.c
Compiling altera_avalon_timer_sc.c...
nios2-elf-gcc.exe -xc -MP -MMD -c  -I./HAL/inc -I. -I./drivers/inc -pipe -D__hal__ -DALT_NO_C_PLUS_PLUS -DALT_NO_CLEAN_EXIT -D'exit(a)=_exit(a)' -DALT_NO_EXIT -DALT_USE_DIRECT_DRIVERS -DALT_NO_INSTRUCTION_EMULATION -DALT_USE_SMALL_DRIVERS -DSMALL_C_LIB -DALT_SINGLE_THREADED    '-Os' -g -Wall  -mno-hw-div -mno-hw-div -mno-hw-mul -mno-hw-mulx -mgpopt=global   -o obj/drivers/src/altera_avalon_timer_sc.o drivers/src/altera_avalon_timer_sc.c
Compiling altera_avalon_timer_ts.c...
nios2-elf-gcc.exe -xc -MP -MMD -c  -I./HAL/inc -I. -I./drivers/inc -pipe -D__hal__ -DALT_NO_C_PLUS_PLUS -DALT_NO_CLEAN_EXIT -D'exit(a)=_exit(a)' -DALT_NO_EXIT -DALT_USE_DIRECT_DRIVERS -DALT_NO_INSTRUCTION_EMULATION -DALT_USE_SMALL_DRIVERS -DSMALL_C_LIB -DALT_SINGLE_THREADED    '-Os' -g -Wall  -mno-hw-div -mno-hw-div -mno-hw-mul -mno-hw-mulx -mgpopt=global   -o obj/drivers/src/altera_avalon_timer_ts.o drivers/src/altera_avalon_timer_ts.c
Compiling altera_avalon_timer_vars.c...
nios2-elf-gcc.exe -xc -MP -MMD -c  -I./HAL/inc -I. -I./drivers/inc -pipe -D__hal__ -DALT_NO_C_PLUS_PLUS -DALT_NO_CLEAN_EXIT -D'exit(a)=_exit(a)' -DALT_NO_EXIT -DALT_USE_DIRECT_DRIVERS -DALT_NO_INSTRUCTION_EMULATION -DALT_USE_SMALL_DRIVERS -DSMALL_C_LIB -DALT_SINGLE_THREADED    '-Os' -g -Wall  -mno-hw-div -mno-hw-div -mno-hw-mul -mno-hw-mulx -mgpopt=global   -o obj/drivers/src/altera_avalon_timer_vars.o drivers/src/altera_avalon_timer_vars.c
Creating libhal_bsp.a...
rm -f -f libhal_bsp.a
nios2-elf-ar.exe -src libhal_bsp.a obj/HAL/src/alt_alarm_start.o obj/HAL/src/alt_busy_sleep.o obj/HAL/src/alt_close.o obj/HAL/src/alt_dcache_flush.o obj/HAL/src/alt_dcache_flush_all.o obj/HAL/src/alt_dcache_flush_no_writeback.o obj/HAL/src/alt_dev.o obj/HAL/src/alt_dev_llist_insert.o obj/HAL/src/alt_dma_rxchan_open.o obj/HAL/src/alt_dma_txchan_open.o obj/HAL/src/alt_do_ctors.o obj/HAL/src/alt_do_dtors.o obj/HAL/src/alt_ecc_fatal_entry.o obj/HAL/src/alt_ecc_fatal_exception.o obj/HAL/src/alt_env_lock.o obj/HAL/src/alt_environ.o obj/HAL/src/alt_errno.o obj/HAL/src/alt_exception_entry.o obj/HAL/src/alt_exception_muldiv.o obj/HAL/src/alt_exception_trap.o obj/HAL/src/alt_execve.o obj/HAL/src/alt_exit.o obj/HAL/src/alt_fcntl.o obj/HAL/src/alt_fd_lock.o obj/HAL/src/alt_fd_unlock.o obj/HAL/src/alt_find_dev.o obj/HAL/src/alt_find_file.o obj/HAL/src/alt_flash_dev.o obj/HAL/src/alt_fork.o obj/HAL/src/alt_fs_reg.o obj/HAL/src/alt_fstat.o obj/HAL/src/alt_get_fd.o obj/HAL/src/alt_getchar.o obj/HAL/src/alt_getpid.o obj/HAL/src/alt_gettod.o obj/HAL/src/alt_gmon.o obj/HAL/src/alt_icache_flush.o obj/HAL/src/alt_icache_flush_all.o obj/HAL/src/alt_iic.o obj/HAL/src/alt_iic_isr_register.o obj/HAL/src/alt_instruction_exception_entry.o obj/HAL/src/alt_instruction_exception_register.o obj/HAL/src/alt_io_redirect.o obj/HAL/src/alt_ioctl.o obj/HAL/src/alt_irq_entry.o obj/HAL/src/alt_irq_handler.o obj/HAL/src/alt_irq_register.o obj/HAL/src/alt_irq_vars.o obj/HAL/src/alt_isatty.o obj/HAL/src/alt_kill.o obj/HAL/src/alt_link.o obj/HAL/src/alt_load.o obj/HAL/src/alt_log_macro.o obj/HAL/src/alt_log_printf.o obj/HAL/src/alt_lseek.o obj/HAL/src/alt_main.o obj/HAL/src/alt_malloc_lock.o obj/HAL/src/alt_mcount.o obj/HAL/src/alt_open.o obj/HAL/src/alt_printf.o obj/HAL/src/alt_putchar.o obj/HAL/src/alt_putcharbuf.o obj/HAL/src/alt_putstr.o obj/HAL/src/alt_read.o obj/HAL/src/alt_release_fd.o obj/HAL/src/alt_remap_cached.o obj/HAL/src/alt_remap_uncached.o obj/HAL/src/alt_rename.o obj/HAL/src/alt_sbrk.o obj/HAL/src/alt_settod.o obj/HAL/src/alt_software_exception.o obj/HAL/src/alt_stat.o obj/HAL/src/alt_tick.o obj/HAL/src/alt_times.o obj/HAL/src/alt_uncached_free.o obj/HAL/src/alt_uncached_malloc.o obj/HAL/src/alt_unlink.o obj/HAL/src/alt_usleep.o obj/HAL/src/alt_wait.o obj/HAL/src/alt_write.o obj/HAL/src/altera_nios2_gen2_irq.o obj/HAL/src/crt0.o obj/alt_sys_init.o obj/drivers/src/altera_avalon_jtag_uart_fd.o obj/drivers/src/altera_avalon_jtag_uart_init.o obj/drivers/src/altera_avalon_jtag_uart_ioctl.o obj/drivers/src/altera_avalon_jtag_uart_read.o obj/drivers/src/altera_avalon_jtag_uart_write.o obj/drivers/src/altera_avalon_spi.o obj/drivers/src/altera_avalon_sysid_qsys.o obj/drivers/src/altera_avalon_timer_sc.o obj/drivers/src/altera_avalon_timer_ts.o obj/drivers/src/altera_avalon_timer_vars.o
[BSP build complete]
Info: Compiling hello_world_small.c to obj/default/hello_world_small.o
nios2-elf-gcc.exe -xc -MP -MMD -c -Ic:/Users/guan-ming.dennis-won/Documents/Code/SPI_4_Wire_Serial_Intel_FPGA_IP/software/NIOS_Project_Small_bsp//HAL/inc -Ic:/Users/guan-ming.dennis-won/Documents/Code/SPI_4_Wire_Serial_Intel_FPGA_IP/software/NIOS_Project_Small_bsp/ -Ic:/Users/guan-ming.dennis-won/Documents/Code/SPI_4_Wire_Serial_Intel_FPGA_IP/software/NIOS_Project_Small_bsp//drivers/inc  -pipe -D__hal__ -DALT_NO_C_PLUS_PLUS -DALT_NO_CLEAN_EXIT -D'exit(a)=_exit(a)' -DALT_NO_EXIT -DALT_USE_DIRECT_DRIVERS -DALT_NO_INSTRUCTION_EMULATION -DALT_USE_SMALL_DRIVERS -DSMALL_C_LIB -DALT_SINGLE_THREADED    -Os -g -Wall   -mno-hw-div -mno-hw-div -mno-hw-mul -mno-hw-mulx -mgpopt=global  -o "obj/default/hello_world_small.o" "hello_world_small.c"
hello_world_small.c: In function 'main':
hello_world_small.c:28:27: warning: unused variable 'invert_me' [-Wunused-variable]
   28 |   static volatile uint8_t invert_me = 1;
      |                           ^~~~~~~~~
hello_world_small.c:27:11: warning: unused variable 'out' [-Wunused-variable]
   27 |   uint8_t out = 0;
      |           ^~~
Info: Compiling imported_source/TENCL040_ESC.c to obj/default/imported_source/TENCL040_ESC.o
nios2-elf-gcc.exe -xc -MP -MMD -c -Ic:/Users/guan-ming.dennis-won/Documents/Code/SPI_4_Wire_Serial_Intel_FPGA_IP/software/NIOS_Project_Small_bsp//HAL/inc -Ic:/Users/guan-ming.dennis-won/Documents/Code/SPI_4_Wire_Serial_Intel_FPGA_IP/software/NIOS_Project_Small_bsp/ -Ic:/Users/guan-ming.dennis-won/Documents/Code/SPI_4_Wire_Serial_Intel_FPGA_IP/software/NIOS_Project_Small_bsp//drivers/inc  -pipe -D__hal__ -DALT_NO_C_PLUS_PLUS -DALT_NO_CLEAN_EXIT -D'exit(a)=_exit(a)' -DALT_NO_EXIT -DALT_USE_DIRECT_DRIVERS -DALT_NO_INSTRUCTION_EMULATION -DALT_USE_SMALL_DRIVERS -DSMALL_C_LIB -DALT_SINGLE_THREADED    -Os -g -Wall   -mno-hw-div -mno-hw-div -mno-hw-mul -mno-hw-mulx -mgpopt=global  -o "obj/default/imported_source/TENCL040_ESC.o" "imported_source/TENCL040_ESC.c"
imported_source/TENCL040_ESC.c: In function 'APPL_InputMapping':
imported_source/TENCL040_ESC.c:360:33: warning: case label value exceeds maximum value for type [-Wswitch-outside-range]
  360 |                                 case 0x1A010:
      |                                 ^~~~
imported_source/TENCL040_ESC.c: In function 'APPL_GetDeviceID':
imported_source/TENCL040_ESC.c:449:6: warning: #warning "Implement explicit Device ID latching" [-Wcpp]
  449 |     #warning "Implement explicit Device ID latching"
      |      ^~~~~~~
Info: Compiling imported_source/ax58100_hw.c to obj/default/imported_source/ax58100_hw.o
nios2-elf-gcc.exe -xc -MP -MMD -c -Ic:/Users/guan-ming.dennis-won/Documents/Code/SPI_4_Wire_Serial_Intel_FPGA_IP/software/NIOS_Project_Small_bsp//HAL/inc -Ic:/Users/guan-ming.dennis-won/Documents/Code/SPI_4_Wire_Serial_Intel_FPGA_IP/software/NIOS_Project_Small_bsp/ -Ic:/Users/guan-ming.dennis-won/Documents/Code/SPI_4_Wire_Serial_Intel_FPGA_IP/software/NIOS_Project_Small_bsp//drivers/inc  -pipe -D__hal__ -DALT_NO_C_PLUS_PLUS -DALT_NO_CLEAN_EXIT -D'exit(a)=_exit(a)' -DALT_NO_EXIT -DALT_USE_DIRECT_DRIVERS -DALT_NO_INSTRUCTION_EMULATION -DALT_USE_SMALL_DRIVERS -DSMALL_C_LIB -DALT_SINGLE_THREADED    -Os -g -Wall   -mno-hw-div -mno-hw-div -mno-hw-mul -mno-hw-mulx -mgpopt=global  -o "obj/default/imported_source/ax58100_hw.o" "imported_source/ax58100_hw.c"
imported_source/ax58100_hw.c: In function 'HW_SPI_Read':
imported_source/ax58100_hw.c:169:25: warning: unused variable 'spi_check' [-Wunused-variable]
  169 |                 uint8_t spi_check =  spi_transmit_receive(ESC_SPI_BASE, 0,
      |                         ^~~~~~~~~
imported_source/ax58100_hw.c: In function 'HW_SPI_Write':
imported_source/ax58100_hw.c:259:25: warning: unused variable 'spi_check' [-Wunused-variable]
  259 |                 uint8_t spi_check =  spi_transmit_receive(ESC_SPI_BASE, 0,
      |                         ^~~~~~~~~
imported_source/ax58100_hw.c: In function 'HW_Init':
imported_source/ax58100_hw.c:333:9: warning: implicit declaration of function 'init_exti0_it' [-Wimplicit-function-declaration]
  333 |         init_exti0_it();
      |         ^~~~~~~~~~~~~
imported_source/ax58100_hw.c: At top level:
imported_source/ax58100_hw.c:61:16: warning: 'HW_SPI_TransmitReceive' defined but not used [-Wunused-function]
   61 | static int32_t HW_SPI_TransmitReceive(uint8_t* pTxData, uint8_t* pRxData,
      |                ^~~~~~~~~~~~~~~~~~~~~~
Info: Compiling imported_source/coeappl.c to obj/default/imported_source/coeappl.o
nios2-elf-gcc.exe -xc -MP -MMD -c -Ic:/Users/guan-ming.dennis-won/Documents/Code/SPI_4_Wire_Serial_Intel_FPGA_IP/software/NIOS_Project_Small_bsp//HAL/inc -Ic:/Users/guan-ming.dennis-won/Documents/Code/SPI_4_Wire_Serial_Intel_FPGA_IP/software/NIOS_Project_Small_bsp/ -Ic:/Users/guan-ming.dennis-won/Documents/Code/SPI_4_Wire_Serial_Intel_FPGA_IP/software/NIOS_Project_Small_bsp//drivers/inc  -pipe -D__hal__ -DALT_NO_C_PLUS_PLUS -DALT_NO_CLEAN_EXIT -D'exit(a)=_exit(a)' -DALT_NO_EXIT -DALT_USE_DIRECT_DRIVERS -DALT_NO_INSTRUCTION_EMULATION -DALT_USE_SMALL_DRIVERS -DSMALL_C_LIB -DALT_SINGLE_THREADED    -Os -g -Wall   -mno-hw-div -mno-hw-div -mno-hw-mul -mno-hw-mulx -mgpopt=global  -o "obj/default/imported_source/coeappl.o" "imported_source/coeappl.c"
imported_source/coeappl.c: In function 'COE_ObjDictionaryInit':
imported_source/coeappl.c:882:26: warning: the comparison will always evaluate as 'true' for the address of 'ApplicationObjDic' will never be NULL [-Waddress]
  882 |     if(ApplicationObjDic != NULL)
      |                          ^~
In file included from imported_source/../imported_source/TENCL040_ESC.h:41,
                 from imported_source/coeappl.c:132:
imported_source/../imported_source/TENCL040_ESCObjects.h:2437:19: note: 'ApplicationObjDic' declared here
 2437 | TOBJECT    OBJMEM ApplicationObjDic[] = {
      |                   ^~~~~~~~~~~~~~~~~
Info: Compiling imported_source/ecatappl.c to obj/default/imported_source/ecatappl.o
nios2-elf-gcc.exe -xc -MP -MMD -c -Ic:/Users/guan-ming.dennis-won/Documents/Code/SPI_4_Wire_Serial_Intel_FPGA_IP/software/NIOS_Project_Small_bsp//HAL/inc -Ic:/Users/guan-ming.dennis-won/Documents/Code/SPI_4_Wire_Serial_Intel_FPGA_IP/software/NIOS_Project_Small_bsp/ -Ic:/Users/guan-ming.dennis-won/Documents/Code/SPI_4_Wire_Serial_Intel_FPGA_IP/software/NIOS_Project_Small_bsp//drivers/inc  -pipe -D__hal__ -DALT_NO_C_PLUS_PLUS -DALT_NO_CLEAN_EXIT -D'exit(a)=_exit(a)' -DALT_NO_EXIT -DALT_USE_DIRECT_DRIVERS -DALT_NO_INSTRUCTION_EMULATION -DALT_USE_SMALL_DRIVERS -DSMALL_C_LIB -DALT_SINGLE_THREADED    -Os -g -Wall   -mno-hw-div -mno-hw-div -mno-hw-mul -mno-hw-mulx -mgpopt=global  -o "obj/default/imported_source/ecatappl.o" "imported_source/ecatappl.c"
Info: Compiling imported_source/ecatcoe.c to obj/default/imported_source/ecatcoe.o
nios2-elf-gcc.exe -xc -MP -MMD -c -Ic:/Users/guan-ming.dennis-won/Documents/Code/SPI_4_Wire_Serial_Intel_FPGA_IP/software/NIOS_Project_Small_bsp//HAL/inc -Ic:/Users/guan-ming.dennis-won/Documents/Code/SPI_4_Wire_Serial_Intel_FPGA_IP/software/NIOS_Project_Small_bsp/ -Ic:/Users/guan-ming.dennis-won/Documents/Code/SPI_4_Wire_Serial_Intel_FPGA_IP/software/NIOS_Project_Small_bsp//drivers/inc  -pipe -D__hal__ -DALT_NO_C_PLUS_PLUS -DALT_NO_CLEAN_EXIT -D'exit(a)=_exit(a)' -DALT_NO_EXIT -DALT_USE_DIRECT_DRIVERS -DALT_NO_INSTRUCTION_EMULATION -DALT_USE_SMALL_DRIVERS -DSMALL_C_LIB -DALT_SINGLE_THREADED    -Os -g -Wall   -mno-hw-div -mno-hw-div -mno-hw-mul -mno-hw-mulx -mgpopt=global  -o "obj/default/imported_source/ecatcoe.o" "imported_source/ecatcoe.c"
Info: Compiling imported_source/ecatslv.c to obj/default/imported_source/ecatslv.o
nios2-elf-gcc.exe -xc -MP -MMD -c -Ic:/Users/guan-ming.dennis-won/Documents/Code/SPI_4_Wire_Serial_Intel_FPGA_IP/software/NIOS_Project_Small_bsp//HAL/inc -Ic:/Users/guan-ming.dennis-won/Documents/Code/SPI_4_Wire_Serial_Intel_FPGA_IP/software/NIOS_Project_Small_bsp/ -Ic:/Users/guan-ming.dennis-won/Documents/Code/SPI_4_Wire_Serial_Intel_FPGA_IP/software/NIOS_Project_Small_bsp//drivers/inc  -pipe -D__hal__ -DALT_NO_C_PLUS_PLUS -DALT_NO_CLEAN_EXIT -D'exit(a)=_exit(a)' -DALT_NO_EXIT -DALT_USE_DIRECT_DRIVERS -DALT_NO_INSTRUCTION_EMULATION -DALT_USE_SMALL_DRIVERS -DSMALL_C_LIB -DALT_SINGLE_THREADED    -Os -g -Wall   -mno-hw-div -mno-hw-div -mno-hw-mul -mno-hw-mulx -mgpopt=global  -o "obj/default/imported_source/ecatslv.o" "imported_source/ecatslv.c"
Info: Compiling imported_source/mailbox.c to obj/default/imported_source/mailbox.o
nios2-elf-gcc.exe -xc -MP -MMD -c -Ic:/Users/guan-ming.dennis-won/Documents/Code/SPI_4_Wire_Serial_Intel_FPGA_IP/software/NIOS_Project_Small_bsp//HAL/inc -Ic:/Users/guan-ming.dennis-won/Documents/Code/SPI_4_Wire_Serial_Intel_FPGA_IP/software/NIOS_Project_Small_bsp/ -Ic:/Users/guan-ming.dennis-won/Documents/Code/SPI_4_Wire_Serial_Intel_FPGA_IP/software/NIOS_Project_Small_bsp//drivers/inc  -pipe -D__hal__ -DALT_NO_C_PLUS_PLUS -DALT_NO_CLEAN_EXIT -D'exit(a)=_exit(a)' -DALT_NO_EXIT -DALT_USE_DIRECT_DRIVERS -DALT_NO_INSTRUCTION_EMULATION -DALT_USE_SMALL_DRIVERS -DSMALL_C_LIB -DALT_SINGLE_THREADED    -Os -g -Wall   -mno-hw-div -mno-hw-div -mno-hw-mul -mno-hw-mulx -mgpopt=global  -o "obj/default/imported_source/mailbox.o" "imported_source/mailbox.c"
imported_source/mailbox.c: In function 'MBX_CheckAndCopyMailbox':
imported_source/mailbox.c:760:17: warning: array subscript 'TMBX[0]' is partly outside array bounds of 'unsigned char[10]' [-Warray-bounds]
  760 |             pMbx->MbxHeader.Length     = 4;
      |                 ^~
In file included from imported_source/mailbox.c:138:
imported_source/../imported_source/ecat_def.h:776:51: note: object of size 10 allocated by 'malloc'
  776 | #define APPL_AllocMailboxBuffer(size)             malloc((size))
      |                                                   ^~~~~~~~~~~~~~
imported_source/mailbox.c:753:45: note: in expansion of macro 'APPL_AllocMailboxBuffer'
  753 |         TMBX MBXMEM *pMbx = (TMBX MBXMEM *) APPL_AllocMailboxBuffer(10); /* a mailbox error datagram length*/
      |                                             ^~~~~~~~~~~~~~~~~~~~~~~
imported_source/mailbox.c:762:17: warning: array subscript 'TMBX[0]' is partly outside array bounds of 'unsigned char[10]' [-Warray-bounds]
  762 |             pMbx->Data[0]                        = SWAPWORD(MBXSERVICE_MBXERRORCMD);
      |                 ^~
imported_source/../imported_source/ecat_def.h:776:51: note: object of size 10 allocated by 'malloc'
  776 | #define APPL_AllocMailboxBuffer(size)             malloc((size))
      |                                                   ^~~~~~~~~~~~~~
imported_source/mailbox.c:753:45: note: in expansion of macro 'APPL_AllocMailboxBuffer'
  753 |         TMBX MBXMEM *pMbx = (TMBX MBXMEM *) APPL_AllocMailboxBuffer(10); /* a mailbox error datagram length*/
      |                                             ^~~~~~~~~~~~~~~~~~~~~~~
imported_source/mailbox.c:763:17: warning: array subscript 'TMBX[0]' is partly outside array bounds of 'unsigned char[10]' [-Warray-bounds]
  763 |             pMbx->Data[1]                        = SWAPWORD(MBXERR_NOMOREMEMORY);
      |                 ^~
imported_source/../imported_source/ecat_def.h:776:51: note: object of size 10 allocated by 'malloc'
  776 | #define APPL_AllocMailboxBuffer(size)             malloc((size))
      |                                                   ^~~~~~~~~~~~~~
imported_source/mailbox.c:753:45: note: in expansion of macro 'APPL_AllocMailboxBuffer'
  753 |         TMBX MBXMEM *pMbx = (TMBX MBXMEM *) APPL_AllocMailboxBuffer(10); /* a mailbox error datagram length*/
      |                                             ^~~~~~~~~~~~~~~~~~~~~~~
Info: Compiling imported_source/objdef.c to obj/default/imported_source/objdef.o
nios2-elf-gcc.exe -xc -MP -MMD -c -Ic:/Users/guan-ming.dennis-won/Documents/Code/SPI_4_Wire_Serial_Intel_FPGA_IP/software/NIOS_Project_Small_bsp//HAL/inc -Ic:/Users/guan-ming.dennis-won/Documents/Code/SPI_4_Wire_Serial_Intel_FPGA_IP/software/NIOS_Project_Small_bsp/ -Ic:/Users/guan-ming.dennis-won/Documents/Code/SPI_4_Wire_Serial_Intel_FPGA_IP/software/NIOS_Project_Small_bsp//drivers/inc  -pipe -D__hal__ -DALT_NO_C_PLUS_PLUS -DALT_NO_CLEAN_EXIT -D'exit(a)=_exit(a)' -DALT_NO_EXIT -DALT_USE_DIRECT_DRIVERS -DALT_NO_INSTRUCTION_EMULATION -DALT_USE_SMALL_DRIVERS -DSMALL_C_LIB -DALT_SINGLE_THREADED    -Os -g -Wall   -mno-hw-div -mno-hw-div -mno-hw-mul -mno-hw-mulx -mgpopt=global  -o "obj/default/imported_source/objdef.o" "imported_source/objdef.c"
Info: Compiling imported_source/sdoserv.c to obj/default/imported_source/sdoserv.o
nios2-elf-gcc.exe -xc -MP -MMD -c -Ic:/Users/guan-ming.dennis-won/Documents/Code/SPI_4_Wire_Serial_Intel_FPGA_IP/software/NIOS_Project_Small_bsp//HAL/inc -Ic:/Users/guan-ming.dennis-won/Documents/Code/SPI_4_Wire_Serial_Intel_FPGA_IP/software/NIOS_Project_Small_bsp/ -Ic:/Users/guan-ming.dennis-won/Documents/Code/SPI_4_Wire_Serial_Intel_FPGA_IP/software/NIOS_Project_Small_bsp//drivers/inc  -pipe -D__hal__ -DALT_NO_C_PLUS_PLUS -DALT_NO_CLEAN_EXIT -D'exit(a)=_exit(a)' -DALT_NO_EXIT -DALT_USE_DIRECT_DRIVERS -DALT_NO_INSTRUCTION_EMULATION -DALT_USE_SMALL_DRIVERS -DSMALL_C_LIB -DALT_SINGLE_THREADED    -Os -g -Wall   -mno-hw-div -mno-hw-div -mno-hw-mul -mno-hw-mulx -mgpopt=global  -o "obj/default/imported_source/sdoserv.o" "imported_source/sdoserv.c"
Info: Compiling nios_it/nios_it.c to obj/default/nios_it/nios_it.o
nios2-elf-gcc.exe -xc -MP -MMD -c -Ic:/Users/guan-ming.dennis-won/Documents/Code/SPI_4_Wire_Serial_Intel_FPGA_IP/software/NIOS_Project_Small_bsp//HAL/inc -Ic:/Users/guan-ming.dennis-won/Documents/Code/SPI_4_Wire_Serial_Intel_FPGA_IP/software/NIOS_Project_Small_bsp/ -Ic:/Users/guan-ming.dennis-won/Documents/Code/SPI_4_Wire_Serial_Intel_FPGA_IP/software/NIOS_Project_Small_bsp//drivers/inc  -pipe -D__hal__ -DALT_NO_C_PLUS_PLUS -DALT_NO_CLEAN_EXIT -D'exit(a)=_exit(a)' -DALT_NO_EXIT -DALT_USE_DIRECT_DRIVERS -DALT_NO_INSTRUCTION_EMULATION -DALT_USE_SMALL_DRIVERS -DSMALL_C_LIB -DALT_SINGLE_THREADED    -Os -g -Wall   -mno-hw-div -mno-hw-div -mno-hw-mul -mno-hw-mulx -mgpopt=global  -o "obj/default/nios_it/nios_it.o" "nios_it/nios_it.c"
nios_it/nios_it.c: In function 'exti0_isr':
nios_it/nios_it.c:18:10: warning: implicit declaration of function 'PDI_Isr' [-Wimplicit-function-declaration]
   18 |          PDI_Isr();
      |          ^~~~~~~
nios_it/nios_it.c:24:10: warning: implicit declaration of function 'printf' [-Wimplicit-function-declaration]
   24 |          printf("Called ISR!\n");
      |          ^~~~~~
nios_it/nios_it.c:11:1: note: include '<stdio.h>' or provide a declaration of 'printf'
   10 | #include "../peripheral/peripheral_linker.h"  // Include the linker header file with peripheral definitions
  +++ |+#include <stdio.h>
   11 | 
nios_it/nios_it.c:24:10: warning: incompatible implicit declaration of built-in function 'printf' [-Wbuiltin-declaration-mismatch]
   24 |          printf("Called ISR!\n");
      |          ^~~~~~
nios_it/nios_it.c:24:10: note: include '<stdio.h>' or provide a declaration of 'printf'
Info: Compiling peripheral/peripheral_linker.c to obj/default/peripheral/peripheral_linker.o
nios2-elf-gcc.exe -xc -MP -MMD -c -Ic:/Users/guan-ming.dennis-won/Documents/Code/SPI_4_Wire_Serial_Intel_FPGA_IP/software/NIOS_Project_Small_bsp//HAL/inc -Ic:/Users/guan-ming.dennis-won/Documents/Code/SPI_4_Wire_Serial_Intel_FPGA_IP/software/NIOS_Project_Small_bsp/ -Ic:/Users/guan-ming.dennis-won/Documents/Code/SPI_4_Wire_Serial_Intel_FPGA_IP/software/NIOS_Project_Small_bsp//drivers/inc  -pipe -D__hal__ -DALT_NO_C_PLUS_PLUS -DALT_NO_CLEAN_EXIT -D'exit(a)=_exit(a)' -DALT_NO_EXIT -DALT_USE_DIRECT_DRIVERS -DALT_NO_INSTRUCTION_EMULATION -DALT_USE_SMALL_DRIVERS -DSMALL_C_LIB -DALT_SINGLE_THREADED    -Os -g -Wall   -mno-hw-div -mno-hw-div -mno-hw-mul -mno-hw-mulx -mgpopt=global  -o "obj/default/peripheral/peripheral_linker.o" "peripheral/peripheral_linker.c"
peripheral/peripheral_linker.c: In function 'delay_ms':
peripheral/peripheral_linker.c:8:5: warning: implicit declaration of function 'usleep' [-Wimplicit-function-declaration]
    8 |     usleep(milliseconds * 1000);  // Convert to microseconds
      |     ^~~~~~
peripheral/peripheral_linker.c: In function 'adc_init':
peripheral/peripheral_linker.c:16:13: warning: variable 'spi_check' set but not used [-Wunused-but-set-variable]
   16 |         int spi_check = -1;
      |             ^~~~~~~~~
peripheral/peripheral_linker.c: In function 'adc_init_spi_transmit_receive':
peripheral/peripheral_linker.c:160:13: warning: variable 'spi_check' set but not used [-Wunused-but-set-variable]
  160 |         int spi_check = -1;
      |             ^~~~~~~~~
peripheral/peripheral_linker.c: In function 'spi_transmit_receive':
peripheral/peripheral_linker.c:347:19: warning: implicit declaration of function 'printf' [-Wimplicit-function-declaration]
  347 |                   printf("error!");
      |                   ^~~~~~
peripheral/peripheral_linker.c:2:1: note: include '<stdio.h>' or provide a declaration of 'printf'
    1 | #include "peripheral_linker.h"  // Include the linker header file with peripheral definitions
  +++ |+#include <stdio.h>
    2 | #include "system.h"
peripheral/peripheral_linker.c:347:19: warning: incompatible implicit declaration of built-in function 'printf' [-Wbuiltin-declaration-mismatch]
  347 |                   printf("error!");
      |                   ^~~~~~
peripheral/peripheral_linker.c:347:19: note: include '<stdio.h>' or provide a declaration of 'printf'
Info: Linking NIOS_Project_Small.elf
nios2-elf-g++.exe  -T'c:/Users/guan-ming.dennis-won/Documents/Code/SPI_4_Wire_Serial_Intel_FPGA_IP/software/NIOS_Project_Small_bsp//linker.x' -msys-crt0='c:/Users/guan-ming.dennis-won/Documents/Code/SPI_4_Wire_Serial_Intel_FPGA_IP/software/NIOS_Project_Small_bsp//obj/HAL/src/crt0.o' -msys-lib=hal_bsp -Lc:/Users/guan-ming.dennis-won/Documents/Code/SPI_4_Wire_Serial_Intel_FPGA_IP/software/NIOS_Project_Small_bsp/  -msmallc  -Wl,-Map=NIOS_Project_Small.map   -Os -g -Wall   -mno-hw-div -mno-hw-div -mno-hw-mul -mno-hw-mulx -mgpopt=global  -o NIOS_Project_Small.elf obj/default/hello_world_small.o obj/default/imported_source/TENCL040_ESC.o obj/default/imported_source/ax58100_hw.o obj/default/imported_source/coeappl.o obj/default/imported_source/ecatappl.o obj/default/imported_source/ecatcoe.o obj/default/imported_source/ecatslv.o obj/default/imported_source/mailbox.o obj/default/imported_source/objdef.o obj/default/imported_source/sdoserv.o obj/default/nios_it/nios_it.o obj/default/peripheral/peripheral_linker.o -lm -msys-lib=m
nios2-elf-insert.exe NIOS_Project_Small.elf --thread_model hal --cpu_name NIOS --qsys true --simulation_enabled false --id 39011 --sidp 0x410e0 --timestamp 1749793232 --stderr_dev DEBUG --stdin_dev DEBUG --stdout_dev DEBUG --sopc_system_name spi_platform_designer --quartus_project_dir "c:/Users/guan-ming.dennis-won/Documents/Code/SPI_4_Wire_Serial_Intel_FPGA_IP" --jdi ../..//output_files/spi.jdi --sopcinfo C:/Users/guan-ming.dennis-won/Documents/Code/SPI_4_Wire_Serial_Intel_FPGA_IP/spi_platform_designer.sopcinfo
Info: (NIOS_Project_Small.elf) 41 KBytes program size (code + initialized data).
Info:                          35 KBytes free for stack + heap.
Info: Creating NIOS_Project_Small.objdump
nios2-elf-objdump.exe --disassemble --syms --all-header --source NIOS_Project_Small.elf >NIOS_Project_Small.objdump
[NIOS_Project_Small build complete]
14:12:03 **** Clean-only build of configuration Nios II for project NIOS_Project_Small ****
wsl make clean 
[NIOS_Project_Small clean complete]
14:12:03 **** Build of configuration Nios II for project NIOS_Project_Small ****
wsl make all 
Info: Building /mnt/c/Users/guan-ming.dennis-won/Documents/Code/SPI_4_Wire_Serial_Intel_FPGA_IP/software/NIOS_Project_Small_bsp/
make --no-print-directory -C /mnt/c/Users/guan-ming.dennis-won/Documents/Code/SPI_4_Wire_Serial_Intel_FPGA_IP/software/NIOS_Project_Small_bsp/
[BSP build complete]
Info: Compiling hello_world_small.c to obj/default/hello_world_small.o
nios2-elf-gcc.exe -xc -MP -MMD -c -Ic:/Users/guan-ming.dennis-won/Documents/Code/SPI_4_Wire_Serial_Intel_FPGA_IP/software/NIOS_Project_Small_bsp//HAL/inc -Ic:/Users/guan-ming.dennis-won/Documents/Code/SPI_4_Wire_Serial_Intel_FPGA_IP/software/NIOS_Project_Small_bsp/ -Ic:/Users/guan-ming.dennis-won/Documents/Code/SPI_4_Wire_Serial_Intel_FPGA_IP/software/NIOS_Project_Small_bsp//drivers/inc  -pipe -D__hal__ -DALT_NO_C_PLUS_PLUS -DALT_NO_CLEAN_EXIT -D'exit(a)=_exit(a)' -DALT_NO_EXIT -DALT_USE_DIRECT_DRIVERS -DALT_NO_INSTRUCTION_EMULATION -DALT_USE_SMALL_DRIVERS -DSMALL_C_LIB -DALT_SINGLE_THREADED    -Os -g -Wall   -mno-hw-div -mno-hw-div -mno-hw-mul -mno-hw-mulx -mgpopt=global  -o "obj/default/hello_world_small.o" "hello_world_small.c"
hello_world_small.c: In function 'main':
hello_world_small.c:28:27: warning: unused variable 'invert_me' [-Wunused-variable]
   28 |   static volatile uint8_t invert_me = 1;
      |                           ^~~~~~~~~
hello_world_small.c:27:11: warning: unused variable 'out' [-Wunused-variable]
   27 |   uint8_t out = 0;
      |           ^~~
Info: Compiling imported_source/TENCL040_ESC.c to obj/default/imported_source/TENCL040_ESC.o
nios2-elf-gcc.exe -xc -MP -MMD -c -Ic:/Users/guan-ming.dennis-won/Documents/Code/SPI_4_Wire_Serial_Intel_FPGA_IP/software/NIOS_Project_Small_bsp//HAL/inc -Ic:/Users/guan-ming.dennis-won/Documents/Code/SPI_4_Wire_Serial_Intel_FPGA_IP/software/NIOS_Project_Small_bsp/ -Ic:/Users/guan-ming.dennis-won/Documents/Code/SPI_4_Wire_Serial_Intel_FPGA_IP/software/NIOS_Project_Small_bsp//drivers/inc  -pipe -D__hal__ -DALT_NO_C_PLUS_PLUS -DALT_NO_CLEAN_EXIT -D'exit(a)=_exit(a)' -DALT_NO_EXIT -DALT_USE_DIRECT_DRIVERS -DALT_NO_INSTRUCTION_EMULATION -DALT_USE_SMALL_DRIVERS -DSMALL_C_LIB -DALT_SINGLE_THREADED    -Os -g -Wall   -mno-hw-div -mno-hw-div -mno-hw-mul -mno-hw-mulx -mgpopt=global  -o "obj/default/imported_source/TENCL040_ESC.o" "imported_source/TENCL040_ESC.c"
imported_source/TENCL040_ESC.c: In function 'APPL_InputMapping':
imported_source/TENCL040_ESC.c:360:33: warning: case label value exceeds maximum value for type [-Wswitch-outside-range]
  360 |                                 case 0x1A010:
      |                                 ^~~~
imported_source/TENCL040_ESC.c: In function 'APPL_GetDeviceID':
imported_source/TENCL040_ESC.c:449:6: warning: #warning "Implement explicit Device ID latching" [-Wcpp]
  449 |     #warning "Implement explicit Device ID latching"
      |      ^~~~~~~
Info: Compiling imported_source/ax58100_hw.c to obj/default/imported_source/ax58100_hw.o
nios2-elf-gcc.exe -xc -MP -MMD -c -Ic:/Users/guan-ming.dennis-won/Documents/Code/SPI_4_Wire_Serial_Intel_FPGA_IP/software/NIOS_Project_Small_bsp//HAL/inc -Ic:/Users/guan-ming.dennis-won/Documents/Code/SPI_4_Wire_Serial_Intel_FPGA_IP/software/NIOS_Project_Small_bsp/ -Ic:/Users/guan-ming.dennis-won/Documents/Code/SPI_4_Wire_Serial_Intel_FPGA_IP/software/NIOS_Project_Small_bsp//drivers/inc  -pipe -D__hal__ -DALT_NO_C_PLUS_PLUS -DALT_NO_CLEAN_EXIT -D'exit(a)=_exit(a)' -DALT_NO_EXIT -DALT_USE_DIRECT_DRIVERS -DALT_NO_INSTRUCTION_EMULATION -DALT_USE_SMALL_DRIVERS -DSMALL_C_LIB -DALT_SINGLE_THREADED    -Os -g -Wall   -mno-hw-div -mno-hw-div -mno-hw-mul -mno-hw-mulx -mgpopt=global  -o "obj/default/imported_source/ax58100_hw.o" "imported_source/ax58100_hw.c"
imported_source/ax58100_hw.c: In function 'HW_SPI_Read':
imported_source/ax58100_hw.c:169:25: warning: unused variable 'spi_check' [-Wunused-variable]
  169 |                 uint8_t spi_check =  spi_transmit_receive(ESC_SPI_BASE, 0,
      |                         ^~~~~~~~~
imported_source/ax58100_hw.c: In function 'HW_SPI_Write':
imported_source/ax58100_hw.c:259:25: warning: unused variable 'spi_check' [-Wunused-variable]
  259 |                 uint8_t spi_check =  spi_transmit_receive(ESC_SPI_BASE, 0,
      |                         ^~~~~~~~~
imported_source/ax58100_hw.c: In function 'HW_Init':
imported_source/ax58100_hw.c:333:9: warning: implicit declaration of function 'init_exti0_it' [-Wimplicit-function-declaration]
  333 |         init_exti0_it();
      |         ^~~~~~~~~~~~~
imported_source/ax58100_hw.c: At top level:
imported_source/ax58100_hw.c:61:16: warning: 'HW_SPI_TransmitReceive' defined but not used [-Wunused-function]
   61 | static int32_t HW_SPI_TransmitReceive(uint8_t* pTxData, uint8_t* pRxData,
      |                ^~~~~~~~~~~~~~~~~~~~~~
Info: Compiling imported_source/coeappl.c to obj/default/imported_source/coeappl.o
nios2-elf-gcc.exe -xc -MP -MMD -c -Ic:/Users/guan-ming.dennis-won/Documents/Code/SPI_4_Wire_Serial_Intel_FPGA_IP/software/NIOS_Project_Small_bsp//HAL/inc -Ic:/Users/guan-ming.dennis-won/Documents/Code/SPI_4_Wire_Serial_Intel_FPGA_IP/software/NIOS_Project_Small_bsp/ -Ic:/Users/guan-ming.dennis-won/Documents/Code/SPI_4_Wire_Serial_Intel_FPGA_IP/software/NIOS_Project_Small_bsp//drivers/inc  -pipe -D__hal__ -DALT_NO_C_PLUS_PLUS -DALT_NO_CLEAN_EXIT -D'exit(a)=_exit(a)' -DALT_NO_EXIT -DALT_USE_DIRECT_DRIVERS -DALT_NO_INSTRUCTION_EMULATION -DALT_USE_SMALL_DRIVERS -DSMALL_C_LIB -DALT_SINGLE_THREADED    -Os -g -Wall   -mno-hw-div -mno-hw-div -mno-hw-mul -mno-hw-mulx -mgpopt=global  -o "obj/default/imported_source/coeappl.o" "imported_source/coeappl.c"
imported_source/coeappl.c: In function 'COE_ObjDictionaryInit':
imported_source/coeappl.c:882:26: warning: the comparison will always evaluate as 'true' for the address of 'ApplicationObjDic' will never be NULL [-Waddress]
  882 |     if(ApplicationObjDic != NULL)
      |                          ^~
In file included from imported_source/../imported_source/TENCL040_ESC.h:41,
                 from imported_source/coeappl.c:132:
imported_source/../imported_source/TENCL040_ESCObjects.h:2437:19: note: 'ApplicationObjDic' declared here
 2437 | TOBJECT    OBJMEM ApplicationObjDic[] = {
      |                   ^~~~~~~~~~~~~~~~~
Info: Compiling imported_source/ecatappl.c to obj/default/imported_source/ecatappl.o
nios2-elf-gcc.exe -xc -MP -MMD -c -Ic:/Users/guan-ming.dennis-won/Documents/Code/SPI_4_Wire_Serial_Intel_FPGA_IP/software/NIOS_Project_Small_bsp//HAL/inc -Ic:/Users/guan-ming.dennis-won/Documents/Code/SPI_4_Wire_Serial_Intel_FPGA_IP/software/NIOS_Project_Small_bsp/ -Ic:/Users/guan-ming.dennis-won/Documents/Code/SPI_4_Wire_Serial_Intel_FPGA_IP/software/NIOS_Project_Small_bsp//drivers/inc  -pipe -D__hal__ -DALT_NO_C_PLUS_PLUS -DALT_NO_CLEAN_EXIT -D'exit(a)=_exit(a)' -DALT_NO_EXIT -DALT_USE_DIRECT_DRIVERS -DALT_NO_INSTRUCTION_EMULATION -DALT_USE_SMALL_DRIVERS -DSMALL_C_LIB -DALT_SINGLE_THREADED    -Os -g -Wall   -mno-hw-div -mno-hw-div -mno-hw-mul -mno-hw-mulx -mgpopt=global  -o "obj/default/imported_source/ecatappl.o" "imported_source/ecatappl.c"
Info: Compiling imported_source/ecatcoe.c to obj/default/imported_source/ecatcoe.o
nios2-elf-gcc.exe -xc -MP -MMD -c -Ic:/Users/guan-ming.dennis-won/Documents/Code/SPI_4_Wire_Serial_Intel_FPGA_IP/software/NIOS_Project_Small_bsp//HAL/inc -Ic:/Users/guan-ming.dennis-won/Documents/Code/SPI_4_Wire_Serial_Intel_FPGA_IP/software/NIOS_Project_Small_bsp/ -Ic:/Users/guan-ming.dennis-won/Documents/Code/SPI_4_Wire_Serial_Intel_FPGA_IP/software/NIOS_Project_Small_bsp//drivers/inc  -pipe -D__hal__ -DALT_NO_C_PLUS_PLUS -DALT_NO_CLEAN_EXIT -D'exit(a)=_exit(a)' -DALT_NO_EXIT -DALT_USE_DIRECT_DRIVERS -DALT_NO_INSTRUCTION_EMULATION -DALT_USE_SMALL_DRIVERS -DSMALL_C_LIB -DALT_SINGLE_THREADED    -Os -g -Wall   -mno-hw-div -mno-hw-div -mno-hw-mul -mno-hw-mulx -mgpopt=global  -o "obj/default/imported_source/ecatcoe.o" "imported_source/ecatcoe.c"
Info: Compiling imported_source/ecatslv.c to obj/default/imported_source/ecatslv.o
nios2-elf-gcc.exe -xc -MP -MMD -c -Ic:/Users/guan-ming.dennis-won/Documents/Code/SPI_4_Wire_Serial_Intel_FPGA_IP/software/NIOS_Project_Small_bsp//HAL/inc -Ic:/Users/guan-ming.dennis-won/Documents/Code/SPI_4_Wire_Serial_Intel_FPGA_IP/software/NIOS_Project_Small_bsp/ -Ic:/Users/guan-ming.dennis-won/Documents/Code/SPI_4_Wire_Serial_Intel_FPGA_IP/software/NIOS_Project_Small_bsp//drivers/inc  -pipe -D__hal__ -DALT_NO_C_PLUS_PLUS -DALT_NO_CLEAN_EXIT -D'exit(a)=_exit(a)' -DALT_NO_EXIT -DALT_USE_DIRECT_DRIVERS -DALT_NO_INSTRUCTION_EMULATION -DALT_USE_SMALL_DRIVERS -DSMALL_C_LIB -DALT_SINGLE_THREADED    -Os -g -Wall   -mno-hw-div -mno-hw-div -mno-hw-mul -mno-hw-mulx -mgpopt=global  -o "obj/default/imported_source/ecatslv.o" "imported_source/ecatslv.c"
Info: Compiling imported_source/mailbox.c to obj/default/imported_source/mailbox.o
nios2-elf-gcc.exe -xc -MP -MMD -c -Ic:/Users/guan-ming.dennis-won/Documents/Code/SPI_4_Wire_Serial_Intel_FPGA_IP/software/NIOS_Project_Small_bsp//HAL/inc -Ic:/Users/guan-ming.dennis-won/Documents/Code/SPI_4_Wire_Serial_Intel_FPGA_IP/software/NIOS_Project_Small_bsp/ -Ic:/Users/guan-ming.dennis-won/Documents/Code/SPI_4_Wire_Serial_Intel_FPGA_IP/software/NIOS_Project_Small_bsp//drivers/inc  -pipe -D__hal__ -DALT_NO_C_PLUS_PLUS -DALT_NO_CLEAN_EXIT -D'exit(a)=_exit(a)' -DALT_NO_EXIT -DALT_USE_DIRECT_DRIVERS -DALT_NO_INSTRUCTION_EMULATION -DALT_USE_SMALL_DRIVERS -DSMALL_C_LIB -DALT_SINGLE_THREADED    -Os -g -Wall   -mno-hw-div -mno-hw-div -mno-hw-mul -mno-hw-mulx -mgpopt=global  -o "obj/default/imported_source/mailbox.o" "imported_source/mailbox.c"
imported_source/mailbox.c: In function 'MBX_CheckAndCopyMailbox':
imported_source/mailbox.c:760:17: warning: array subscript 'TMBX[0]' is partly outside array bounds of 'unsigned char[10]' [-Warray-bounds]
  760 |             pMbx->MbxHeader.Length     = 4;
      |                 ^~
In file included from imported_source/mailbox.c:138:
imported_source/../imported_source/ecat_def.h:776:51: note: object of size 10 allocated by 'malloc'
  776 | #define APPL_AllocMailboxBuffer(size)             malloc((size))
      |                                                   ^~~~~~~~~~~~~~
imported_source/mailbox.c:753:45: note: in expansion of macro 'APPL_AllocMailboxBuffer'
  753 |         TMBX MBXMEM *pMbx = (TMBX MBXMEM *) APPL_AllocMailboxBuffer(10); /* a mailbox error datagram length*/
      |                                             ^~~~~~~~~~~~~~~~~~~~~~~
imported_source/mailbox.c:762:17: warning: array subscript 'TMBX[0]' is partly outside array bounds of 'unsigned char[10]' [-Warray-bounds]
  762 |             pMbx->Data[0]                        = SWAPWORD(MBXSERVICE_MBXERRORCMD);
      |                 ^~
imported_source/../imported_source/ecat_def.h:776:51: note: object of size 10 allocated by 'malloc'
  776 | #define APPL_AllocMailboxBuffer(size)             malloc((size))
      |                                                   ^~~~~~~~~~~~~~
imported_source/mailbox.c:753:45: note: in expansion of macro 'APPL_AllocMailboxBuffer'
  753 |         TMBX MBXMEM *pMbx = (TMBX MBXMEM *) APPL_AllocMailboxBuffer(10); /* a mailbox error datagram length*/
      |                                             ^~~~~~~~~~~~~~~~~~~~~~~
imported_source/mailbox.c:763:17: warning: array subscript 'TMBX[0]' is partly outside array bounds of 'unsigned char[10]' [-Warray-bounds]
  763 |             pMbx->Data[1]                        = SWAPWORD(MBXERR_NOMOREMEMORY);
      |                 ^~
imported_source/../imported_source/ecat_def.h:776:51: note: object of size 10 allocated by 'malloc'
  776 | #define APPL_AllocMailboxBuffer(size)             malloc((size))
      |                                                   ^~~~~~~~~~~~~~
imported_source/mailbox.c:753:45: note: in expansion of macro 'APPL_AllocMailboxBuffer'
  753 |         TMBX MBXMEM *pMbx = (TMBX MBXMEM *) APPL_AllocMailboxBuffer(10); /* a mailbox error datagram length*/
      |                                             ^~~~~~~~~~~~~~~~~~~~~~~
Info: Compiling imported_source/objdef.c to obj/default/imported_source/objdef.o
nios2-elf-gcc.exe -xc -MP -MMD -c -Ic:/Users/guan-ming.dennis-won/Documents/Code/SPI_4_Wire_Serial_Intel_FPGA_IP/software/NIOS_Project_Small_bsp//HAL/inc -Ic:/Users/guan-ming.dennis-won/Documents/Code/SPI_4_Wire_Serial_Intel_FPGA_IP/software/NIOS_Project_Small_bsp/ -Ic:/Users/guan-ming.dennis-won/Documents/Code/SPI_4_Wire_Serial_Intel_FPGA_IP/software/NIOS_Project_Small_bsp//drivers/inc  -pipe -D__hal__ -DALT_NO_C_PLUS_PLUS -DALT_NO_CLEAN_EXIT -D'exit(a)=_exit(a)' -DALT_NO_EXIT -DALT_USE_DIRECT_DRIVERS -DALT_NO_INSTRUCTION_EMULATION -DALT_USE_SMALL_DRIVERS -DSMALL_C_LIB -DALT_SINGLE_THREADED    -Os -g -Wall   -mno-hw-div -mno-hw-div -mno-hw-mul -mno-hw-mulx -mgpopt=global  -o "obj/default/imported_source/objdef.o" "imported_source/objdef.c"
Info: Compiling imported_source/sdoserv.c to obj/default/imported_source/sdoserv.o
nios2-elf-gcc.exe -xc -MP -MMD -c -Ic:/Users/guan-ming.dennis-won/Documents/Code/SPI_4_Wire_Serial_Intel_FPGA_IP/software/NIOS_Project_Small_bsp//HAL/inc -Ic:/Users/guan-ming.dennis-won/Documents/Code/SPI_4_Wire_Serial_Intel_FPGA_IP/software/NIOS_Project_Small_bsp/ -Ic:/Users/guan-ming.dennis-won/Documents/Code/SPI_4_Wire_Serial_Intel_FPGA_IP/software/NIOS_Project_Small_bsp//drivers/inc  -pipe -D__hal__ -DALT_NO_C_PLUS_PLUS -DALT_NO_CLEAN_EXIT -D'exit(a)=_exit(a)' -DALT_NO_EXIT -DALT_USE_DIRECT_DRIVERS -DALT_NO_INSTRUCTION_EMULATION -DALT_USE_SMALL_DRIVERS -DSMALL_C_LIB -DALT_SINGLE_THREADED    -Os -g -Wall   -mno-hw-div -mno-hw-div -mno-hw-mul -mno-hw-mulx -mgpopt=global  -o "obj/default/imported_source/sdoserv.o" "imported_source/sdoserv.c"
Info: Compiling nios_it/nios_it.c to obj/default/nios_it/nios_it.o
nios2-elf-gcc.exe -xc -MP -MMD -c -Ic:/Users/guan-ming.dennis-won/Documents/Code/SPI_4_Wire_Serial_Intel_FPGA_IP/software/NIOS_Project_Small_bsp//HAL/inc -Ic:/Users/guan-ming.dennis-won/Documents/Code/SPI_4_Wire_Serial_Intel_FPGA_IP/software/NIOS_Project_Small_bsp/ -Ic:/Users/guan-ming.dennis-won/Documents/Code/SPI_4_Wire_Serial_Intel_FPGA_IP/software/NIOS_Project_Small_bsp//drivers/inc  -pipe -D__hal__ -DALT_NO_C_PLUS_PLUS -DALT_NO_CLEAN_EXIT -D'exit(a)=_exit(a)' -DALT_NO_EXIT -DALT_USE_DIRECT_DRIVERS -DALT_NO_INSTRUCTION_EMULATION -DALT_USE_SMALL_DRIVERS -DSMALL_C_LIB -DALT_SINGLE_THREADED    -Os -g -Wall   -mno-hw-div -mno-hw-div -mno-hw-mul -mno-hw-mulx -mgpopt=global  -o "obj/default/nios_it/nios_it.o" "nios_it/nios_it.c"
nios_it/nios_it.c: In function 'exti0_isr':
nios_it/nios_it.c:18:10: warning: implicit declaration of function 'PDI_Isr' [-Wimplicit-function-declaration]
   18 |          PDI_Isr();
      |          ^~~~~~~
nios_it/nios_it.c:24:10: warning: implicit declaration of function 'printf' [-Wimplicit-function-declaration]
   24 |          printf("Called ISR!\n");
      |          ^~~~~~
nios_it/nios_it.c:11:1: note: include '<stdio.h>' or provide a declaration of 'printf'
   10 | #include "../peripheral/peripheral_linker.h"  // Include the linker header file with peripheral definitions
  +++ |+#include <stdio.h>
   11 | 
nios_it/nios_it.c:24:10: warning: incompatible implicit declaration of built-in function 'printf' [-Wbuiltin-declaration-mismatch]
   24 |          printf("Called ISR!\n");
      |          ^~~~~~
nios_it/nios_it.c:24:10: note: include '<stdio.h>' or provide a declaration of 'printf'
Info: Compiling peripheral/peripheral_linker.c to obj/default/peripheral/peripheral_linker.o
nios2-elf-gcc.exe -xc -MP -MMD -c -Ic:/Users/guan-ming.dennis-won/Documents/Code/SPI_4_Wire_Serial_Intel_FPGA_IP/software/NIOS_Project_Small_bsp//HAL/inc -Ic:/Users/guan-ming.dennis-won/Documents/Code/SPI_4_Wire_Serial_Intel_FPGA_IP/software/NIOS_Project_Small_bsp/ -Ic:/Users/guan-ming.dennis-won/Documents/Code/SPI_4_Wire_Serial_Intel_FPGA_IP/software/NIOS_Project_Small_bsp//drivers/inc  -pipe -D__hal__ -DALT_NO_C_PLUS_PLUS -DALT_NO_CLEAN_EXIT -D'exit(a)=_exit(a)' -DALT_NO_EXIT -DALT_USE_DIRECT_DRIVERS -DALT_NO_INSTRUCTION_EMULATION -DALT_USE_SMALL_DRIVERS -DSMALL_C_LIB -DALT_SINGLE_THREADED    -Os -g -Wall   -mno-hw-div -mno-hw-div -mno-hw-mul -mno-hw-mulx -mgpopt=global  -o "obj/default/peripheral/peripheral_linker.o" "peripheral/peripheral_linker.c"
peripheral/peripheral_linker.c: In function 'delay_ms':
peripheral/peripheral_linker.c:8:5: warning: implicit declaration of function 'usleep' [-Wimplicit-function-declaration]
    8 |     usleep(milliseconds * 1000);  // Convert to microseconds
      |     ^~~~~~
peripheral/peripheral_linker.c: In function 'adc_init':
peripheral/peripheral_linker.c:16:13: warning: variable 'spi_check' set but not used [-Wunused-but-set-variable]
   16 |         int spi_check = -1;
      |             ^~~~~~~~~
peripheral/peripheral_linker.c: In function 'adc_init_spi_transmit_receive':
peripheral/peripheral_linker.c:160:13: warning: variable 'spi_check' set but not used [-Wunused-but-set-variable]
  160 |         int spi_check = -1;
      |             ^~~~~~~~~
peripheral/peripheral_linker.c: In function 'spi_transmit_receive':
peripheral/peripheral_linker.c:347:19: warning: implicit declaration of function 'printf' [-Wimplicit-function-declaration]
  347 |                   printf("error!");
      |                   ^~~~~~
peripheral/peripheral_linker.c:2:1: note: include '<stdio.h>' or provide a declaration of 'printf'
    1 | #include "peripheral_linker.h"  // Include the linker header file with peripheral definitions
  +++ |+#include <stdio.h>
    2 | #include "system.h"
peripheral/peripheral_linker.c:347:19: warning: incompatible implicit declaration of built-in function 'printf' [-Wbuiltin-declaration-mismatch]
  347 |                   printf("error!");
      |                   ^~~~~~
peripheral/peripheral_linker.c:347:19: note: include '<stdio.h>' or provide a declaration of 'printf'
Info: Linking NIOS_Project_Small.elf
nios2-elf-g++.exe  -T'c:/Users/guan-ming.dennis-won/Documents/Code/SPI_4_Wire_Serial_Intel_FPGA_IP/software/NIOS_Project_Small_bsp//linker.x' -msys-crt0='c:/Users/guan-ming.dennis-won/Documents/Code/SPI_4_Wire_Serial_Intel_FPGA_IP/software/NIOS_Project_Small_bsp//obj/HAL/src/crt0.o' -msys-lib=hal_bsp -Lc:/Users/guan-ming.dennis-won/Documents/Code/SPI_4_Wire_Serial_Intel_FPGA_IP/software/NIOS_Project_Small_bsp/  -msmallc  -Wl,-Map=NIOS_Project_Small.map   -Os -g -Wall   -mno-hw-div -mno-hw-div -mno-hw-mul -mno-hw-mulx -mgpopt=global  -o NIOS_Project_Small.elf obj/default/hello_world_small.o obj/default/imported_source/TENCL040_ESC.o obj/default/imported_source/ax58100_hw.o obj/default/imported_source/coeappl.o obj/default/imported_source/ecatappl.o obj/default/imported_source/ecatcoe.o obj/default/imported_source/ecatslv.o obj/default/imported_source/mailbox.o obj/default/imported_source/objdef.o obj/default/imported_source/sdoserv.o obj/default/nios_it/nios_it.o obj/default/peripheral/peripheral_linker.o -lm -msys-lib=m
nios2-elf-insert.exe NIOS_Project_Small.elf --thread_model hal --cpu_name NIOS --qsys true --simulation_enabled false --id 39011 --sidp 0x410e0 --timestamp 1749793232 --stderr_dev DEBUG --stdin_dev DEBUG --stdout_dev DEBUG --sopc_system_name spi_platform_designer --quartus_project_dir "c:/Users/guan-ming.dennis-won/Documents/Code/SPI_4_Wire_Serial_Intel_FPGA_IP" --jdi ../..//output_files/spi.jdi --sopcinfo C:/Users/guan-ming.dennis-won/Documents/Code/SPI_4_Wire_Serial_Intel_FPGA_IP/spi_platform_designer.sopcinfo
Info: (NIOS_Project_Small.elf) 41 KBytes program size (code + initialized data).
Info:                          35 KBytes free for stack + heap.
Info: Creating NIOS_Project_Small.objdump
nios2-elf-objdump.exe --disassemble --syms --all-header --source NIOS_Project_Small.elf >NIOS_Project_Small.objdump
[NIOS_Project_Small build complete]
14:13:27 **** Clean-only build of configuration Nios II for project NIOS_Project_Small ****
wsl make clean 
[NIOS_Project_Small clean complete]
14:13:30 **** Build of configuration Nios II for project NIOS_Project_Small ****
wsl make all 
Info: Building /mnt/c/Users/guan-ming.dennis-won/Documents/Code/SPI_4_Wire_Serial_Intel_FPGA_IP/software/NIOS_Project_Small_bsp/
make --no-print-directory -C /mnt/c/Users/guan-ming.dennis-won/Documents/Code/SPI_4_Wire_Serial_Intel_FPGA_IP/software/NIOS_Project_Small_bsp/
[BSP build complete]
Info: Compiling hello_world_small.c to obj/default/hello_world_small.o
nios2-elf-gcc.exe -xc -MP -MMD -c -Ic:/Users/guan-ming.dennis-won/Documents/Code/SPI_4_Wire_Serial_Intel_FPGA_IP/software/NIOS_Project_Small_bsp//HAL/inc -Ic:/Users/guan-ming.dennis-won/Documents/Code/SPI_4_Wire_Serial_Intel_FPGA_IP/software/NIOS_Project_Small_bsp/ -Ic:/Users/guan-ming.dennis-won/Documents/Code/SPI_4_Wire_Serial_Intel_FPGA_IP/software/NIOS_Project_Small_bsp//drivers/inc  -pipe -D__hal__ -DALT_NO_C_PLUS_PLUS -DALT_NO_CLEAN_EXIT -D'exit(a)=_exit(a)' -DALT_NO_EXIT -DALT_USE_DIRECT_DRIVERS -DALT_NO_INSTRUCTION_EMULATION -DALT_USE_SMALL_DRIVERS -DSMALL_C_LIB -DALT_SINGLE_THREADED    -Os -g -Wall   -mno-hw-div -mno-hw-div -mno-hw-mul -mno-hw-mulx -mgpopt=global  -o "obj/default/hello_world_small.o" "hello_world_small.c"
hello_world_small.c: In function 'main':
hello_world_small.c:28:27: warning: unused variable 'invert_me' [-Wunused-variable]
   28 |   static volatile uint8_t invert_me = 1;
      |                           ^~~~~~~~~
hello_world_small.c:27:11: warning: unused variable 'out' [-Wunused-variable]
   27 |   uint8_t out = 0;
      |           ^~~
Info: Compiling imported_source/TENCL040_ESC.c to obj/default/imported_source/TENCL040_ESC.o
nios2-elf-gcc.exe -xc -MP -MMD -c -Ic:/Users/guan-ming.dennis-won/Documents/Code/SPI_4_Wire_Serial_Intel_FPGA_IP/software/NIOS_Project_Small_bsp//HAL/inc -Ic:/Users/guan-ming.dennis-won/Documents/Code/SPI_4_Wire_Serial_Intel_FPGA_IP/software/NIOS_Project_Small_bsp/ -Ic:/Users/guan-ming.dennis-won/Documents/Code/SPI_4_Wire_Serial_Intel_FPGA_IP/software/NIOS_Project_Small_bsp//drivers/inc  -pipe -D__hal__ -DALT_NO_C_PLUS_PLUS -DALT_NO_CLEAN_EXIT -D'exit(a)=_exit(a)' -DALT_NO_EXIT -DALT_USE_DIRECT_DRIVERS -DALT_NO_INSTRUCTION_EMULATION -DALT_USE_SMALL_DRIVERS -DSMALL_C_LIB -DALT_SINGLE_THREADED    -Os -g -Wall   -mno-hw-div -mno-hw-div -mno-hw-mul -mno-hw-mulx -mgpopt=global  -o "obj/default/imported_source/TENCL040_ESC.o" "imported_source/TENCL040_ESC.c"
imported_source/TENCL040_ESC.c: In function 'APPL_InputMapping':
imported_source/TENCL040_ESC.c:360:33: warning: case label value exceeds maximum value for type [-Wswitch-outside-range]
  360 |                                 case 0x1A010:
      |                                 ^~~~
imported_source/TENCL040_ESC.c: In function 'APPL_GetDeviceID':
imported_source/TENCL040_ESC.c:449:6: warning: #warning "Implement explicit Device ID latching" [-Wcpp]
  449 |     #warning "Implement explicit Device ID latching"
      |      ^~~~~~~
Info: Compiling imported_source/ax58100_hw.c to obj/default/imported_source/ax58100_hw.o
nios2-elf-gcc.exe -xc -MP -MMD -c -Ic:/Users/guan-ming.dennis-won/Documents/Code/SPI_4_Wire_Serial_Intel_FPGA_IP/software/NIOS_Project_Small_bsp//HAL/inc -Ic:/Users/guan-ming.dennis-won/Documents/Code/SPI_4_Wire_Serial_Intel_FPGA_IP/software/NIOS_Project_Small_bsp/ -Ic:/Users/guan-ming.dennis-won/Documents/Code/SPI_4_Wire_Serial_Intel_FPGA_IP/software/NIOS_Project_Small_bsp//drivers/inc  -pipe -D__hal__ -DALT_NO_C_PLUS_PLUS -DALT_NO_CLEAN_EXIT -D'exit(a)=_exit(a)' -DALT_NO_EXIT -DALT_USE_DIRECT_DRIVERS -DALT_NO_INSTRUCTION_EMULATION -DALT_USE_SMALL_DRIVERS -DSMALL_C_LIB -DALT_SINGLE_THREADED    -Os -g -Wall   -mno-hw-div -mno-hw-div -mno-hw-mul -mno-hw-mulx -mgpopt=global  -o "obj/default/imported_source/ax58100_hw.o" "imported_source/ax58100_hw.c"
imported_source/ax58100_hw.c: In function 'HW_SPI_Read':
imported_source/ax58100_hw.c:169:25: warning: unused variable 'spi_check' [-Wunused-variable]
  169 |                 uint8_t spi_check =  spi_transmit_receive(ESC_SPI_BASE, 0,
      |                         ^~~~~~~~~
imported_source/ax58100_hw.c: In function 'HW_SPI_Write':
imported_source/ax58100_hw.c:259:25: warning: unused variable 'spi_check' [-Wunused-variable]
  259 |                 uint8_t spi_check =  spi_transmit_receive(ESC_SPI_BASE, 0,
      |                         ^~~~~~~~~
imported_source/ax58100_hw.c: In function 'HW_Init':
imported_source/ax58100_hw.c:333:9: warning: implicit declaration of function 'init_exti0_it' [-Wimplicit-function-declaration]
  333 |         init_exti0_it();
      |         ^~~~~~~~~~~~~
imported_source/ax58100_hw.c: At top level:
imported_source/ax58100_hw.c:61:16: warning: 'HW_SPI_TransmitReceive' defined but not used [-Wunused-function]
   61 | static int32_t HW_SPI_TransmitReceive(uint8_t* pTxData, uint8_t* pRxData,
      |                ^~~~~~~~~~~~~~~~~~~~~~
Info: Compiling imported_source/coeappl.c to obj/default/imported_source/coeappl.o
nios2-elf-gcc.exe -xc -MP -MMD -c -Ic:/Users/guan-ming.dennis-won/Documents/Code/SPI_4_Wire_Serial_Intel_FPGA_IP/software/NIOS_Project_Small_bsp//HAL/inc -Ic:/Users/guan-ming.dennis-won/Documents/Code/SPI_4_Wire_Serial_Intel_FPGA_IP/software/NIOS_Project_Small_bsp/ -Ic:/Users/guan-ming.dennis-won/Documents/Code/SPI_4_Wire_Serial_Intel_FPGA_IP/software/NIOS_Project_Small_bsp//drivers/inc  -pipe -D__hal__ -DALT_NO_C_PLUS_PLUS -DALT_NO_CLEAN_EXIT -D'exit(a)=_exit(a)' -DALT_NO_EXIT -DALT_USE_DIRECT_DRIVERS -DALT_NO_INSTRUCTION_EMULATION -DALT_USE_SMALL_DRIVERS -DSMALL_C_LIB -DALT_SINGLE_THREADED    -Os -g -Wall   -mno-hw-div -mno-hw-div -mno-hw-mul -mno-hw-mulx -mgpopt=global  -o "obj/default/imported_source/coeappl.o" "imported_source/coeappl.c"
imported_source/coeappl.c: In function 'COE_ObjDictionaryInit':
imported_source/coeappl.c:882:26: warning: the comparison will always evaluate as 'true' for the address of 'ApplicationObjDic' will never be NULL [-Waddress]
  882 |     if(ApplicationObjDic != NULL)
      |                          ^~
In file included from imported_source/../imported_source/TENCL040_ESC.h:41,
                 from imported_source/coeappl.c:132:
imported_source/../imported_source/TENCL040_ESCObjects.h:2437:19: note: 'ApplicationObjDic' declared here
 2437 | TOBJECT    OBJMEM ApplicationObjDic[] = {
      |                   ^~~~~~~~~~~~~~~~~
Info: Compiling imported_source/ecatappl.c to obj/default/imported_source/ecatappl.o
nios2-elf-gcc.exe -xc -MP -MMD -c -Ic:/Users/guan-ming.dennis-won/Documents/Code/SPI_4_Wire_Serial_Intel_FPGA_IP/software/NIOS_Project_Small_bsp//HAL/inc -Ic:/Users/guan-ming.dennis-won/Documents/Code/SPI_4_Wire_Serial_Intel_FPGA_IP/software/NIOS_Project_Small_bsp/ -Ic:/Users/guan-ming.dennis-won/Documents/Code/SPI_4_Wire_Serial_Intel_FPGA_IP/software/NIOS_Project_Small_bsp//drivers/inc  -pipe -D__hal__ -DALT_NO_C_PLUS_PLUS -DALT_NO_CLEAN_EXIT -D'exit(a)=_exit(a)' -DALT_NO_EXIT -DALT_USE_DIRECT_DRIVERS -DALT_NO_INSTRUCTION_EMULATION -DALT_USE_SMALL_DRIVERS -DSMALL_C_LIB -DALT_SINGLE_THREADED    -Os -g -Wall   -mno-hw-div -mno-hw-div -mno-hw-mul -mno-hw-mulx -mgpopt=global  -o "obj/default/imported_source/ecatappl.o" "imported_source/ecatappl.c"
Info: Compiling imported_source/ecatcoe.c to obj/default/imported_source/ecatcoe.o
nios2-elf-gcc.exe -xc -MP -MMD -c -Ic:/Users/guan-ming.dennis-won/Documents/Code/SPI_4_Wire_Serial_Intel_FPGA_IP/software/NIOS_Project_Small_bsp//HAL/inc -Ic:/Users/guan-ming.dennis-won/Documents/Code/SPI_4_Wire_Serial_Intel_FPGA_IP/software/NIOS_Project_Small_bsp/ -Ic:/Users/guan-ming.dennis-won/Documents/Code/SPI_4_Wire_Serial_Intel_FPGA_IP/software/NIOS_Project_Small_bsp//drivers/inc  -pipe -D__hal__ -DALT_NO_C_PLUS_PLUS -DALT_NO_CLEAN_EXIT -D'exit(a)=_exit(a)' -DALT_NO_EXIT -DALT_USE_DIRECT_DRIVERS -DALT_NO_INSTRUCTION_EMULATION -DALT_USE_SMALL_DRIVERS -DSMALL_C_LIB -DALT_SINGLE_THREADED    -Os -g -Wall   -mno-hw-div -mno-hw-div -mno-hw-mul -mno-hw-mulx -mgpopt=global  -o "obj/default/imported_source/ecatcoe.o" "imported_source/ecatcoe.c"
Info: Compiling imported_source/ecatslv.c to obj/default/imported_source/ecatslv.o
nios2-elf-gcc.exe -xc -MP -MMD -c -Ic:/Users/guan-ming.dennis-won/Documents/Code/SPI_4_Wire_Serial_Intel_FPGA_IP/software/NIOS_Project_Small_bsp//HAL/inc -Ic:/Users/guan-ming.dennis-won/Documents/Code/SPI_4_Wire_Serial_Intel_FPGA_IP/software/NIOS_Project_Small_bsp/ -Ic:/Users/guan-ming.dennis-won/Documents/Code/SPI_4_Wire_Serial_Intel_FPGA_IP/software/NIOS_Project_Small_bsp//drivers/inc  -pipe -D__hal__ -DALT_NO_C_PLUS_PLUS -DALT_NO_CLEAN_EXIT -D'exit(a)=_exit(a)' -DALT_NO_EXIT -DALT_USE_DIRECT_DRIVERS -DALT_NO_INSTRUCTION_EMULATION -DALT_USE_SMALL_DRIVERS -DSMALL_C_LIB -DALT_SINGLE_THREADED    -Os -g -Wall   -mno-hw-div -mno-hw-div -mno-hw-mul -mno-hw-mulx -mgpopt=global  -o "obj/default/imported_source/ecatslv.o" "imported_source/ecatslv.c"
Info: Compiling imported_source/mailbox.c to obj/default/imported_source/mailbox.o
nios2-elf-gcc.exe -xc -MP -MMD -c -Ic:/Users/guan-ming.dennis-won/Documents/Code/SPI_4_Wire_Serial_Intel_FPGA_IP/software/NIOS_Project_Small_bsp//HAL/inc -Ic:/Users/guan-ming.dennis-won/Documents/Code/SPI_4_Wire_Serial_Intel_FPGA_IP/software/NIOS_Project_Small_bsp/ -Ic:/Users/guan-ming.dennis-won/Documents/Code/SPI_4_Wire_Serial_Intel_FPGA_IP/software/NIOS_Project_Small_bsp//drivers/inc  -pipe -D__hal__ -DALT_NO_C_PLUS_PLUS -DALT_NO_CLEAN_EXIT -D'exit(a)=_exit(a)' -DALT_NO_EXIT -DALT_USE_DIRECT_DRIVERS -DALT_NO_INSTRUCTION_EMULATION -DALT_USE_SMALL_DRIVERS -DSMALL_C_LIB -DALT_SINGLE_THREADED    -Os -g -Wall   -mno-hw-div -mno-hw-div -mno-hw-mul -mno-hw-mulx -mgpopt=global  -o "obj/default/imported_source/mailbox.o" "imported_source/mailbox.c"
imported_source/mailbox.c: In function 'MBX_CheckAndCopyMailbox':
imported_source/mailbox.c:760:17: warning: array subscript 'TMBX[0]' is partly outside array bounds of 'unsigned char[10]' [-Warray-bounds]
  760 |             pMbx->MbxHeader.Length     = 4;
      |                 ^~
In file included from imported_source/mailbox.c:138:
imported_source/../imported_source/ecat_def.h:776:51: note: object of size 10 allocated by 'malloc'
  776 | #define APPL_AllocMailboxBuffer(size)             malloc((size))
      |                                                   ^~~~~~~~~~~~~~
imported_source/mailbox.c:753:45: note: in expansion of macro 'APPL_AllocMailboxBuffer'
  753 |         TMBX MBXMEM *pMbx = (TMBX MBXMEM *) APPL_AllocMailboxBuffer(10); /* a mailbox error datagram length*/
      |                                             ^~~~~~~~~~~~~~~~~~~~~~~
imported_source/mailbox.c:762:17: warning: array subscript 'TMBX[0]' is partly outside array bounds of 'unsigned char[10]' [-Warray-bounds]
  762 |             pMbx->Data[0]                        = SWAPWORD(MBXSERVICE_MBXERRORCMD);
      |                 ^~
imported_source/../imported_source/ecat_def.h:776:51: note: object of size 10 allocated by 'malloc'
  776 | #define APPL_AllocMailboxBuffer(size)             malloc((size))
      |                                                   ^~~~~~~~~~~~~~
imported_source/mailbox.c:753:45: note: in expansion of macro 'APPL_AllocMailboxBuffer'
  753 |         TMBX MBXMEM *pMbx = (TMBX MBXMEM *) APPL_AllocMailboxBuffer(10); /* a mailbox error datagram length*/
      |                                             ^~~~~~~~~~~~~~~~~~~~~~~
imported_source/mailbox.c:763:17: warning: array subscript 'TMBX[0]' is partly outside array bounds of 'unsigned char[10]' [-Warray-bounds]
  763 |             pMbx->Data[1]                        = SWAPWORD(MBXERR_NOMOREMEMORY);
      |                 ^~
imported_source/../imported_source/ecat_def.h:776:51: note: object of size 10 allocated by 'malloc'
  776 | #define APPL_AllocMailboxBuffer(size)             malloc((size))
      |                                                   ^~~~~~~~~~~~~~
imported_source/mailbox.c:753:45: note: in expansion of macro 'APPL_AllocMailboxBuffer'
  753 |         TMBX MBXMEM *pMbx = (TMBX MBXMEM *) APPL_AllocMailboxBuffer(10); /* a mailbox error datagram length*/
      |                                             ^~~~~~~~~~~~~~~~~~~~~~~
Info: Compiling imported_source/objdef.c to obj/default/imported_source/objdef.o
nios2-elf-gcc.exe -xc -MP -MMD -c -Ic:/Users/guan-ming.dennis-won/Documents/Code/SPI_4_Wire_Serial_Intel_FPGA_IP/software/NIOS_Project_Small_bsp//HAL/inc -Ic:/Users/guan-ming.dennis-won/Documents/Code/SPI_4_Wire_Serial_Intel_FPGA_IP/software/NIOS_Project_Small_bsp/ -Ic:/Users/guan-ming.dennis-won/Documents/Code/SPI_4_Wire_Serial_Intel_FPGA_IP/software/NIOS_Project_Small_bsp//drivers/inc  -pipe -D__hal__ -DALT_NO_C_PLUS_PLUS -DALT_NO_CLEAN_EXIT -D'exit(a)=_exit(a)' -DALT_NO_EXIT -DALT_USE_DIRECT_DRIVERS -DALT_NO_INSTRUCTION_EMULATION -DALT_USE_SMALL_DRIVERS -DSMALL_C_LIB -DALT_SINGLE_THREADED    -Os -g -Wall   -mno-hw-div -mno-hw-div -mno-hw-mul -mno-hw-mulx -mgpopt=global  -o "obj/default/imported_source/objdef.o" "imported_source/objdef.c"
Info: Compiling imported_source/sdoserv.c to obj/default/imported_source/sdoserv.o
nios2-elf-gcc.exe -xc -MP -MMD -c -Ic:/Users/guan-ming.dennis-won/Documents/Code/SPI_4_Wire_Serial_Intel_FPGA_IP/software/NIOS_Project_Small_bsp//HAL/inc -Ic:/Users/guan-ming.dennis-won/Documents/Code/SPI_4_Wire_Serial_Intel_FPGA_IP/software/NIOS_Project_Small_bsp/ -Ic:/Users/guan-ming.dennis-won/Documents/Code/SPI_4_Wire_Serial_Intel_FPGA_IP/software/NIOS_Project_Small_bsp//drivers/inc  -pipe -D__hal__ -DALT_NO_C_PLUS_PLUS -DALT_NO_CLEAN_EXIT -D'exit(a)=_exit(a)' -DALT_NO_EXIT -DALT_USE_DIRECT_DRIVERS -DALT_NO_INSTRUCTION_EMULATION -DALT_USE_SMALL_DRIVERS -DSMALL_C_LIB -DALT_SINGLE_THREADED    -Os -g -Wall   -mno-hw-div -mno-hw-div -mno-hw-mul -mno-hw-mulx -mgpopt=global  -o "obj/default/imported_source/sdoserv.o" "imported_source/sdoserv.c"
Info: Compiling nios_it/nios_it.c to obj/default/nios_it/nios_it.o
nios2-elf-gcc.exe -xc -MP -MMD -c -Ic:/Users/guan-ming.dennis-won/Documents/Code/SPI_4_Wire_Serial_Intel_FPGA_IP/software/NIOS_Project_Small_bsp//HAL/inc -Ic:/Users/guan-ming.dennis-won/Documents/Code/SPI_4_Wire_Serial_Intel_FPGA_IP/software/NIOS_Project_Small_bsp/ -Ic:/Users/guan-ming.dennis-won/Documents/Code/SPI_4_Wire_Serial_Intel_FPGA_IP/software/NIOS_Project_Small_bsp//drivers/inc  -pipe -D__hal__ -DALT_NO_C_PLUS_PLUS -DALT_NO_CLEAN_EXIT -D'exit(a)=_exit(a)' -DALT_NO_EXIT -DALT_USE_DIRECT_DRIVERS -DALT_NO_INSTRUCTION_EMULATION -DALT_USE_SMALL_DRIVERS -DSMALL_C_LIB -DALT_SINGLE_THREADED    -Os -g -Wall   -mno-hw-div -mno-hw-div -mno-hw-mul -mno-hw-mulx -mgpopt=global  -o "obj/default/nios_it/nios_it.o" "nios_it/nios_it.c"
nios_it/nios_it.c: In function 'exti0_isr':
nios_it/nios_it.c:18:10: warning: implicit declaration of function 'PDI_Isr' [-Wimplicit-function-declaration]
   18 |          PDI_Isr();
      |          ^~~~~~~
nios_it/nios_it.c:24:10: warning: implicit declaration of function 'printf' [-Wimplicit-function-declaration]
   24 |          printf("Called ISR!\n");
      |          ^~~~~~
nios_it/nios_it.c:11:1: note: include '<stdio.h>' or provide a declaration of 'printf'
   10 | #include "../peripheral/peripheral_linker.h"  // Include the linker header file with peripheral definitions
  +++ |+#include <stdio.h>
   11 | 
nios_it/nios_it.c:24:10: warning: incompatible implicit declaration of built-in function 'printf' [-Wbuiltin-declaration-mismatch]
   24 |          printf("Called ISR!\n");
      |          ^~~~~~
nios_it/nios_it.c:24:10: note: include '<stdio.h>' or provide a declaration of 'printf'
Info: Compiling peripheral/peripheral_linker.c to obj/default/peripheral/peripheral_linker.o
nios2-elf-gcc.exe -xc -MP -MMD -c -Ic:/Users/guan-ming.dennis-won/Documents/Code/SPI_4_Wire_Serial_Intel_FPGA_IP/software/NIOS_Project_Small_bsp//HAL/inc -Ic:/Users/guan-ming.dennis-won/Documents/Code/SPI_4_Wire_Serial_Intel_FPGA_IP/software/NIOS_Project_Small_bsp/ -Ic:/Users/guan-ming.dennis-won/Documents/Code/SPI_4_Wire_Serial_Intel_FPGA_IP/software/NIOS_Project_Small_bsp//drivers/inc  -pipe -D__hal__ -DALT_NO_C_PLUS_PLUS -DALT_NO_CLEAN_EXIT -D'exit(a)=_exit(a)' -DALT_NO_EXIT -DALT_USE_DIRECT_DRIVERS -DALT_NO_INSTRUCTION_EMULATION -DALT_USE_SMALL_DRIVERS -DSMALL_C_LIB -DALT_SINGLE_THREADED    -Os -g -Wall   -mno-hw-div -mno-hw-div -mno-hw-mul -mno-hw-mulx -mgpopt=global  -o "obj/default/peripheral/peripheral_linker.o" "peripheral/peripheral_linker.c"
peripheral/peripheral_linker.c: In function 'delay_ms':
peripheral/peripheral_linker.c:9:5: warning: implicit declaration of function 'usleep' [-Wimplicit-function-declaration]
    9 |     usleep(milliseconds * 1000);  // Convert to microseconds
      |     ^~~~~~
peripheral/peripheral_linker.c: In function 'adc_init':
peripheral/peripheral_linker.c:17:13: warning: variable 'spi_check' set but not used [-Wunused-but-set-variable]
   17 |         int spi_check = -1;
      |             ^~~~~~~~~
peripheral/peripheral_linker.c: In function 'adc_init_spi_transmit_receive':
peripheral/peripheral_linker.c:161:13: warning: variable 'spi_check' set but not used [-Wunused-but-set-variable]
  161 |         int spi_check = -1;
      |             ^~~~~~~~~
peripheral/peripheral_linker.c: In function 'spi_transmit_receive':
peripheral/peripheral_linker.c:348:19: warning: implicit declaration of function 'printf' [-Wimplicit-function-declaration]
  348 |                   printf("error!");
      |                   ^~~~~~
peripheral/peripheral_linker.c:5:1: note: include '<stdio.h>' or provide a declaration of 'printf'
    4 | #include "timer.h"
  +++ |+#include <stdio.h>
    5 | 
peripheral/peripheral_linker.c:348:19: warning: incompatible implicit declaration of built-in function 'printf' [-Wbuiltin-declaration-mismatch]
  348 |                   printf("error!");
      |                   ^~~~~~
peripheral/peripheral_linker.c:348:19: note: include '<stdio.h>' or provide a declaration of 'printf'
Info: Linking NIOS_Project_Small.elf
nios2-elf-g++.exe  -T'c:/Users/guan-ming.dennis-won/Documents/Code/SPI_4_Wire_Serial_Intel_FPGA_IP/software/NIOS_Project_Small_bsp//linker.x' -msys-crt0='c:/Users/guan-ming.dennis-won/Documents/Code/SPI_4_Wire_Serial_Intel_FPGA_IP/software/NIOS_Project_Small_bsp//obj/HAL/src/crt0.o' -msys-lib=hal_bsp -Lc:/Users/guan-ming.dennis-won/Documents/Code/SPI_4_Wire_Serial_Intel_FPGA_IP/software/NIOS_Project_Small_bsp/  -msmallc  -Wl,-Map=NIOS_Project_Small.map   -Os -g -Wall   -mno-hw-div -mno-hw-div -mno-hw-mul -mno-hw-mulx -mgpopt=global  -o NIOS_Project_Small.elf obj/default/hello_world_small.o obj/default/imported_source/TENCL040_ESC.o obj/default/imported_source/ax58100_hw.o obj/default/imported_source/coeappl.o obj/default/imported_source/ecatappl.o obj/default/imported_source/ecatcoe.o obj/default/imported_source/ecatslv.o obj/default/imported_source/mailbox.o obj/default/imported_source/objdef.o obj/default/imported_source/sdoserv.o obj/default/nios_it/nios_it.o obj/default/peripheral/peripheral_linker.o -lm -msys-lib=m
nios2-elf-insert.exe NIOS_Project_Small.elf --thread_model hal --cpu_name NIOS --qsys true --simulation_enabled false --id 39011 --sidp 0x410e0 --timestamp 1749793232 --stderr_dev DEBUG --stdin_dev DEBUG --stdout_dev DEBUG --sopc_system_name spi_platform_designer --quartus_project_dir "c:/Users/guan-ming.dennis-won/Documents/Code/SPI_4_Wire_Serial_Intel_FPGA_IP" --jdi ../..//output_files/spi.jdi --sopcinfo C:/Users/guan-ming.dennis-won/Documents/Code/SPI_4_Wire_Serial_Intel_FPGA_IP/spi_platform_designer.sopcinfo
Info: (NIOS_Project_Small.elf) 41 KBytes program size (code + initialized data).
Info:                          35 KBytes free for stack + heap.
Info: Creating NIOS_Project_Small.objdump
nios2-elf-objdump.exe --disassemble --syms --all-header --source NIOS_Project_Small.elf >NIOS_Project_Small.objdump
[NIOS_Project_Small build complete]
14:45:28 **** Clean-only build of configuration Nios II for project NIOS_Project_Small ****
wsl make clean 
[NIOS_Project_Small clean complete]
14:45:32 **** Build of configuration Nios II for project NIOS_Project_Small ****
wsl make all 
Info: Building /mnt/c/Users/guan-ming.dennis-won/Documents/Code/SPI_4_Wire_Serial_Intel_FPGA_IP/software/NIOS_Project_Small_bsp/
make --no-print-directory -C /mnt/c/Users/guan-ming.dennis-won/Documents/Code/SPI_4_Wire_Serial_Intel_FPGA_IP/software/NIOS_Project_Small_bsp/
[BSP build complete]
Info: Compiling hello_world_small.c to obj/default/hello_world_small.o
nios2-elf-gcc.exe -xc -MP -MMD -c -Ic:/Users/guan-ming.dennis-won/Documents/Code/SPI_4_Wire_Serial_Intel_FPGA_IP/software/NIOS_Project_Small_bsp//HAL/inc -Ic:/Users/guan-ming.dennis-won/Documents/Code/SPI_4_Wire_Serial_Intel_FPGA_IP/software/NIOS_Project_Small_bsp/ -Ic:/Users/guan-ming.dennis-won/Documents/Code/SPI_4_Wire_Serial_Intel_FPGA_IP/software/NIOS_Project_Small_bsp//drivers/inc  -pipe -D__hal__ -DALT_NO_C_PLUS_PLUS -DALT_NO_CLEAN_EXIT -D'exit(a)=_exit(a)' -DALT_NO_EXIT -DALT_USE_DIRECT_DRIVERS -DALT_NO_INSTRUCTION_EMULATION -DALT_USE_SMALL_DRIVERS -DSMALL_C_LIB -DALT_SINGLE_THREADED    -Os -g -Wall   -mno-hw-div -mno-hw-div -mno-hw-mul -mno-hw-mulx -mgpopt=global  -o "obj/default/hello_world_small.o" "hello_world_small.c"
hello_world_small.c: In function 'main':
hello_world_small.c:28:27: warning: unused variable 'invert_me' [-Wunused-variable]
   28 |   static volatile uint8_t invert_me = 1;
      |                           ^~~~~~~~~
hello_world_small.c:27:11: warning: unused variable 'out' [-Wunused-variable]
   27 |   uint8_t out = 0;
      |           ^~~
Info: Compiling imported_source/TENCL040_ESC.c to obj/default/imported_source/TENCL040_ESC.o
nios2-elf-gcc.exe -xc -MP -MMD -c -Ic:/Users/guan-ming.dennis-won/Documents/Code/SPI_4_Wire_Serial_Intel_FPGA_IP/software/NIOS_Project_Small_bsp//HAL/inc -Ic:/Users/guan-ming.dennis-won/Documents/Code/SPI_4_Wire_Serial_Intel_FPGA_IP/software/NIOS_Project_Small_bsp/ -Ic:/Users/guan-ming.dennis-won/Documents/Code/SPI_4_Wire_Serial_Intel_FPGA_IP/software/NIOS_Project_Small_bsp//drivers/inc  -pipe -D__hal__ -DALT_NO_C_PLUS_PLUS -DALT_NO_CLEAN_EXIT -D'exit(a)=_exit(a)' -DALT_NO_EXIT -DALT_USE_DIRECT_DRIVERS -DALT_NO_INSTRUCTION_EMULATION -DALT_USE_SMALL_DRIVERS -DSMALL_C_LIB -DALT_SINGLE_THREADED    -Os -g -Wall   -mno-hw-div -mno-hw-div -mno-hw-mul -mno-hw-mulx -mgpopt=global  -o "obj/default/imported_source/TENCL040_ESC.o" "imported_source/TENCL040_ESC.c"
imported_source/TENCL040_ESC.c: In function 'APPL_InputMapping':
imported_source/TENCL040_ESC.c:360:33: warning: case label value exceeds maximum value for type [-Wswitch-outside-range]
  360 |                                 case 0x1A010:
      |                                 ^~~~
imported_source/TENCL040_ESC.c: In function 'APPL_GetDeviceID':
imported_source/TENCL040_ESC.c:449:6: warning: #warning "Implement explicit Device ID latching" [-Wcpp]
  449 |     #warning "Implement explicit Device ID latching"
      |      ^~~~~~~
Info: Compiling imported_source/ax58100_hw.c to obj/default/imported_source/ax58100_hw.o
nios2-elf-gcc.exe -xc -MP -MMD -c -Ic:/Users/guan-ming.dennis-won/Documents/Code/SPI_4_Wire_Serial_Intel_FPGA_IP/software/NIOS_Project_Small_bsp//HAL/inc -Ic:/Users/guan-ming.dennis-won/Documents/Code/SPI_4_Wire_Serial_Intel_FPGA_IP/software/NIOS_Project_Small_bsp/ -Ic:/Users/guan-ming.dennis-won/Documents/Code/SPI_4_Wire_Serial_Intel_FPGA_IP/software/NIOS_Project_Small_bsp//drivers/inc  -pipe -D__hal__ -DALT_NO_C_PLUS_PLUS -DALT_NO_CLEAN_EXIT -D'exit(a)=_exit(a)' -DALT_NO_EXIT -DALT_USE_DIRECT_DRIVERS -DALT_NO_INSTRUCTION_EMULATION -DALT_USE_SMALL_DRIVERS -DSMALL_C_LIB -DALT_SINGLE_THREADED    -Os -g -Wall   -mno-hw-div -mno-hw-div -mno-hw-mul -mno-hw-mulx -mgpopt=global  -o "obj/default/imported_source/ax58100_hw.o" "imported_source/ax58100_hw.c"
imported_source/ax58100_hw.c: In function 'HW_SPI_Read':
imported_source/ax58100_hw.c:169:25: warning: unused variable 'spi_check' [-Wunused-variable]
  169 |                 uint8_t spi_check =  spi_transmit_receive(ESC_SPI_BASE, 0,
      |                         ^~~~~~~~~
imported_source/ax58100_hw.c: In function 'HW_SPI_Write':
imported_source/ax58100_hw.c:259:25: warning: unused variable 'spi_check' [-Wunused-variable]
  259 |                 uint8_t spi_check =  spi_transmit_receive(ESC_SPI_BASE, 0,
      |                         ^~~~~~~~~
imported_source/ax58100_hw.c: In function 'HW_Init':
imported_source/ax58100_hw.c:333:9: warning: implicit declaration of function 'init_exti0_it' [-Wimplicit-function-declaration]
  333 |         init_exti0_it();
      |         ^~~~~~~~~~~~~
imported_source/ax58100_hw.c: At top level:
imported_source/ax58100_hw.c:61:16: warning: 'HW_SPI_TransmitReceive' defined but not used [-Wunused-function]
   61 | static int32_t HW_SPI_TransmitReceive(uint8_t* pTxData, uint8_t* pRxData,
      |                ^~~~~~~~~~~~~~~~~~~~~~
Info: Compiling imported_source/coeappl.c to obj/default/imported_source/coeappl.o
nios2-elf-gcc.exe -xc -MP -MMD -c -Ic:/Users/guan-ming.dennis-won/Documents/Code/SPI_4_Wire_Serial_Intel_FPGA_IP/software/NIOS_Project_Small_bsp//HAL/inc -Ic:/Users/guan-ming.dennis-won/Documents/Code/SPI_4_Wire_Serial_Intel_FPGA_IP/software/NIOS_Project_Small_bsp/ -Ic:/Users/guan-ming.dennis-won/Documents/Code/SPI_4_Wire_Serial_Intel_FPGA_IP/software/NIOS_Project_Small_bsp//drivers/inc  -pipe -D__hal__ -DALT_NO_C_PLUS_PLUS -DALT_NO_CLEAN_EXIT -D'exit(a)=_exit(a)' -DALT_NO_EXIT -DALT_USE_DIRECT_DRIVERS -DALT_NO_INSTRUCTION_EMULATION -DALT_USE_SMALL_DRIVERS -DSMALL_C_LIB -DALT_SINGLE_THREADED    -Os -g -Wall   -mno-hw-div -mno-hw-div -mno-hw-mul -mno-hw-mulx -mgpopt=global  -o "obj/default/imported_source/coeappl.o" "imported_source/coeappl.c"
imported_source/coeappl.c: In function 'COE_ObjDictionaryInit':
imported_source/coeappl.c:882:26: warning: the comparison will always evaluate as 'true' for the address of 'ApplicationObjDic' will never be NULL [-Waddress]
  882 |     if(ApplicationObjDic != NULL)
      |                          ^~
In file included from imported_source/../imported_source/TENCL040_ESC.h:41,
                 from imported_source/coeappl.c:132:
imported_source/../imported_source/TENCL040_ESCObjects.h:2437:19: note: 'ApplicationObjDic' declared here
 2437 | TOBJECT    OBJMEM ApplicationObjDic[] = {
      |                   ^~~~~~~~~~~~~~~~~
Info: Compiling imported_source/ecatappl.c to obj/default/imported_source/ecatappl.o
nios2-elf-gcc.exe -xc -MP -MMD -c -Ic:/Users/guan-ming.dennis-won/Documents/Code/SPI_4_Wire_Serial_Intel_FPGA_IP/software/NIOS_Project_Small_bsp//HAL/inc -Ic:/Users/guan-ming.dennis-won/Documents/Code/SPI_4_Wire_Serial_Intel_FPGA_IP/software/NIOS_Project_Small_bsp/ -Ic:/Users/guan-ming.dennis-won/Documents/Code/SPI_4_Wire_Serial_Intel_FPGA_IP/software/NIOS_Project_Small_bsp//drivers/inc  -pipe -D__hal__ -DALT_NO_C_PLUS_PLUS -DALT_NO_CLEAN_EXIT -D'exit(a)=_exit(a)' -DALT_NO_EXIT -DALT_USE_DIRECT_DRIVERS -DALT_NO_INSTRUCTION_EMULATION -DALT_USE_SMALL_DRIVERS -DSMALL_C_LIB -DALT_SINGLE_THREADED    -Os -g -Wall   -mno-hw-div -mno-hw-div -mno-hw-mul -mno-hw-mulx -mgpopt=global  -o "obj/default/imported_source/ecatappl.o" "imported_source/ecatappl.c"
Info: Compiling imported_source/ecatcoe.c to obj/default/imported_source/ecatcoe.o
nios2-elf-gcc.exe -xc -MP -MMD -c -Ic:/Users/guan-ming.dennis-won/Documents/Code/SPI_4_Wire_Serial_Intel_FPGA_IP/software/NIOS_Project_Small_bsp//HAL/inc -Ic:/Users/guan-ming.dennis-won/Documents/Code/SPI_4_Wire_Serial_Intel_FPGA_IP/software/NIOS_Project_Small_bsp/ -Ic:/Users/guan-ming.dennis-won/Documents/Code/SPI_4_Wire_Serial_Intel_FPGA_IP/software/NIOS_Project_Small_bsp//drivers/inc  -pipe -D__hal__ -DALT_NO_C_PLUS_PLUS -DALT_NO_CLEAN_EXIT -D'exit(a)=_exit(a)' -DALT_NO_EXIT -DALT_USE_DIRECT_DRIVERS -DALT_NO_INSTRUCTION_EMULATION -DALT_USE_SMALL_DRIVERS -DSMALL_C_LIB -DALT_SINGLE_THREADED    -Os -g -Wall   -mno-hw-div -mno-hw-div -mno-hw-mul -mno-hw-mulx -mgpopt=global  -o "obj/default/imported_source/ecatcoe.o" "imported_source/ecatcoe.c"
Info: Compiling imported_source/ecatslv.c to obj/default/imported_source/ecatslv.o
nios2-elf-gcc.exe -xc -MP -MMD -c -Ic:/Users/guan-ming.dennis-won/Documents/Code/SPI_4_Wire_Serial_Intel_FPGA_IP/software/NIOS_Project_Small_bsp//HAL/inc -Ic:/Users/guan-ming.dennis-won/Documents/Code/SPI_4_Wire_Serial_Intel_FPGA_IP/software/NIOS_Project_Small_bsp/ -Ic:/Users/guan-ming.dennis-won/Documents/Code/SPI_4_Wire_Serial_Intel_FPGA_IP/software/NIOS_Project_Small_bsp//drivers/inc  -pipe -D__hal__ -DALT_NO_C_PLUS_PLUS -DALT_NO_CLEAN_EXIT -D'exit(a)=_exit(a)' -DALT_NO_EXIT -DALT_USE_DIRECT_DRIVERS -DALT_NO_INSTRUCTION_EMULATION -DALT_USE_SMALL_DRIVERS -DSMALL_C_LIB -DALT_SINGLE_THREADED    -Os -g -Wall   -mno-hw-div -mno-hw-div -mno-hw-mul -mno-hw-mulx -mgpopt=global  -o "obj/default/imported_source/ecatslv.o" "imported_source/ecatslv.c"
Info: Compiling imported_source/mailbox.c to obj/default/imported_source/mailbox.o
nios2-elf-gcc.exe -xc -MP -MMD -c -Ic:/Users/guan-ming.dennis-won/Documents/Code/SPI_4_Wire_Serial_Intel_FPGA_IP/software/NIOS_Project_Small_bsp//HAL/inc -Ic:/Users/guan-ming.dennis-won/Documents/Code/SPI_4_Wire_Serial_Intel_FPGA_IP/software/NIOS_Project_Small_bsp/ -Ic:/Users/guan-ming.dennis-won/Documents/Code/SPI_4_Wire_Serial_Intel_FPGA_IP/software/NIOS_Project_Small_bsp//drivers/inc  -pipe -D__hal__ -DALT_NO_C_PLUS_PLUS -DALT_NO_CLEAN_EXIT -D'exit(a)=_exit(a)' -DALT_NO_EXIT -DALT_USE_DIRECT_DRIVERS -DALT_NO_INSTRUCTION_EMULATION -DALT_USE_SMALL_DRIVERS -DSMALL_C_LIB -DALT_SINGLE_THREADED    -Os -g -Wall   -mno-hw-div -mno-hw-div -mno-hw-mul -mno-hw-mulx -mgpopt=global  -o "obj/default/imported_source/mailbox.o" "imported_source/mailbox.c"
imported_source/mailbox.c: In function 'MBX_CheckAndCopyMailbox':
imported_source/mailbox.c:760:17: warning: array subscript 'TMBX[0]' is partly outside array bounds of 'unsigned char[10]' [-Warray-bounds]
  760 |             pMbx->MbxHeader.Length     = 4;
      |                 ^~
In file included from imported_source/mailbox.c:138:
imported_source/../imported_source/ecat_def.h:776:51: note: object of size 10 allocated by 'malloc'
  776 | #define APPL_AllocMailboxBuffer(size)             malloc((size))
      |                                                   ^~~~~~~~~~~~~~
imported_source/mailbox.c:753:45: note: in expansion of macro 'APPL_AllocMailboxBuffer'
  753 |         TMBX MBXMEM *pMbx = (TMBX MBXMEM *) APPL_AllocMailboxBuffer(10); /* a mailbox error datagram length*/
      |                                             ^~~~~~~~~~~~~~~~~~~~~~~
imported_source/mailbox.c:762:17: warning: array subscript 'TMBX[0]' is partly outside array bounds of 'unsigned char[10]' [-Warray-bounds]
  762 |             pMbx->Data[0]                        = SWAPWORD(MBXSERVICE_MBXERRORCMD);
      |                 ^~
imported_source/../imported_source/ecat_def.h:776:51: note: object of size 10 allocated by 'malloc'
  776 | #define APPL_AllocMailboxBuffer(size)             malloc((size))
      |                                                   ^~~~~~~~~~~~~~
imported_source/mailbox.c:753:45: note: in expansion of macro 'APPL_AllocMailboxBuffer'
  753 |         TMBX MBXMEM *pMbx = (TMBX MBXMEM *) APPL_AllocMailboxBuffer(10); /* a mailbox error datagram length*/
      |                                             ^~~~~~~~~~~~~~~~~~~~~~~
imported_source/mailbox.c:763:17: warning: array subscript 'TMBX[0]' is partly outside array bounds of 'unsigned char[10]' [-Warray-bounds]
  763 |             pMbx->Data[1]                        = SWAPWORD(MBXERR_NOMOREMEMORY);
      |                 ^~
imported_source/../imported_source/ecat_def.h:776:51: note: object of size 10 allocated by 'malloc'
  776 | #define APPL_AllocMailboxBuffer(size)             malloc((size))
      |                                                   ^~~~~~~~~~~~~~
imported_source/mailbox.c:753:45: note: in expansion of macro 'APPL_AllocMailboxBuffer'
  753 |         TMBX MBXMEM *pMbx = (TMBX MBXMEM *) APPL_AllocMailboxBuffer(10); /* a mailbox error datagram length*/
      |                                             ^~~~~~~~~~~~~~~~~~~~~~~
Info: Compiling imported_source/objdef.c to obj/default/imported_source/objdef.o
nios2-elf-gcc.exe -xc -MP -MMD -c -Ic:/Users/guan-ming.dennis-won/Documents/Code/SPI_4_Wire_Serial_Intel_FPGA_IP/software/NIOS_Project_Small_bsp//HAL/inc -Ic:/Users/guan-ming.dennis-won/Documents/Code/SPI_4_Wire_Serial_Intel_FPGA_IP/software/NIOS_Project_Small_bsp/ -Ic:/Users/guan-ming.dennis-won/Documents/Code/SPI_4_Wire_Serial_Intel_FPGA_IP/software/NIOS_Project_Small_bsp//drivers/inc  -pipe -D__hal__ -DALT_NO_C_PLUS_PLUS -DALT_NO_CLEAN_EXIT -D'exit(a)=_exit(a)' -DALT_NO_EXIT -DALT_USE_DIRECT_DRIVERS -DALT_NO_INSTRUCTION_EMULATION -DALT_USE_SMALL_DRIVERS -DSMALL_C_LIB -DALT_SINGLE_THREADED    -Os -g -Wall   -mno-hw-div -mno-hw-div -mno-hw-mul -mno-hw-mulx -mgpopt=global  -o "obj/default/imported_source/objdef.o" "imported_source/objdef.c"
Info: Compiling imported_source/sdoserv.c to obj/default/imported_source/sdoserv.o
nios2-elf-gcc.exe -xc -MP -MMD -c -Ic:/Users/guan-ming.dennis-won/Documents/Code/SPI_4_Wire_Serial_Intel_FPGA_IP/software/NIOS_Project_Small_bsp//HAL/inc -Ic:/Users/guan-ming.dennis-won/Documents/Code/SPI_4_Wire_Serial_Intel_FPGA_IP/software/NIOS_Project_Small_bsp/ -Ic:/Users/guan-ming.dennis-won/Documents/Code/SPI_4_Wire_Serial_Intel_FPGA_IP/software/NIOS_Project_Small_bsp//drivers/inc  -pipe -D__hal__ -DALT_NO_C_PLUS_PLUS -DALT_NO_CLEAN_EXIT -D'exit(a)=_exit(a)' -DALT_NO_EXIT -DALT_USE_DIRECT_DRIVERS -DALT_NO_INSTRUCTION_EMULATION -DALT_USE_SMALL_DRIVERS -DSMALL_C_LIB -DALT_SINGLE_THREADED    -Os -g -Wall   -mno-hw-div -mno-hw-div -mno-hw-mul -mno-hw-mulx -mgpopt=global  -o "obj/default/imported_source/sdoserv.o" "imported_source/sdoserv.c"
Info: Compiling nios_it/nios_it.c to obj/default/nios_it/nios_it.o
nios2-elf-gcc.exe -xc -MP -MMD -c -Ic:/Users/guan-ming.dennis-won/Documents/Code/SPI_4_Wire_Serial_Intel_FPGA_IP/software/NIOS_Project_Small_bsp//HAL/inc -Ic:/Users/guan-ming.dennis-won/Documents/Code/SPI_4_Wire_Serial_Intel_FPGA_IP/software/NIOS_Project_Small_bsp/ -Ic:/Users/guan-ming.dennis-won/Documents/Code/SPI_4_Wire_Serial_Intel_FPGA_IP/software/NIOS_Project_Small_bsp//drivers/inc  -pipe -D__hal__ -DALT_NO_C_PLUS_PLUS -DALT_NO_CLEAN_EXIT -D'exit(a)=_exit(a)' -DALT_NO_EXIT -DALT_USE_DIRECT_DRIVERS -DALT_NO_INSTRUCTION_EMULATION -DALT_USE_SMALL_DRIVERS -DSMALL_C_LIB -DALT_SINGLE_THREADED    -Os -g -Wall   -mno-hw-div -mno-hw-div -mno-hw-mul -mno-hw-mulx -mgpopt=global  -o "obj/default/nios_it/nios_it.o" "nios_it/nios_it.c"
nios_it/nios_it.c: In function 'exti0_isr':
nios_it/nios_it.c:18:10: warning: implicit declaration of function 'PDI_Isr' [-Wimplicit-function-declaration]
   18 |          PDI_Isr();
      |          ^~~~~~~
nios_it/nios_it.c:24:10: warning: implicit declaration of function 'printf' [-Wimplicit-function-declaration]
   24 |          printf("Called ISR!\n");
      |          ^~~~~~
nios_it/nios_it.c:11:1: note: include '<stdio.h>' or provide a declaration of 'printf'
   10 | #include "../peripheral/peripheral_linker.h"  // Include the linker header file with peripheral definitions
  +++ |+#include <stdio.h>
   11 | 
nios_it/nios_it.c:24:10: warning: incompatible implicit declaration of built-in function 'printf' [-Wbuiltin-declaration-mismatch]
   24 |          printf("Called ISR!\n");
      |          ^~~~~~
nios_it/nios_it.c:24:10: note: include '<stdio.h>' or provide a declaration of 'printf'
Info: Compiling peripheral/peripheral_linker.c to obj/default/peripheral/peripheral_linker.o
nios2-elf-gcc.exe -xc -MP -MMD -c -Ic:/Users/guan-ming.dennis-won/Documents/Code/SPI_4_Wire_Serial_Intel_FPGA_IP/software/NIOS_Project_Small_bsp//HAL/inc -Ic:/Users/guan-ming.dennis-won/Documents/Code/SPI_4_Wire_Serial_Intel_FPGA_IP/software/NIOS_Project_Small_bsp/ -Ic:/Users/guan-ming.dennis-won/Documents/Code/SPI_4_Wire_Serial_Intel_FPGA_IP/software/NIOS_Project_Small_bsp//drivers/inc  -pipe -D__hal__ -DALT_NO_C_PLUS_PLUS -DALT_NO_CLEAN_EXIT -D'exit(a)=_exit(a)' -DALT_NO_EXIT -DALT_USE_DIRECT_DRIVERS -DALT_NO_INSTRUCTION_EMULATION -DALT_USE_SMALL_DRIVERS -DSMALL_C_LIB -DALT_SINGLE_THREADED    -Os -g -Wall   -mno-hw-div -mno-hw-div -mno-hw-mul -mno-hw-mulx -mgpopt=global  -o "obj/default/peripheral/peripheral_linker.o" "peripheral/peripheral_linker.c"
peripheral/peripheral_linker.c: In function 'delay_ms':
peripheral/peripheral_linker.c:9:5: warning: implicit declaration of function 'usleep' [-Wimplicit-function-declaration]
    9 |     usleep(milliseconds * 1000);  // Convert to microseconds
      |     ^~~~~~
peripheral/peripheral_linker.c: In function 'adc_init':
peripheral/peripheral_linker.c:17:13: warning: variable 'spi_check' set but not used [-Wunused-but-set-variable]
   17 |         int spi_check = -1;
      |             ^~~~~~~~~
peripheral/peripheral_linker.c: In function 'adc_init_spi_transmit_receive':
peripheral/peripheral_linker.c:161:13: warning: variable 'spi_check' set but not used [-Wunused-but-set-variable]
  161 |         int spi_check = -1;
      |             ^~~~~~~~~
peripheral/peripheral_linker.c: In function 'spi_transmit_receive':
peripheral/peripheral_linker.c:348:19: warning: implicit declaration of function 'printf' [-Wimplicit-function-declaration]
  348 |                   printf("error!");
      |                   ^~~~~~
peripheral/peripheral_linker.c:5:1: note: include '<stdio.h>' or provide a declaration of 'printf'
    4 | #include "timer.h"
  +++ |+#include <stdio.h>
    5 | 
peripheral/peripheral_linker.c:348:19: warning: incompatible implicit declaration of built-in function 'printf' [-Wbuiltin-declaration-mismatch]
  348 |                   printf("error!");
      |                   ^~~~~~
peripheral/peripheral_linker.c:348:19: note: include '<stdio.h>' or provide a declaration of 'printf'
Info: Compiling peripheral/timer.c to obj/default/peripheral/timer.o
nios2-elf-gcc.exe -xc -MP -MMD -c -Ic:/Users/guan-ming.dennis-won/Documents/Code/SPI_4_Wire_Serial_Intel_FPGA_IP/software/NIOS_Project_Small_bsp//HAL/inc -Ic:/Users/guan-ming.dennis-won/Documents/Code/SPI_4_Wire_Serial_Intel_FPGA_IP/software/NIOS_Project_Small_bsp/ -Ic:/Users/guan-ming.dennis-won/Documents/Code/SPI_4_Wire_Serial_Intel_FPGA_IP/software/NIOS_Project_Small_bsp//drivers/inc  -pipe -D__hal__ -DALT_NO_C_PLUS_PLUS -DALT_NO_CLEAN_EXIT -D'exit(a)=_exit(a)' -DALT_NO_EXIT -DALT_USE_DIRECT_DRIVERS -DALT_NO_INSTRUCTION_EMULATION -DALT_USE_SMALL_DRIVERS -DSMALL_C_LIB -DALT_SINGLE_THREADED    -Os -g -Wall   -mno-hw-div -mno-hw-div -mno-hw-mul -mno-hw-mulx -mgpopt=global  -o "obj/default/peripheral/timer.o" "peripheral/timer.c"
peripheral/timer.c: In function 'led_blink':
peripheral/timer.c:16:9: warning: implicit declaration of function 'IOWR_ALTERA_AVALON_PIO_DATA' [-Wimplicit-function-declaration]
   16 |         IOWR_ALTERA_AVALON_PIO_DATA(LED_BASE, value);
      |         ^~~~~~~~~~~~~~~~~~~~~~~~~~~
peripheral/timer.c: At top level:
peripheral/timer.c:4:16: warning: 'led_blink_register' defined but not used [-Wunused-variable]
    4 | static uint8_t led_blink_register = 0;
      |                ^~~~~~~~~~~~~~~~~~
Info: Linking NIOS_Project_Small.elf
nios2-elf-g++.exe  -T'c:/Users/guan-ming.dennis-won/Documents/Code/SPI_4_Wire_Serial_Intel_FPGA_IP/software/NIOS_Project_Small_bsp//linker.x' -msys-crt0='c:/Users/guan-ming.dennis-won/Documents/Code/SPI_4_Wire_Serial_Intel_FPGA_IP/software/NIOS_Project_Small_bsp//obj/HAL/src/crt0.o' -msys-lib=hal_bsp -Lc:/Users/guan-ming.dennis-won/Documents/Code/SPI_4_Wire_Serial_Intel_FPGA_IP/software/NIOS_Project_Small_bsp/  -msmallc  -Wl,-Map=NIOS_Project_Small.map   -Os -g -Wall   -mno-hw-div -mno-hw-div -mno-hw-mul -mno-hw-mulx -mgpopt=global  -o NIOS_Project_Small.elf obj/default/hello_world_small.o obj/default/imported_source/TENCL040_ESC.o obj/default/imported_source/ax58100_hw.o obj/default/imported_source/coeappl.o obj/default/imported_source/ecatappl.o obj/default/imported_source/ecatcoe.o obj/default/imported_source/ecatslv.o obj/default/imported_source/mailbox.o obj/default/imported_source/objdef.o obj/default/imported_source/sdoserv.o obj/default/nios_it/nios_it.o obj/default/peripheral/peripheral_linker.o obj/default/peripheral/timer.o -lm -msys-lib=m
c:/intelfpga_lite/23.1std/nios2eds/bin/gnu/h-x86_64-mingw32/bin/../lib/gcc/nios2-elf/12.3.1/../../../../../H-x86_64-mingw32/nios2-elf/bin/ld.exe: obj/default/peripheral/timer.o: in function `led_blink':
C:\Users\guan-ming.dennis-won\Documents\Code\SPI_4_Wire_Serial_Intel_FPGA_IP\software\NIOS_Project_Small/peripheral/timer.c:16: undefined reference to `IOWR_ALTERA_AVALON_PIO_DATA'
collect2.exe: error: ld returned 1 exit status
make: *** [NIOS_Project_Small.elf] Error 1
Makefile:1026: recipe for target 'NIOS_Project_Small.elf' failed
14:49:02 **** Clean-only build of configuration Nios II for project NIOS_Project_Small ****
wsl make clean 
[NIOS_Project_Small clean complete]
14:49:06 **** Build of configuration Nios II for project NIOS_Project_Small ****
wsl make all 
Info: Building /mnt/c/Users/guan-ming.dennis-won/Documents/Code/SPI_4_Wire_Serial_Intel_FPGA_IP/software/NIOS_Project_Small_bsp/
make --no-print-directory -C /mnt/c/Users/guan-ming.dennis-won/Documents/Code/SPI_4_Wire_Serial_Intel_FPGA_IP/software/NIOS_Project_Small_bsp/
[BSP build complete]
Info: Compiling hello_world_small.c to obj/default/hello_world_small.o
nios2-elf-gcc.exe -xc -MP -MMD -c -Ic:/Users/guan-ming.dennis-won/Documents/Code/SPI_4_Wire_Serial_Intel_FPGA_IP/software/NIOS_Project_Small_bsp//HAL/inc -Ic:/Users/guan-ming.dennis-won/Documents/Code/SPI_4_Wire_Serial_Intel_FPGA_IP/software/NIOS_Project_Small_bsp/ -Ic:/Users/guan-ming.dennis-won/Documents/Code/SPI_4_Wire_Serial_Intel_FPGA_IP/software/NIOS_Project_Small_bsp//drivers/inc  -pipe -D__hal__ -DALT_NO_C_PLUS_PLUS -DALT_NO_CLEAN_EXIT -D'exit(a)=_exit(a)' -DALT_NO_EXIT -DALT_USE_DIRECT_DRIVERS -DALT_NO_INSTRUCTION_EMULATION -DALT_USE_SMALL_DRIVERS -DSMALL_C_LIB -DALT_SINGLE_THREADED    -Os -g -Wall   -mno-hw-div -mno-hw-div -mno-hw-mul -mno-hw-mulx -mgpopt=global  -o "obj/default/hello_world_small.o" "hello_world_small.c"
hello_world_small.c: In function 'main':
hello_world_small.c:29:3: warning: implicit declaration of function 'timer6_init'; did you mean 'timer_isr'? [-Wimplicit-function-declaration]
   29 |   timer6_init();
      |   ^~~~~~~~~~~
      |   timer_isr
hello_world_small.c:28:27: warning: unused variable 'invert_me' [-Wunused-variable]
   28 |   static volatile uint8_t invert_me = 1;
      |                           ^~~~~~~~~
hello_world_small.c:27:11: warning: unused variable 'out' [-Wunused-variable]
   27 |   uint8_t out = 0;
      |           ^~~
Info: Compiling imported_source/TENCL040_ESC.c to obj/default/imported_source/TENCL040_ESC.o
nios2-elf-gcc.exe -xc -MP -MMD -c -Ic:/Users/guan-ming.dennis-won/Documents/Code/SPI_4_Wire_Serial_Intel_FPGA_IP/software/NIOS_Project_Small_bsp//HAL/inc -Ic:/Users/guan-ming.dennis-won/Documents/Code/SPI_4_Wire_Serial_Intel_FPGA_IP/software/NIOS_Project_Small_bsp/ -Ic:/Users/guan-ming.dennis-won/Documents/Code/SPI_4_Wire_Serial_Intel_FPGA_IP/software/NIOS_Project_Small_bsp//drivers/inc  -pipe -D__hal__ -DALT_NO_C_PLUS_PLUS -DALT_NO_CLEAN_EXIT -D'exit(a)=_exit(a)' -DALT_NO_EXIT -DALT_USE_DIRECT_DRIVERS -DALT_NO_INSTRUCTION_EMULATION -DALT_USE_SMALL_DRIVERS -DSMALL_C_LIB -DALT_SINGLE_THREADED    -Os -g -Wall   -mno-hw-div -mno-hw-div -mno-hw-mul -mno-hw-mulx -mgpopt=global  -o "obj/default/imported_source/TENCL040_ESC.o" "imported_source/TENCL040_ESC.c"
imported_source/TENCL040_ESC.c: In function 'APPL_InputMapping':
imported_source/TENCL040_ESC.c:360:33: warning: case label value exceeds maximum value for type [-Wswitch-outside-range]
  360 |                                 case 0x1A010:
      |                                 ^~~~
imported_source/TENCL040_ESC.c: In function 'APPL_GetDeviceID':
imported_source/TENCL040_ESC.c:449:6: warning: #warning "Implement explicit Device ID latching" [-Wcpp]
  449 |     #warning "Implement explicit Device ID latching"
      |      ^~~~~~~
Info: Compiling imported_source/ax58100_hw.c to obj/default/imported_source/ax58100_hw.o
nios2-elf-gcc.exe -xc -MP -MMD -c -Ic:/Users/guan-ming.dennis-won/Documents/Code/SPI_4_Wire_Serial_Intel_FPGA_IP/software/NIOS_Project_Small_bsp//HAL/inc -Ic:/Users/guan-ming.dennis-won/Documents/Code/SPI_4_Wire_Serial_Intel_FPGA_IP/software/NIOS_Project_Small_bsp/ -Ic:/Users/guan-ming.dennis-won/Documents/Code/SPI_4_Wire_Serial_Intel_FPGA_IP/software/NIOS_Project_Small_bsp//drivers/inc  -pipe -D__hal__ -DALT_NO_C_PLUS_PLUS -DALT_NO_CLEAN_EXIT -D'exit(a)=_exit(a)' -DALT_NO_EXIT -DALT_USE_DIRECT_DRIVERS -DALT_NO_INSTRUCTION_EMULATION -DALT_USE_SMALL_DRIVERS -DSMALL_C_LIB -DALT_SINGLE_THREADED    -Os -g -Wall   -mno-hw-div -mno-hw-div -mno-hw-mul -mno-hw-mulx -mgpopt=global  -o "obj/default/imported_source/ax58100_hw.o" "imported_source/ax58100_hw.c"
imported_source/ax58100_hw.c: In function 'HW_SPI_Read':
imported_source/ax58100_hw.c:169:25: warning: unused variable 'spi_check' [-Wunused-variable]
  169 |                 uint8_t spi_check =  spi_transmit_receive(ESC_SPI_BASE, 0,
      |                         ^~~~~~~~~
imported_source/ax58100_hw.c: In function 'HW_SPI_Write':
imported_source/ax58100_hw.c:259:25: warning: unused variable 'spi_check' [-Wunused-variable]
  259 |                 uint8_t spi_check =  spi_transmit_receive(ESC_SPI_BASE, 0,
      |                         ^~~~~~~~~
imported_source/ax58100_hw.c: In function 'HW_Init':
imported_source/ax58100_hw.c:333:9: warning: implicit declaration of function 'init_exti0_it' [-Wimplicit-function-declaration]
  333 |         init_exti0_it();
      |         ^~~~~~~~~~~~~
imported_source/ax58100_hw.c: At top level:
imported_source/ax58100_hw.c:61:16: warning: 'HW_SPI_TransmitReceive' defined but not used [-Wunused-function]
   61 | static int32_t HW_SPI_TransmitReceive(uint8_t* pTxData, uint8_t* pRxData,
      |                ^~~~~~~~~~~~~~~~~~~~~~
Info: Compiling imported_source/coeappl.c to obj/default/imported_source/coeappl.o
nios2-elf-gcc.exe -xc -MP -MMD -c -Ic:/Users/guan-ming.dennis-won/Documents/Code/SPI_4_Wire_Serial_Intel_FPGA_IP/software/NIOS_Project_Small_bsp//HAL/inc -Ic:/Users/guan-ming.dennis-won/Documents/Code/SPI_4_Wire_Serial_Intel_FPGA_IP/software/NIOS_Project_Small_bsp/ -Ic:/Users/guan-ming.dennis-won/Documents/Code/SPI_4_Wire_Serial_Intel_FPGA_IP/software/NIOS_Project_Small_bsp//drivers/inc  -pipe -D__hal__ -DALT_NO_C_PLUS_PLUS -DALT_NO_CLEAN_EXIT -D'exit(a)=_exit(a)' -DALT_NO_EXIT -DALT_USE_DIRECT_DRIVERS -DALT_NO_INSTRUCTION_EMULATION -DALT_USE_SMALL_DRIVERS -DSMALL_C_LIB -DALT_SINGLE_THREADED    -Os -g -Wall   -mno-hw-div -mno-hw-div -mno-hw-mul -mno-hw-mulx -mgpopt=global  -o "obj/default/imported_source/coeappl.o" "imported_source/coeappl.c"
imported_source/coeappl.c: In function 'COE_ObjDictionaryInit':
imported_source/coeappl.c:882:26: warning: the comparison will always evaluate as 'true' for the address of 'ApplicationObjDic' will never be NULL [-Waddress]
  882 |     if(ApplicationObjDic != NULL)
      |                          ^~
In file included from imported_source/../imported_source/TENCL040_ESC.h:41,
                 from imported_source/coeappl.c:132:
imported_source/../imported_source/TENCL040_ESCObjects.h:2437:19: note: 'ApplicationObjDic' declared here
 2437 | TOBJECT    OBJMEM ApplicationObjDic[] = {
      |                   ^~~~~~~~~~~~~~~~~
Info: Compiling imported_source/ecatappl.c to obj/default/imported_source/ecatappl.o
nios2-elf-gcc.exe -xc -MP -MMD -c -Ic:/Users/guan-ming.dennis-won/Documents/Code/SPI_4_Wire_Serial_Intel_FPGA_IP/software/NIOS_Project_Small_bsp//HAL/inc -Ic:/Users/guan-ming.dennis-won/Documents/Code/SPI_4_Wire_Serial_Intel_FPGA_IP/software/NIOS_Project_Small_bsp/ -Ic:/Users/guan-ming.dennis-won/Documents/Code/SPI_4_Wire_Serial_Intel_FPGA_IP/software/NIOS_Project_Small_bsp//drivers/inc  -pipe -D__hal__ -DALT_NO_C_PLUS_PLUS -DALT_NO_CLEAN_EXIT -D'exit(a)=_exit(a)' -DALT_NO_EXIT -DALT_USE_DIRECT_DRIVERS -DALT_NO_INSTRUCTION_EMULATION -DALT_USE_SMALL_DRIVERS -DSMALL_C_LIB -DALT_SINGLE_THREADED    -Os -g -Wall   -mno-hw-div -mno-hw-div -mno-hw-mul -mno-hw-mulx -mgpopt=global  -o "obj/default/imported_source/ecatappl.o" "imported_source/ecatappl.c"
Info: Compiling imported_source/ecatcoe.c to obj/default/imported_source/ecatcoe.o
nios2-elf-gcc.exe -xc -MP -MMD -c -Ic:/Users/guan-ming.dennis-won/Documents/Code/SPI_4_Wire_Serial_Intel_FPGA_IP/software/NIOS_Project_Small_bsp//HAL/inc -Ic:/Users/guan-ming.dennis-won/Documents/Code/SPI_4_Wire_Serial_Intel_FPGA_IP/software/NIOS_Project_Small_bsp/ -Ic:/Users/guan-ming.dennis-won/Documents/Code/SPI_4_Wire_Serial_Intel_FPGA_IP/software/NIOS_Project_Small_bsp//drivers/inc  -pipe -D__hal__ -DALT_NO_C_PLUS_PLUS -DALT_NO_CLEAN_EXIT -D'exit(a)=_exit(a)' -DALT_NO_EXIT -DALT_USE_DIRECT_DRIVERS -DALT_NO_INSTRUCTION_EMULATION -DALT_USE_SMALL_DRIVERS -DSMALL_C_LIB -DALT_SINGLE_THREADED    -Os -g -Wall   -mno-hw-div -mno-hw-div -mno-hw-mul -mno-hw-mulx -mgpopt=global  -o "obj/default/imported_source/ecatcoe.o" "imported_source/ecatcoe.c"
Info: Compiling imported_source/ecatslv.c to obj/default/imported_source/ecatslv.o
nios2-elf-gcc.exe -xc -MP -MMD -c -Ic:/Users/guan-ming.dennis-won/Documents/Code/SPI_4_Wire_Serial_Intel_FPGA_IP/software/NIOS_Project_Small_bsp//HAL/inc -Ic:/Users/guan-ming.dennis-won/Documents/Code/SPI_4_Wire_Serial_Intel_FPGA_IP/software/NIOS_Project_Small_bsp/ -Ic:/Users/guan-ming.dennis-won/Documents/Code/SPI_4_Wire_Serial_Intel_FPGA_IP/software/NIOS_Project_Small_bsp//drivers/inc  -pipe -D__hal__ -DALT_NO_C_PLUS_PLUS -DALT_NO_CLEAN_EXIT -D'exit(a)=_exit(a)' -DALT_NO_EXIT -DALT_USE_DIRECT_DRIVERS -DALT_NO_INSTRUCTION_EMULATION -DALT_USE_SMALL_DRIVERS -DSMALL_C_LIB -DALT_SINGLE_THREADED    -Os -g -Wall   -mno-hw-div -mno-hw-div -mno-hw-mul -mno-hw-mulx -mgpopt=global  -o "obj/default/imported_source/ecatslv.o" "imported_source/ecatslv.c"
Info: Compiling imported_source/mailbox.c to obj/default/imported_source/mailbox.o
nios2-elf-gcc.exe -xc -MP -MMD -c -Ic:/Users/guan-ming.dennis-won/Documents/Code/SPI_4_Wire_Serial_Intel_FPGA_IP/software/NIOS_Project_Small_bsp//HAL/inc -Ic:/Users/guan-ming.dennis-won/Documents/Code/SPI_4_Wire_Serial_Intel_FPGA_IP/software/NIOS_Project_Small_bsp/ -Ic:/Users/guan-ming.dennis-won/Documents/Code/SPI_4_Wire_Serial_Intel_FPGA_IP/software/NIOS_Project_Small_bsp//drivers/inc  -pipe -D__hal__ -DALT_NO_C_PLUS_PLUS -DALT_NO_CLEAN_EXIT -D'exit(a)=_exit(a)' -DALT_NO_EXIT -DALT_USE_DIRECT_DRIVERS -DALT_NO_INSTRUCTION_EMULATION -DALT_USE_SMALL_DRIVERS -DSMALL_C_LIB -DALT_SINGLE_THREADED    -Os -g -Wall   -mno-hw-div -mno-hw-div -mno-hw-mul -mno-hw-mulx -mgpopt=global  -o "obj/default/imported_source/mailbox.o" "imported_source/mailbox.c"
imported_source/mailbox.c: In function 'MBX_CheckAndCopyMailbox':
imported_source/mailbox.c:760:17: warning: array subscript 'TMBX[0]' is partly outside array bounds of 'unsigned char[10]' [-Warray-bounds]
  760 |             pMbx->MbxHeader.Length     = 4;
      |                 ^~
In file included from imported_source/mailbox.c:138:
imported_source/../imported_source/ecat_def.h:776:51: note: object of size 10 allocated by 'malloc'
  776 | #define APPL_AllocMailboxBuffer(size)             malloc((size))
      |                                                   ^~~~~~~~~~~~~~
imported_source/mailbox.c:753:45: note: in expansion of macro 'APPL_AllocMailboxBuffer'
  753 |         TMBX MBXMEM *pMbx = (TMBX MBXMEM *) APPL_AllocMailboxBuffer(10); /* a mailbox error datagram length*/
      |                                             ^~~~~~~~~~~~~~~~~~~~~~~
imported_source/mailbox.c:762:17: warning: array subscript 'TMBX[0]' is partly outside array bounds of 'unsigned char[10]' [-Warray-bounds]
  762 |             pMbx->Data[0]                        = SWAPWORD(MBXSERVICE_MBXERRORCMD);
      |                 ^~
imported_source/../imported_source/ecat_def.h:776:51: note: object of size 10 allocated by 'malloc'
  776 | #define APPL_AllocMailboxBuffer(size)             malloc((size))
      |                                                   ^~~~~~~~~~~~~~
imported_source/mailbox.c:753:45: note: in expansion of macro 'APPL_AllocMailboxBuffer'
  753 |         TMBX MBXMEM *pMbx = (TMBX MBXMEM *) APPL_AllocMailboxBuffer(10); /* a mailbox error datagram length*/
      |                                             ^~~~~~~~~~~~~~~~~~~~~~~
imported_source/mailbox.c:763:17: warning: array subscript 'TMBX[0]' is partly outside array bounds of 'unsigned char[10]' [-Warray-bounds]
  763 |             pMbx->Data[1]                        = SWAPWORD(MBXERR_NOMOREMEMORY);
      |                 ^~
imported_source/../imported_source/ecat_def.h:776:51: note: object of size 10 allocated by 'malloc'
  776 | #define APPL_AllocMailboxBuffer(size)             malloc((size))
      |                                                   ^~~~~~~~~~~~~~
imported_source/mailbox.c:753:45: note: in expansion of macro 'APPL_AllocMailboxBuffer'
  753 |         TMBX MBXMEM *pMbx = (TMBX MBXMEM *) APPL_AllocMailboxBuffer(10); /* a mailbox error datagram length*/
      |                                             ^~~~~~~~~~~~~~~~~~~~~~~
Info: Compiling imported_source/objdef.c to obj/default/imported_source/objdef.o
nios2-elf-gcc.exe -xc -MP -MMD -c -Ic:/Users/guan-ming.dennis-won/Documents/Code/SPI_4_Wire_Serial_Intel_FPGA_IP/software/NIOS_Project_Small_bsp//HAL/inc -Ic:/Users/guan-ming.dennis-won/Documents/Code/SPI_4_Wire_Serial_Intel_FPGA_IP/software/NIOS_Project_Small_bsp/ -Ic:/Users/guan-ming.dennis-won/Documents/Code/SPI_4_Wire_Serial_Intel_FPGA_IP/software/NIOS_Project_Small_bsp//drivers/inc  -pipe -D__hal__ -DALT_NO_C_PLUS_PLUS -DALT_NO_CLEAN_EXIT -D'exit(a)=_exit(a)' -DALT_NO_EXIT -DALT_USE_DIRECT_DRIVERS -DALT_NO_INSTRUCTION_EMULATION -DALT_USE_SMALL_DRIVERS -DSMALL_C_LIB -DALT_SINGLE_THREADED    -Os -g -Wall   -mno-hw-div -mno-hw-div -mno-hw-mul -mno-hw-mulx -mgpopt=global  -o "obj/default/imported_source/objdef.o" "imported_source/objdef.c"
Info: Compiling imported_source/sdoserv.c to obj/default/imported_source/sdoserv.o
nios2-elf-gcc.exe -xc -MP -MMD -c -Ic:/Users/guan-ming.dennis-won/Documents/Code/SPI_4_Wire_Serial_Intel_FPGA_IP/software/NIOS_Project_Small_bsp//HAL/inc -Ic:/Users/guan-ming.dennis-won/Documents/Code/SPI_4_Wire_Serial_Intel_FPGA_IP/software/NIOS_Project_Small_bsp/ -Ic:/Users/guan-ming.dennis-won/Documents/Code/SPI_4_Wire_Serial_Intel_FPGA_IP/software/NIOS_Project_Small_bsp//drivers/inc  -pipe -D__hal__ -DALT_NO_C_PLUS_PLUS -DALT_NO_CLEAN_EXIT -D'exit(a)=_exit(a)' -DALT_NO_EXIT -DALT_USE_DIRECT_DRIVERS -DALT_NO_INSTRUCTION_EMULATION -DALT_USE_SMALL_DRIVERS -DSMALL_C_LIB -DALT_SINGLE_THREADED    -Os -g -Wall   -mno-hw-div -mno-hw-div -mno-hw-mul -mno-hw-mulx -mgpopt=global  -o "obj/default/imported_source/sdoserv.o" "imported_source/sdoserv.c"
Info: Compiling nios_it/nios_it.c to obj/default/nios_it/nios_it.o
nios2-elf-gcc.exe -xc -MP -MMD -c -Ic:/Users/guan-ming.dennis-won/Documents/Code/SPI_4_Wire_Serial_Intel_FPGA_IP/software/NIOS_Project_Small_bsp//HAL/inc -Ic:/Users/guan-ming.dennis-won/Documents/Code/SPI_4_Wire_Serial_Intel_FPGA_IP/software/NIOS_Project_Small_bsp/ -Ic:/Users/guan-ming.dennis-won/Documents/Code/SPI_4_Wire_Serial_Intel_FPGA_IP/software/NIOS_Project_Small_bsp//drivers/inc  -pipe -D__hal__ -DALT_NO_C_PLUS_PLUS -DALT_NO_CLEAN_EXIT -D'exit(a)=_exit(a)' -DALT_NO_EXIT -DALT_USE_DIRECT_DRIVERS -DALT_NO_INSTRUCTION_EMULATION -DALT_USE_SMALL_DRIVERS -DSMALL_C_LIB -DALT_SINGLE_THREADED    -Os -g -Wall   -mno-hw-div -mno-hw-div -mno-hw-mul -mno-hw-mulx -mgpopt=global  -o "obj/default/nios_it/nios_it.o" "nios_it/nios_it.c"
nios_it/nios_it.c: In function 'exti0_isr':
nios_it/nios_it.c:18:10: warning: implicit declaration of function 'PDI_Isr' [-Wimplicit-function-declaration]
   18 |          PDI_Isr();
      |          ^~~~~~~
nios_it/nios_it.c:24:10: warning: implicit declaration of function 'printf' [-Wimplicit-function-declaration]
   24 |          printf("Called ISR!\n");
      |          ^~~~~~
nios_it/nios_it.c:11:1: note: include '<stdio.h>' or provide a declaration of 'printf'
   10 | #include "../peripheral/peripheral_linker.h"  // Include the linker header file with peripheral definitions
  +++ |+#include <stdio.h>
   11 | 
nios_it/nios_it.c:24:10: warning: incompatible implicit declaration of built-in function 'printf' [-Wbuiltin-declaration-mismatch]
   24 |          printf("Called ISR!\n");
      |          ^~~~~~
nios_it/nios_it.c:24:10: note: include '<stdio.h>' or provide a declaration of 'printf'
Info: Compiling peripheral/peripheral_linker.c to obj/default/peripheral/peripheral_linker.o
nios2-elf-gcc.exe -xc -MP -MMD -c -Ic:/Users/guan-ming.dennis-won/Documents/Code/SPI_4_Wire_Serial_Intel_FPGA_IP/software/NIOS_Project_Small_bsp//HAL/inc -Ic:/Users/guan-ming.dennis-won/Documents/Code/SPI_4_Wire_Serial_Intel_FPGA_IP/software/NIOS_Project_Small_bsp/ -Ic:/Users/guan-ming.dennis-won/Documents/Code/SPI_4_Wire_Serial_Intel_FPGA_IP/software/NIOS_Project_Small_bsp//drivers/inc  -pipe -D__hal__ -DALT_NO_C_PLUS_PLUS -DALT_NO_CLEAN_EXIT -D'exit(a)=_exit(a)' -DALT_NO_EXIT -DALT_USE_DIRECT_DRIVERS -DALT_NO_INSTRUCTION_EMULATION -DALT_USE_SMALL_DRIVERS -DSMALL_C_LIB -DALT_SINGLE_THREADED    -Os -g -Wall   -mno-hw-div -mno-hw-div -mno-hw-mul -mno-hw-mulx -mgpopt=global  -o "obj/default/peripheral/peripheral_linker.o" "peripheral/peripheral_linker.c"
peripheral/peripheral_linker.c: In function 'delay_ms':
peripheral/peripheral_linker.c:9:5: warning: implicit declaration of function 'usleep' [-Wimplicit-function-declaration]
    9 |     usleep(milliseconds * 1000);  // Convert to microseconds
      |     ^~~~~~
peripheral/peripheral_linker.c: In function 'adc_init':
peripheral/peripheral_linker.c:17:13: warning: variable 'spi_check' set but not used [-Wunused-but-set-variable]
   17 |         int spi_check = -1;
      |             ^~~~~~~~~
peripheral/peripheral_linker.c: In function 'adc_init_spi_transmit_receive':
peripheral/peripheral_linker.c:161:13: warning: variable 'spi_check' set but not used [-Wunused-but-set-variable]
  161 |         int spi_check = -1;
      |             ^~~~~~~~~
peripheral/peripheral_linker.c: In function 'spi_transmit_receive':
peripheral/peripheral_linker.c:348:19: warning: implicit declaration of function 'printf' [-Wimplicit-function-declaration]
  348 |                   printf("error!");
      |                   ^~~~~~
peripheral/peripheral_linker.c:5:1: note: include '<stdio.h>' or provide a declaration of 'printf'
    4 | #include "timer.h"
  +++ |+#include <stdio.h>
    5 | 
peripheral/peripheral_linker.c:348:19: warning: incompatible implicit declaration of built-in function 'printf' [-Wbuiltin-declaration-mismatch]
  348 |                   printf("error!");
      |                   ^~~~~~
peripheral/peripheral_linker.c:348:19: note: include '<stdio.h>' or provide a declaration of 'printf'
Info: Compiling peripheral/timer.c to obj/default/peripheral/timer.o
nios2-elf-gcc.exe -xc -MP -MMD -c -Ic:/Users/guan-ming.dennis-won/Documents/Code/SPI_4_Wire_Serial_Intel_FPGA_IP/software/NIOS_Project_Small_bsp//HAL/inc -Ic:/Users/guan-ming.dennis-won/Documents/Code/SPI_4_Wire_Serial_Intel_FPGA_IP/software/NIOS_Project_Small_bsp/ -Ic:/Users/guan-ming.dennis-won/Documents/Code/SPI_4_Wire_Serial_Intel_FPGA_IP/software/NIOS_Project_Small_bsp//drivers/inc  -pipe -D__hal__ -DALT_NO_C_PLUS_PLUS -DALT_NO_CLEAN_EXIT -D'exit(a)=_exit(a)' -DALT_NO_EXIT -DALT_USE_DIRECT_DRIVERS -DALT_NO_INSTRUCTION_EMULATION -DALT_USE_SMALL_DRIVERS -DSMALL_C_LIB -DALT_SINGLE_THREADED    -Os -g -Wall   -mno-hw-div -mno-hw-div -mno-hw-mul -mno-hw-mulx -mgpopt=global  -o "obj/default/peripheral/timer.o" "peripheral/timer.c"
peripheral/timer.c:4:16: warning: 'led_blink_register' defined but not used [-Wunused-variable]
    4 | static uint8_t led_blink_register = 0;
      |                ^~~~~~~~~~~~~~~~~~
Info: Linking NIOS_Project_Small.elf
nios2-elf-g++.exe  -T'c:/Users/guan-ming.dennis-won/Documents/Code/SPI_4_Wire_Serial_Intel_FPGA_IP/software/NIOS_Project_Small_bsp//linker.x' -msys-crt0='c:/Users/guan-ming.dennis-won/Documents/Code/SPI_4_Wire_Serial_Intel_FPGA_IP/software/NIOS_Project_Small_bsp//obj/HAL/src/crt0.o' -msys-lib=hal_bsp -Lc:/Users/guan-ming.dennis-won/Documents/Code/SPI_4_Wire_Serial_Intel_FPGA_IP/software/NIOS_Project_Small_bsp/  -msmallc  -Wl,-Map=NIOS_Project_Small.map   -Os -g -Wall   -mno-hw-div -mno-hw-div -mno-hw-mul -mno-hw-mulx -mgpopt=global  -o NIOS_Project_Small.elf obj/default/hello_world_small.o obj/default/imported_source/TENCL040_ESC.o obj/default/imported_source/ax58100_hw.o obj/default/imported_source/coeappl.o obj/default/imported_source/ecatappl.o obj/default/imported_source/ecatcoe.o obj/default/imported_source/ecatslv.o obj/default/imported_source/mailbox.o obj/default/imported_source/objdef.o obj/default/imported_source/sdoserv.o obj/default/nios_it/nios_it.o obj/default/peripheral/peripheral_linker.o obj/default/peripheral/timer.o -lm -msys-lib=m
c:/intelfpga_lite/23.1std/nios2eds/bin/gnu/h-x86_64-mingw32/bin/../lib/gcc/nios2-elf/12.3.1/../../../../../H-x86_64-mingw32/nios2-elf/bin/ld.exe: obj/default/hello_world_small.o: in function `main':
C:\Users\guan-ming.dennis-won\Documents\Code\SPI_4_Wire_Serial_Intel_FPGA_IP\software\NIOS_Project_Small/hello_world_small.c:29: undefined reference to `timer6_init'
collect2.exe: error: ld returned 1 exit status
Makefile:1026: recipe for target 'NIOS_Project_Small.elf' failed
make: *** [NIOS_Project_Small.elf] Error 1
14:49:43 **** Incremental Build of configuration Nios II for project NIOS_Project_Small ****
wsl make all 
Info: Building /mnt/c/Users/guan-ming.dennis-won/Documents/Code/SPI_4_Wire_Serial_Intel_FPGA_IP/software/NIOS_Project_Small_bsp/
make --no-print-directory -C /mnt/c/Users/guan-ming.dennis-won/Documents/Code/SPI_4_Wire_Serial_Intel_FPGA_IP/software/NIOS_Project_Small_bsp/
[BSP build complete]
Info: Compiling hello_world_small.c to obj/default/hello_world_small.o
nios2-elf-gcc.exe -xc -MP -MMD -c -Ic:/Users/guan-ming.dennis-won/Documents/Code/SPI_4_Wire_Serial_Intel_FPGA_IP/software/NIOS_Project_Small_bsp//HAL/inc -Ic:/Users/guan-ming.dennis-won/Documents/Code/SPI_4_Wire_Serial_Intel_FPGA_IP/software/NIOS_Project_Small_bsp/ -Ic:/Users/guan-ming.dennis-won/Documents/Code/SPI_4_Wire_Serial_Intel_FPGA_IP/software/NIOS_Project_Small_bsp//drivers/inc  -pipe -D__hal__ -DALT_NO_C_PLUS_PLUS -DALT_NO_CLEAN_EXIT -D'exit(a)=_exit(a)' -DALT_NO_EXIT -DALT_USE_DIRECT_DRIVERS -DALT_NO_INSTRUCTION_EMULATION -DALT_USE_SMALL_DRIVERS -DSMALL_C_LIB -DALT_SINGLE_THREADED    -Os -g -Wall   -mno-hw-div -mno-hw-div -mno-hw-mul -mno-hw-mulx -mgpopt=global  -o "obj/default/hello_world_small.o" "hello_world_small.c"
hello_world_small.c: In function 'main':
hello_world_small.c:29:3: warning: implicit declaration of function 'timer16_init' [-Wimplicit-function-declaration]
   29 |   timer16_init();
      |   ^~~~~~~~~~~~
hello_world_small.c:28:27: warning: unused variable 'invert_me' [-Wunused-variable]
   28 |   static volatile uint8_t invert_me = 1;
      |                           ^~~~~~~~~
hello_world_small.c:27:11: warning: unused variable 'out' [-Wunused-variable]
   27 |   uint8_t out = 0;
      |           ^~~
Info: Compiling peripheral/timer.c to obj/default/peripheral/timer.o
nios2-elf-gcc.exe -xc -MP -MMD -c -Ic:/Users/guan-ming.dennis-won/Documents/Code/SPI_4_Wire_Serial_Intel_FPGA_IP/software/NIOS_Project_Small_bsp//HAL/inc -Ic:/Users/guan-ming.dennis-won/Documents/Code/SPI_4_Wire_Serial_Intel_FPGA_IP/software/NIOS_Project_Small_bsp/ -Ic:/Users/guan-ming.dennis-won/Documents/Code/SPI_4_Wire_Serial_Intel_FPGA_IP/software/NIOS_Project_Small_bsp//drivers/inc  -pipe -D__hal__ -DALT_NO_C_PLUS_PLUS -DALT_NO_CLEAN_EXIT -D'exit(a)=_exit(a)' -DALT_NO_EXIT -DALT_USE_DIRECT_DRIVERS -DALT_NO_INSTRUCTION_EMULATION -DALT_USE_SMALL_DRIVERS -DSMALL_C_LIB -DALT_SINGLE_THREADED    -Os -g -Wall   -mno-hw-div -mno-hw-div -mno-hw-mul -mno-hw-mulx -mgpopt=global  -o "obj/default/peripheral/timer.o" "peripheral/timer.c"
peripheral/timer.c:4:16: warning: 'led_blink_register' defined but not used [-Wunused-variable]
Info: Linking NIOS_Project_Small.elf
    4 | static uint8_t led_blink_register = 0;
nios2-elf-g++.exe  -T'c:/Users/guan-ming.dennis-won/Documents/Code/SPI_4_Wire_Serial_Intel_FPGA_IP/software/NIOS_Project_Small_bsp//linker.x' -msys-crt0='c:/Users/guan-ming.dennis-won/Documents/Code/SPI_4_Wire_Serial_Intel_FPGA_IP/software/NIOS_Project_Small_bsp//obj/HAL/src/crt0.o' -msys-lib=hal_bsp -Lc:/Users/guan-ming.dennis-won/Documents/Code/SPI_4_Wire_Serial_Intel_FPGA_IP/software/NIOS_Project_Small_bsp/  -msmallc  -Wl,-Map=NIOS_Project_Small.map   -Os -g -Wall   -mno-hw-div -mno-hw-div -mno-hw-mul -mno-hw-mulx -mgpopt=global  -o NIOS_Project_Small.elf obj/default/hello_world_small.o obj/default/imported_source/TENCL040_ESC.o obj/default/imported_source/ax58100_hw.o obj/default/imported_source/coeappl.o obj/default/imported_source/ecatappl.o obj/default/imported_source/ecatcoe.o obj/default/imported_source/ecatslv.o obj/default/imported_source/mailbox.o obj/default/imported_source/objdef.o obj/default/imported_source/sdoserv.o obj/default/nios_it/nios_it.o obj/default/peripheral/peripheral_linker.o obj/default/peripheral/timer.o -lm -msys-lib=m
      |                ^~~~~~~~~~~~~~~~~~
nios2-elf-insert.exe NIOS_Project_Small.elf --thread_model hal --cpu_name NIOS --qsys true --simulation_enabled false --id 39011 --sidp 0x410e0 --timestamp 1749793232 --stderr_dev DEBUG --stdin_dev DEBUG --stdout_dev DEBUG --sopc_system_name spi_platform_designer --quartus_project_dir "c:/Users/guan-ming.dennis-won/Documents/Code/SPI_4_Wire_Serial_Intel_FPGA_IP" --jdi ../..//output_files/spi.jdi --sopcinfo C:/Users/guan-ming.dennis-won/Documents/Code/SPI_4_Wire_Serial_Intel_FPGA_IP/spi_platform_designer.sopcinfo
Info: (NIOS_Project_Small.elf) 41 KBytes program size (code + initialized data).
Info:                          34 KBytes free for stack + heap.
Info: Creating NIOS_Project_Small.objdump
nios2-elf-objdump.exe --disassemble --syms --all-header --source NIOS_Project_Small.elf >NIOS_Project_Small.objdump
[NIOS_Project_Small build complete]
14:50:26 **** Clean-only build of configuration Nios II for project NIOS_Project_Small ****
wsl make clean 
[NIOS_Project_Small clean complete]
14:50:27 **** Build of configuration Nios II for project NIOS_Project_Small ****
wsl make all 
Info: Building /mnt/c/Users/guan-ming.dennis-won/Documents/Code/SPI_4_Wire_Serial_Intel_FPGA_IP/software/NIOS_Project_Small_bsp/
make --no-print-directory -C /mnt/c/Users/guan-ming.dennis-won/Documents/Code/SPI_4_Wire_Serial_Intel_FPGA_IP/software/NIOS_Project_Small_bsp/
[BSP build complete]
Info: Compiling hello_world_small.c to obj/default/hello_world_small.o
nios2-elf-gcc.exe -xc -MP -MMD -c -Ic:/Users/guan-ming.dennis-won/Documents/Code/SPI_4_Wire_Serial_Intel_FPGA_IP/software/NIOS_Project_Small_bsp//HAL/inc -Ic:/Users/guan-ming.dennis-won/Documents/Code/SPI_4_Wire_Serial_Intel_FPGA_IP/software/NIOS_Project_Small_bsp/ -Ic:/Users/guan-ming.dennis-won/Documents/Code/SPI_4_Wire_Serial_Intel_FPGA_IP/software/NIOS_Project_Small_bsp//drivers/inc  -pipe -D__hal__ -DALT_NO_C_PLUS_PLUS -DALT_NO_CLEAN_EXIT -D'exit(a)=_exit(a)' -DALT_NO_EXIT -DALT_USE_DIRECT_DRIVERS -DALT_NO_INSTRUCTION_EMULATION -DALT_USE_SMALL_DRIVERS -DSMALL_C_LIB -DALT_SINGLE_THREADED    -Os -g -Wall   -mno-hw-div -mno-hw-div -mno-hw-mul -mno-hw-mulx -mgpopt=global  -o "obj/default/hello_world_small.o" "hello_world_small.c"
hello_world_small.c:22:10: fatal error: timer.h: No such file or directory
   22 | #include "timer.h"
      |          ^~~~~~~~~
compilation terminated.
make: *** [obj/default/hello_world_small.o] Error 1
Makefile:737: recipe for target 'obj/default/hello_world_small.o' failed
14:50:43 **** Clean-only build of configuration Nios II for project NIOS_Project_Small ****
wsl make clean 
[NIOS_Project_Small clean complete]
14:50:45 **** Build of configuration Nios II for project NIOS_Project_Small ****
wsl make all 
Info: Building /mnt/c/Users/guan-ming.dennis-won/Documents/Code/SPI_4_Wire_Serial_Intel_FPGA_IP/software/NIOS_Project_Small_bsp/
make --no-print-directory -C /mnt/c/Users/guan-ming.dennis-won/Documents/Code/SPI_4_Wire_Serial_Intel_FPGA_IP/software/NIOS_Project_Small_bsp/
[BSP build complete]
Info: Compiling hello_world_small.c to obj/default/hello_world_small.o
nios2-elf-gcc.exe -xc -MP -MMD -c -Ic:/Users/guan-ming.dennis-won/Documents/Code/SPI_4_Wire_Serial_Intel_FPGA_IP/software/NIOS_Project_Small_bsp//HAL/inc -Ic:/Users/guan-ming.dennis-won/Documents/Code/SPI_4_Wire_Serial_Intel_FPGA_IP/software/NIOS_Project_Small_bsp/ -Ic:/Users/guan-ming.dennis-won/Documents/Code/SPI_4_Wire_Serial_Intel_FPGA_IP/software/NIOS_Project_Small_bsp//drivers/inc  -pipe -D__hal__ -DALT_NO_C_PLUS_PLUS -DALT_NO_CLEAN_EXIT -D'exit(a)=_exit(a)' -DALT_NO_EXIT -DALT_USE_DIRECT_DRIVERS -DALT_NO_INSTRUCTION_EMULATION -DALT_USE_SMALL_DRIVERS -DSMALL_C_LIB -DALT_SINGLE_THREADED    -Os -g -Wall   -mno-hw-div -mno-hw-div -mno-hw-mul -mno-hw-mulx -mgpopt=global  -o "obj/default/hello_world_small.o" "hello_world_small.c"
Info: Compiling imported_source/TENCL040_ESC.c to obj/default/imported_source/TENCL040_ESC.o
nios2-elf-gcc.exe -xc -MP -MMD -c -Ic:/Users/guan-ming.dennis-won/Documents/Code/SPI_4_Wire_Serial_Intel_FPGA_IP/software/NIOS_Project_Small_bsp//HAL/inc -Ic:/Users/guan-ming.dennis-won/Documents/Code/SPI_4_Wire_Serial_Intel_FPGA_IP/software/NIOS_Project_Small_bsp/ -Ic:/Users/guan-ming.dennis-won/Documents/Code/SPI_4_Wire_Serial_Intel_FPGA_IP/software/NIOS_Project_Small_bsp//drivers/inc  -pipe -D__hal__ -DALT_NO_C_PLUS_PLUS -DALT_NO_CLEAN_EXIT -D'exit(a)=_exit(a)' -DALT_NO_EXIT -DALT_USE_DIRECT_DRIVERS -DALT_NO_INSTRUCTION_EMULATION -DALT_USE_SMALL_DRIVERS -DSMALL_C_LIB -DALT_SINGLE_THREADED    -Os -g -Wall   -mno-hw-div -mno-hw-div -mno-hw-mul -mno-hw-mulx -mgpopt=global  -o "obj/default/imported_source/TENCL040_ESC.o" "imported_source/TENCL040_ESC.c"
imported_source/TENCL040_ESC.c: In function 'APPL_InputMapping':
imported_source/TENCL040_ESC.c:360:33: warning: case label value exceeds maximum value for type [-Wswitch-outside-range]
  360 |                                 case 0x1A010:
      |                                 ^~~~
imported_source/TENCL040_ESC.c: In function 'APPL_GetDeviceID':
imported_source/TENCL040_ESC.c:449:6: warning: #warning "Implement explicit Device ID latching" [-Wcpp]
  449 |     #warning "Implement explicit Device ID latching"
      |      ^~~~~~~
Info: Compiling imported_source/ax58100_hw.c to obj/default/imported_source/ax58100_hw.o
nios2-elf-gcc.exe -xc -MP -MMD -c -Ic:/Users/guan-ming.dennis-won/Documents/Code/SPI_4_Wire_Serial_Intel_FPGA_IP/software/NIOS_Project_Small_bsp//HAL/inc -Ic:/Users/guan-ming.dennis-won/Documents/Code/SPI_4_Wire_Serial_Intel_FPGA_IP/software/NIOS_Project_Small_bsp/ -Ic:/Users/guan-ming.dennis-won/Documents/Code/SPI_4_Wire_Serial_Intel_FPGA_IP/software/NIOS_Project_Small_bsp//drivers/inc  -pipe -D__hal__ -DALT_NO_C_PLUS_PLUS -DALT_NO_CLEAN_EXIT -D'exit(a)=_exit(a)' -DALT_NO_EXIT -DALT_USE_DIRECT_DRIVERS -DALT_NO_INSTRUCTION_EMULATION -DALT_USE_SMALL_DRIVERS -DSMALL_C_LIB -DALT_SINGLE_THREADED    -Os -g -Wall   -mno-hw-div -mno-hw-div -mno-hw-mul -mno-hw-mulx -mgpopt=global  -o "obj/default/imported_source/ax58100_hw.o" "imported_source/ax58100_hw.c"
imported_source/ax58100_hw.c: In function 'HW_SPI_Read':
imported_source/ax58100_hw.c:169:25: warning: unused variable 'spi_check' [-Wunused-variable]
  169 |                 uint8_t spi_check =  spi_transmit_receive(ESC_SPI_BASE, 0,
      |                         ^~~~~~~~~
imported_source/ax58100_hw.c: In function 'HW_SPI_Write':
imported_source/ax58100_hw.c:259:25: warning: unused variable 'spi_check' [-Wunused-variable]
  259 |                 uint8_t spi_check =  spi_transmit_receive(ESC_SPI_BASE, 0,
      |                         ^~~~~~~~~
imported_source/ax58100_hw.c: In function 'HW_Init':
imported_source/ax58100_hw.c:333:9: warning: implicit declaration of function 'init_exti0_it' [-Wimplicit-function-declaration]
  333 |         init_exti0_it();
      |         ^~~~~~~~~~~~~
imported_source/ax58100_hw.c: At top level:
imported_source/ax58100_hw.c:61:16: warning: 'HW_SPI_TransmitReceive' defined but not used [-Wunused-function]
   61 | static int32_t HW_SPI_TransmitReceive(uint8_t* pTxData, uint8_t* pRxData,
      |                ^~~~~~~~~~~~~~~~~~~~~~
Info: Compiling imported_source/coeappl.c to obj/default/imported_source/coeappl.o
nios2-elf-gcc.exe -xc -MP -MMD -c -Ic:/Users/guan-ming.dennis-won/Documents/Code/SPI_4_Wire_Serial_Intel_FPGA_IP/software/NIOS_Project_Small_bsp//HAL/inc -Ic:/Users/guan-ming.dennis-won/Documents/Code/SPI_4_Wire_Serial_Intel_FPGA_IP/software/NIOS_Project_Small_bsp/ -Ic:/Users/guan-ming.dennis-won/Documents/Code/SPI_4_Wire_Serial_Intel_FPGA_IP/software/NIOS_Project_Small_bsp//drivers/inc  -pipe -D__hal__ -DALT_NO_C_PLUS_PLUS -DALT_NO_CLEAN_EXIT -D'exit(a)=_exit(a)' -DALT_NO_EXIT -DALT_USE_DIRECT_DRIVERS -DALT_NO_INSTRUCTION_EMULATION -DALT_USE_SMALL_DRIVERS -DSMALL_C_LIB -DALT_SINGLE_THREADED    -Os -g -Wall   -mno-hw-div -mno-hw-div -mno-hw-mul -mno-hw-mulx -mgpopt=global  -o "obj/default/imported_source/coeappl.o" "imported_source/coeappl.c"
imported_source/coeappl.c: In function 'COE_ObjDictionaryInit':
imported_source/coeappl.c:882:26: warning: the comparison will always evaluate as 'true' for the address of 'ApplicationObjDic' will never be NULL [-Waddress]
  882 |     if(ApplicationObjDic != NULL)
      |                          ^~
In file included from imported_source/../imported_source/TENCL040_ESC.h:41,
                 from imported_source/coeappl.c:132:
imported_source/../imported_source/TENCL040_ESCObjects.h:2437:19: note: 'ApplicationObjDic' declared here
 2437 | TOBJECT    OBJMEM ApplicationObjDic[] = {
      |                   ^~~~~~~~~~~~~~~~~
Info: Compiling imported_source/ecatappl.c to obj/default/imported_source/ecatappl.o
nios2-elf-gcc.exe -xc -MP -MMD -c -Ic:/Users/guan-ming.dennis-won/Documents/Code/SPI_4_Wire_Serial_Intel_FPGA_IP/software/NIOS_Project_Small_bsp//HAL/inc -Ic:/Users/guan-ming.dennis-won/Documents/Code/SPI_4_Wire_Serial_Intel_FPGA_IP/software/NIOS_Project_Small_bsp/ -Ic:/Users/guan-ming.dennis-won/Documents/Code/SPI_4_Wire_Serial_Intel_FPGA_IP/software/NIOS_Project_Small_bsp//drivers/inc  -pipe -D__hal__ -DALT_NO_C_PLUS_PLUS -DALT_NO_CLEAN_EXIT -D'exit(a)=_exit(a)' -DALT_NO_EXIT -DALT_USE_DIRECT_DRIVERS -DALT_NO_INSTRUCTION_EMULATION -DALT_USE_SMALL_DRIVERS -DSMALL_C_LIB -DALT_SINGLE_THREADED    -Os -g -Wall   -mno-hw-div -mno-hw-div -mno-hw-mul -mno-hw-mulx -mgpopt=global  -o "obj/default/imported_source/ecatappl.o" "imported_source/ecatappl.c"
Info: Compiling imported_source/ecatcoe.c to obj/default/imported_source/ecatcoe.o
nios2-elf-gcc.exe -xc -MP -MMD -c -Ic:/Users/guan-ming.dennis-won/Documents/Code/SPI_4_Wire_Serial_Intel_FPGA_IP/software/NIOS_Project_Small_bsp//HAL/inc -Ic:/Users/guan-ming.dennis-won/Documents/Code/SPI_4_Wire_Serial_Intel_FPGA_IP/software/NIOS_Project_Small_bsp/ -Ic:/Users/guan-ming.dennis-won/Documents/Code/SPI_4_Wire_Serial_Intel_FPGA_IP/software/NIOS_Project_Small_bsp//drivers/inc  -pipe -D__hal__ -DALT_NO_C_PLUS_PLUS -DALT_NO_CLEAN_EXIT -D'exit(a)=_exit(a)' -DALT_NO_EXIT -DALT_USE_DIRECT_DRIVERS -DALT_NO_INSTRUCTION_EMULATION -DALT_USE_SMALL_DRIVERS -DSMALL_C_LIB -DALT_SINGLE_THREADED    -Os -g -Wall   -mno-hw-div -mno-hw-div -mno-hw-mul -mno-hw-mulx -mgpopt=global  -o "obj/default/imported_source/ecatcoe.o" "imported_source/ecatcoe.c"
Info: Compiling imported_source/ecatslv.c to obj/default/imported_source/ecatslv.o
nios2-elf-gcc.exe -xc -MP -MMD -c -Ic:/Users/guan-ming.dennis-won/Documents/Code/SPI_4_Wire_Serial_Intel_FPGA_IP/software/NIOS_Project_Small_bsp//HAL/inc -Ic:/Users/guan-ming.dennis-won/Documents/Code/SPI_4_Wire_Serial_Intel_FPGA_IP/software/NIOS_Project_Small_bsp/ -Ic:/Users/guan-ming.dennis-won/Documents/Code/SPI_4_Wire_Serial_Intel_FPGA_IP/software/NIOS_Project_Small_bsp//drivers/inc  -pipe -D__hal__ -DALT_NO_C_PLUS_PLUS -DALT_NO_CLEAN_EXIT -D'exit(a)=_exit(a)' -DALT_NO_EXIT -DALT_USE_DIRECT_DRIVERS -DALT_NO_INSTRUCTION_EMULATION -DALT_USE_SMALL_DRIVERS -DSMALL_C_LIB -DALT_SINGLE_THREADED    -Os -g -Wall   -mno-hw-div -mno-hw-div -mno-hw-mul -mno-hw-mulx -mgpopt=global  -o "obj/default/imported_source/ecatslv.o" "imported_source/ecatslv.c"
Info: Compiling imported_source/mailbox.c to obj/default/imported_source/mailbox.o
nios2-elf-gcc.exe -xc -MP -MMD -c -Ic:/Users/guan-ming.dennis-won/Documents/Code/SPI_4_Wire_Serial_Intel_FPGA_IP/software/NIOS_Project_Small_bsp//HAL/inc -Ic:/Users/guan-ming.dennis-won/Documents/Code/SPI_4_Wire_Serial_Intel_FPGA_IP/software/NIOS_Project_Small_bsp/ -Ic:/Users/guan-ming.dennis-won/Documents/Code/SPI_4_Wire_Serial_Intel_FPGA_IP/software/NIOS_Project_Small_bsp//drivers/inc  -pipe -D__hal__ -DALT_NO_C_PLUS_PLUS -DALT_NO_CLEAN_EXIT -D'exit(a)=_exit(a)' -DALT_NO_EXIT -DALT_USE_DIRECT_DRIVERS -DALT_NO_INSTRUCTION_EMULATION -DALT_USE_SMALL_DRIVERS -DSMALL_C_LIB -DALT_SINGLE_THREADED    -Os -g -Wall   -mno-hw-div -mno-hw-div -mno-hw-mul -mno-hw-mulx -mgpopt=global  -o "obj/default/imported_source/mailbox.o" "imported_source/mailbox.c"
imported_source/mailbox.c: In function 'MBX_CheckAndCopyMailbox':
imported_source/mailbox.c:760:17: warning: array subscript 'TMBX[0]' is partly outside array bounds of 'unsigned char[10]' [-Warray-bounds]
  760 |             pMbx->MbxHeader.Length     = 4;
      |                 ^~
In file included from imported_source/mailbox.c:138:
imported_source/../imported_source/ecat_def.h:776:51: note: object of size 10 allocated by 'malloc'
  776 | #define APPL_AllocMailboxBuffer(size)             malloc((size))
      |                                                   ^~~~~~~~~~~~~~
imported_source/mailbox.c:753:45: note: in expansion of macro 'APPL_AllocMailboxBuffer'
  753 |         TMBX MBXMEM *pMbx = (TMBX MBXMEM *) APPL_AllocMailboxBuffer(10); /* a mailbox error datagram length*/
      |                                             ^~~~~~~~~~~~~~~~~~~~~~~
imported_source/mailbox.c:762:17: warning: array subscript 'TMBX[0]' is partly outside array bounds of 'unsigned char[10]' [-Warray-bounds]
  762 |             pMbx->Data[0]                        = SWAPWORD(MBXSERVICE_MBXERRORCMD);
      |                 ^~
imported_source/../imported_source/ecat_def.h:776:51: note: object of size 10 allocated by 'malloc'
  776 | #define APPL_AllocMailboxBuffer(size)             malloc((size))
      |                                                   ^~~~~~~~~~~~~~
imported_source/mailbox.c:753:45: note: in expansion of macro 'APPL_AllocMailboxBuffer'
  753 |         TMBX MBXMEM *pMbx = (TMBX MBXMEM *) APPL_AllocMailboxBuffer(10); /* a mailbox error datagram length*/
      |                                             ^~~~~~~~~~~~~~~~~~~~~~~
imported_source/mailbox.c:763:17: warning: array subscript 'TMBX[0]' is partly outside array bounds of 'unsigned char[10]' [-Warray-bounds]
  763 |             pMbx->Data[1]                        = SWAPWORD(MBXERR_NOMOREMEMORY);
      |                 ^~
imported_source/../imported_source/ecat_def.h:776:51: note: object of size 10 allocated by 'malloc'
  776 | #define APPL_AllocMailboxBuffer(size)             malloc((size))
      |                                                   ^~~~~~~~~~~~~~
imported_source/mailbox.c:753:45: note: in expansion of macro 'APPL_AllocMailboxBuffer'
  753 |         TMBX MBXMEM *pMbx = (TMBX MBXMEM *) APPL_AllocMailboxBuffer(10); /* a mailbox error datagram length*/
      |                                             ^~~~~~~~~~~~~~~~~~~~~~~
Info: Compiling imported_source/objdef.c to obj/default/imported_source/objdef.o
nios2-elf-gcc.exe -xc -MP -MMD -c -Ic:/Users/guan-ming.dennis-won/Documents/Code/SPI_4_Wire_Serial_Intel_FPGA_IP/software/NIOS_Project_Small_bsp//HAL/inc -Ic:/Users/guan-ming.dennis-won/Documents/Code/SPI_4_Wire_Serial_Intel_FPGA_IP/software/NIOS_Project_Small_bsp/ -Ic:/Users/guan-ming.dennis-won/Documents/Code/SPI_4_Wire_Serial_Intel_FPGA_IP/software/NIOS_Project_Small_bsp//drivers/inc  -pipe -D__hal__ -DALT_NO_C_PLUS_PLUS -DALT_NO_CLEAN_EXIT -D'exit(a)=_exit(a)' -DALT_NO_EXIT -DALT_USE_DIRECT_DRIVERS -DALT_NO_INSTRUCTION_EMULATION -DALT_USE_SMALL_DRIVERS -DSMALL_C_LIB -DALT_SINGLE_THREADED    -Os -g -Wall   -mno-hw-div -mno-hw-div -mno-hw-mul -mno-hw-mulx -mgpopt=global  -o "obj/default/imported_source/objdef.o" "imported_source/objdef.c"
Info: Compiling imported_source/sdoserv.c to obj/default/imported_source/sdoserv.o
nios2-elf-gcc.exe -xc -MP -MMD -c -Ic:/Users/guan-ming.dennis-won/Documents/Code/SPI_4_Wire_Serial_Intel_FPGA_IP/software/NIOS_Project_Small_bsp//HAL/inc -Ic:/Users/guan-ming.dennis-won/Documents/Code/SPI_4_Wire_Serial_Intel_FPGA_IP/software/NIOS_Project_Small_bsp/ -Ic:/Users/guan-ming.dennis-won/Documents/Code/SPI_4_Wire_Serial_Intel_FPGA_IP/software/NIOS_Project_Small_bsp//drivers/inc  -pipe -D__hal__ -DALT_NO_C_PLUS_PLUS -DALT_NO_CLEAN_EXIT -D'exit(a)=_exit(a)' -DALT_NO_EXIT -DALT_USE_DIRECT_DRIVERS -DALT_NO_INSTRUCTION_EMULATION -DALT_USE_SMALL_DRIVERS -DSMALL_C_LIB -DALT_SINGLE_THREADED    -Os -g -Wall   -mno-hw-div -mno-hw-div -mno-hw-mul -mno-hw-mulx -mgpopt=global  -o "obj/default/imported_source/sdoserv.o" "imported_source/sdoserv.c"
Info: Compiling nios_it/nios_it.c to obj/default/nios_it/nios_it.o
nios2-elf-gcc.exe -xc -MP -MMD -c -Ic:/Users/guan-ming.dennis-won/Documents/Code/SPI_4_Wire_Serial_Intel_FPGA_IP/software/NIOS_Project_Small_bsp//HAL/inc -Ic:/Users/guan-ming.dennis-won/Documents/Code/SPI_4_Wire_Serial_Intel_FPGA_IP/software/NIOS_Project_Small_bsp/ -Ic:/Users/guan-ming.dennis-won/Documents/Code/SPI_4_Wire_Serial_Intel_FPGA_IP/software/NIOS_Project_Small_bsp//drivers/inc  -pipe -D__hal__ -DALT_NO_C_PLUS_PLUS -DALT_NO_CLEAN_EXIT -D'exit(a)=_exit(a)' -DALT_NO_EXIT -DALT_USE_DIRECT_DRIVERS -DALT_NO_INSTRUCTION_EMULATION -DALT_USE_SMALL_DRIVERS -DSMALL_C_LIB -DALT_SINGLE_THREADED    -Os -g -Wall   -mno-hw-div -mno-hw-div -mno-hw-mul -mno-hw-mulx -mgpopt=global  -o "obj/default/nios_it/nios_it.o" "nios_it/nios_it.c"
nios_it/nios_it.c: In function 'exti0_isr':
nios_it/nios_it.c:18:10: warning: implicit declaration of function 'PDI_Isr' [-Wimplicit-function-declaration]
   18 |          PDI_Isr();
      |          ^~~~~~~
nios_it/nios_it.c:24:10: warning: implicit declaration of function 'printf' [-Wimplicit-function-declaration]
   24 |          printf("Called ISR!\n");
      |          ^~~~~~
nios_it/nios_it.c:11:1: note: include '<stdio.h>' or provide a declaration of 'printf'
   10 | #include "../peripheral/peripheral_linker.h"  // Include the linker header file with peripheral definitions
  +++ |+#include <stdio.h>
   11 | 
nios_it/nios_it.c:24:10: warning: incompatible implicit declaration of built-in function 'printf' [-Wbuiltin-declaration-mismatch]
   24 |          printf("Called ISR!\n");
      |          ^~~~~~
nios_it/nios_it.c:24:10: note: include '<stdio.h>' or provide a declaration of 'printf'
Info: Compiling peripheral/peripheral_linker.c to obj/default/peripheral/peripheral_linker.o
nios2-elf-gcc.exe -xc -MP -MMD -c -Ic:/Users/guan-ming.dennis-won/Documents/Code/SPI_4_Wire_Serial_Intel_FPGA_IP/software/NIOS_Project_Small_bsp//HAL/inc -Ic:/Users/guan-ming.dennis-won/Documents/Code/SPI_4_Wire_Serial_Intel_FPGA_IP/software/NIOS_Project_Small_bsp/ -Ic:/Users/guan-ming.dennis-won/Documents/Code/SPI_4_Wire_Serial_Intel_FPGA_IP/software/NIOS_Project_Small_bsp//drivers/inc  -pipe -D__hal__ -DALT_NO_C_PLUS_PLUS -DALT_NO_CLEAN_EXIT -D'exit(a)=_exit(a)' -DALT_NO_EXIT -DALT_USE_DIRECT_DRIVERS -DALT_NO_INSTRUCTION_EMULATION -DALT_USE_SMALL_DRIVERS -DSMALL_C_LIB -DALT_SINGLE_THREADED    -Os -g -Wall   -mno-hw-div -mno-hw-div -mno-hw-mul -mno-hw-mulx -mgpopt=global  -o "obj/default/peripheral/peripheral_linker.o" "peripheral/peripheral_linker.c"
peripheral/peripheral_linker.c: In function 'delay_ms':
peripheral/peripheral_linker.c:9:5: warning: implicit declaration of function 'usleep' [-Wimplicit-function-declaration]
    9 |     usleep(milliseconds * 1000);  // Convert to microseconds
      |     ^~~~~~
peripheral/peripheral_linker.c: In function 'adc_init':
peripheral/peripheral_linker.c:17:13: warning: variable 'spi_check' set but not used [-Wunused-but-set-variable]
   17 |         int spi_check = -1;
      |             ^~~~~~~~~
peripheral/peripheral_linker.c: In function 'adc_init_spi_transmit_receive':
peripheral/peripheral_linker.c:161:13: warning: variable 'spi_check' set but not used [-Wunused-but-set-variable]
  161 |         int spi_check = -1;
      |             ^~~~~~~~~
peripheral/peripheral_linker.c: In function 'spi_transmit_receive':
peripheral/peripheral_linker.c:348:19: warning: implicit declaration of function 'printf' [-Wimplicit-function-declaration]
  348 |                   printf("error!");
      |                   ^~~~~~
peripheral/peripheral_linker.c:5:1: note: include '<stdio.h>' or provide a declaration of 'printf'
    4 | #include "timer.h"
  +++ |+#include <stdio.h>
    5 | 
peripheral/peripheral_linker.c:348:19: warning: incompatible implicit declaration of built-in function 'printf' [-Wbuiltin-declaration-mismatch]
  348 |                   printf("error!");
      |                   ^~~~~~
peripheral/peripheral_linker.c:348:19: note: include '<stdio.h>' or provide a declaration of 'printf'
Info: Compiling peripheral/timer.c to obj/default/peripheral/timer.o
nios2-elf-gcc.exe -xc -MP -MMD -c -Ic:/Users/guan-ming.dennis-won/Documents/Code/SPI_4_Wire_Serial_Intel_FPGA_IP/software/NIOS_Project_Small_bsp//HAL/inc -Ic:/Users/guan-ming.dennis-won/Documents/Code/SPI_4_Wire_Serial_Intel_FPGA_IP/software/NIOS_Project_Small_bsp/ -Ic:/Users/guan-ming.dennis-won/Documents/Code/SPI_4_Wire_Serial_Intel_FPGA_IP/software/NIOS_Project_Small_bsp//drivers/inc  -pipe -D__hal__ -DALT_NO_C_PLUS_PLUS -DALT_NO_CLEAN_EXIT -D'exit(a)=_exit(a)' -DALT_NO_EXIT -DALT_USE_DIRECT_DRIVERS -DALT_NO_INSTRUCTION_EMULATION -DALT_USE_SMALL_DRIVERS -DSMALL_C_LIB -DALT_SINGLE_THREADED    -Os -g -Wall   -mno-hw-div -mno-hw-div -mno-hw-mul -mno-hw-mulx -mgpopt=global  -o "obj/default/peripheral/timer.o" "peripheral/timer.c"
peripheral/timer.c:4:16: warning: 'led_blink_register' defined but not used [-Wunused-variable]
    4 | static uint8_t led_blink_register = 0;
      |                ^~~~~~~~~~~~~~~~~~
Info: Linking NIOS_Project_Small.elf
nios2-elf-g++.exe  -T'c:/Users/guan-ming.dennis-won/Documents/Code/SPI_4_Wire_Serial_Intel_FPGA_IP/software/NIOS_Project_Small_bsp//linker.x' -msys-crt0='c:/Users/guan-ming.dennis-won/Documents/Code/SPI_4_Wire_Serial_Intel_FPGA_IP/software/NIOS_Project_Small_bsp//obj/HAL/src/crt0.o' -msys-lib=hal_bsp -Lc:/Users/guan-ming.dennis-won/Documents/Code/SPI_4_Wire_Serial_Intel_FPGA_IP/software/NIOS_Project_Small_bsp/  -msmallc  -Wl,-Map=NIOS_Project_Small.map   -Os -g -Wall   -mno-hw-div -mno-hw-div -mno-hw-mul -mno-hw-mulx -mgpopt=global  -o NIOS_Project_Small.elf obj/default/hello_world_small.o obj/default/imported_source/TENCL040_ESC.o obj/default/imported_source/ax58100_hw.o obj/default/imported_source/coeappl.o obj/default/imported_source/ecatappl.o obj/default/imported_source/ecatcoe.o obj/default/imported_source/ecatslv.o obj/default/imported_source/mailbox.o obj/default/imported_source/objdef.o obj/default/imported_source/sdoserv.o obj/default/nios_it/nios_it.o obj/default/peripheral/peripheral_linker.o obj/default/peripheral/timer.o -lm -msys-lib=m
nios2-elf-insert.exe NIOS_Project_Small.elf --thread_model hal --cpu_name NIOS --qsys true --simulation_enabled false --id 39011 --sidp 0x410e0 --timestamp 1749793232 --stderr_dev DEBUG --stdin_dev DEBUG --stdout_dev DEBUG --sopc_system_name spi_platform_designer --quartus_project_dir "c:/Users/guan-ming.dennis-won/Documents/Code/SPI_4_Wire_Serial_Intel_FPGA_IP" --jdi ../..//output_files/spi.jdi --sopcinfo C:/Users/guan-ming.dennis-won/Documents/Code/SPI_4_Wire_Serial_Intel_FPGA_IP/spi_platform_designer.sopcinfo
Info: (NIOS_Project_Small.elf) 41 KBytes program size (code + initialized data).
Info:                          34 KBytes free for stack + heap.
Info: Creating NIOS_Project_Small.objdump
nios2-elf-objdump.exe --disassemble --syms --all-header --source NIOS_Project_Small.elf >NIOS_Project_Small.objdump
[NIOS_Project_Small build complete]
14:51:35 **** Incremental Build of configuration Nios II for project NIOS_Project_Small ****
wsl make all 
Info: Building /mnt/c/Users/guan-ming.dennis-won/Documents/Code/SPI_4_Wire_Serial_Intel_FPGA_IP/software/NIOS_Project_Small_bsp/
make --no-print-directory -C /mnt/c/Users/guan-ming.dennis-won/Documents/Code/SPI_4_Wire_Serial_Intel_FPGA_IP/software/NIOS_Project_Small_bsp/
[BSP build complete]
[NIOS_Project_Small build complete]
14:52:10 **** Incremental Build of configuration Nios II for project NIOS_Project_Small ****
wsl make all 
Info: Building /mnt/c/Users/guan-ming.dennis-won/Documents/Code/SPI_4_Wire_Serial_Intel_FPGA_IP/software/NIOS_Project_Small_bsp/
make --no-print-directory -C /mnt/c/Users/guan-ming.dennis-won/Documents/Code/SPI_4_Wire_Serial_Intel_FPGA_IP/software/NIOS_Project_Small_bsp/
[BSP build complete]
[NIOS_Project_Small build complete]
14:54:54 **** Clean-only build of configuration Nios II for project NIOS_Project_Small ****
wsl make clean 
[NIOS_Project_Small clean complete]
14:54:54 **** Build of configuration Nios II for project NIOS_Project_Small ****
wsl make all 
Info: Building /mnt/c/Users/guan-ming.dennis-won/Documents/Code/SPI_4_Wire_Serial_Intel_FPGA_IP/software/NIOS_Project_Small_bsp/
make --no-print-directory -C /mnt/c/Users/guan-ming.dennis-won/Documents/Code/SPI_4_Wire_Serial_Intel_FPGA_IP/software/NIOS_Project_Small_bsp/
[BSP build complete]
Info: Compiling hello_world_small.c to obj/default/hello_world_small.o
nios2-elf-gcc.exe -xc -MP -MMD -c -Ic:/Users/guan-ming.dennis-won/Documents/Code/SPI_4_Wire_Serial_Intel_FPGA_IP/software/NIOS_Project_Small_bsp//HAL/inc -Ic:/Users/guan-ming.dennis-won/Documents/Code/SPI_4_Wire_Serial_Intel_FPGA_IP/software/NIOS_Project_Small_bsp/ -Ic:/Users/guan-ming.dennis-won/Documents/Code/SPI_4_Wire_Serial_Intel_FPGA_IP/software/NIOS_Project_Small_bsp//drivers/inc  -pipe -D__hal__ -DALT_NO_C_PLUS_PLUS -DALT_NO_CLEAN_EXIT -D'exit(a)=_exit(a)' -DALT_NO_EXIT -DALT_USE_DIRECT_DRIVERS -DALT_NO_INSTRUCTION_EMULATION -DALT_USE_SMALL_DRIVERS -DSMALL_C_LIB -DALT_SINGLE_THREADED    -Os -g -Wall   -mno-hw-div -mno-hw-div -mno-hw-mul -mno-hw-mulx -mgpopt=global  -o "obj/default/hello_world_small.o" "hello_world_small.c"
Info: Compiling imported_source/TENCL040_ESC.c to obj/default/imported_source/TENCL040_ESC.o
nios2-elf-gcc.exe -xc -MP -MMD -c -Ic:/Users/guan-ming.dennis-won/Documents/Code/SPI_4_Wire_Serial_Intel_FPGA_IP/software/NIOS_Project_Small_bsp//HAL/inc -Ic:/Users/guan-ming.dennis-won/Documents/Code/SPI_4_Wire_Serial_Intel_FPGA_IP/software/NIOS_Project_Small_bsp/ -Ic:/Users/guan-ming.dennis-won/Documents/Code/SPI_4_Wire_Serial_Intel_FPGA_IP/software/NIOS_Project_Small_bsp//drivers/inc  -pipe -D__hal__ -DALT_NO_C_PLUS_PLUS -DALT_NO_CLEAN_EXIT -D'exit(a)=_exit(a)' -DALT_NO_EXIT -DALT_USE_DIRECT_DRIVERS -DALT_NO_INSTRUCTION_EMULATION -DALT_USE_SMALL_DRIVERS -DSMALL_C_LIB -DALT_SINGLE_THREADED    -Os -g -Wall   -mno-hw-div -mno-hw-div -mno-hw-mul -mno-hw-mulx -mgpopt=global  -o "obj/default/imported_source/TENCL040_ESC.o" "imported_source/TENCL040_ESC.c"
imported_source/TENCL040_ESC.c: In function 'APPL_InputMapping':
imported_source/TENCL040_ESC.c:360:33: warning: case label value exceeds maximum value for type [-Wswitch-outside-range]
  360 |                                 case 0x1A010:
      |                                 ^~~~
imported_source/TENCL040_ESC.c: In function 'APPL_GetDeviceID':
imported_source/TENCL040_ESC.c:449:6: warning: #warning "Implement explicit Device ID latching" [-Wcpp]
  449 |     #warning "Implement explicit Device ID latching"
      |      ^~~~~~~
Info: Compiling imported_source/ax58100_hw.c to obj/default/imported_source/ax58100_hw.o
nios2-elf-gcc.exe -xc -MP -MMD -c -Ic:/Users/guan-ming.dennis-won/Documents/Code/SPI_4_Wire_Serial_Intel_FPGA_IP/software/NIOS_Project_Small_bsp//HAL/inc -Ic:/Users/guan-ming.dennis-won/Documents/Code/SPI_4_Wire_Serial_Intel_FPGA_IP/software/NIOS_Project_Small_bsp/ -Ic:/Users/guan-ming.dennis-won/Documents/Code/SPI_4_Wire_Serial_Intel_FPGA_IP/software/NIOS_Project_Small_bsp//drivers/inc  -pipe -D__hal__ -DALT_NO_C_PLUS_PLUS -DALT_NO_CLEAN_EXIT -D'exit(a)=_exit(a)' -DALT_NO_EXIT -DALT_USE_DIRECT_DRIVERS -DALT_NO_INSTRUCTION_EMULATION -DALT_USE_SMALL_DRIVERS -DSMALL_C_LIB -DALT_SINGLE_THREADED    -Os -g -Wall   -mno-hw-div -mno-hw-div -mno-hw-mul -mno-hw-mulx -mgpopt=global  -o "obj/default/imported_source/ax58100_hw.o" "imported_source/ax58100_hw.c"
imported_source/ax58100_hw.c: In function 'HW_SPI_Read':
imported_source/ax58100_hw.c:169:25: warning: unused variable 'spi_check' [-Wunused-variable]
  169 |                 uint8_t spi_check =  spi_transmit_receive(ESC_SPI_BASE, 0,
      |                         ^~~~~~~~~
imported_source/ax58100_hw.c: In function 'HW_SPI_Write':
imported_source/ax58100_hw.c:259:25: warning: unused variable 'spi_check' [-Wunused-variable]
  259 |                 uint8_t spi_check =  spi_transmit_receive(ESC_SPI_BASE, 0,
      |                         ^~~~~~~~~
imported_source/ax58100_hw.c: In function 'HW_Init':
imported_source/ax58100_hw.c:333:9: warning: implicit declaration of function 'init_exti0_it' [-Wimplicit-function-declaration]
  333 |         init_exti0_it();
      |         ^~~~~~~~~~~~~
imported_source/ax58100_hw.c: At top level:
imported_source/ax58100_hw.c:61:16: warning: 'HW_SPI_TransmitReceive' defined but not used [-Wunused-function]
   61 | static int32_t HW_SPI_TransmitReceive(uint8_t* pTxData, uint8_t* pRxData,
      |                ^~~~~~~~~~~~~~~~~~~~~~
Info: Compiling imported_source/coeappl.c to obj/default/imported_source/coeappl.o
nios2-elf-gcc.exe -xc -MP -MMD -c -Ic:/Users/guan-ming.dennis-won/Documents/Code/SPI_4_Wire_Serial_Intel_FPGA_IP/software/NIOS_Project_Small_bsp//HAL/inc -Ic:/Users/guan-ming.dennis-won/Documents/Code/SPI_4_Wire_Serial_Intel_FPGA_IP/software/NIOS_Project_Small_bsp/ -Ic:/Users/guan-ming.dennis-won/Documents/Code/SPI_4_Wire_Serial_Intel_FPGA_IP/software/NIOS_Project_Small_bsp//drivers/inc  -pipe -D__hal__ -DALT_NO_C_PLUS_PLUS -DALT_NO_CLEAN_EXIT -D'exit(a)=_exit(a)' -DALT_NO_EXIT -DALT_USE_DIRECT_DRIVERS -DALT_NO_INSTRUCTION_EMULATION -DALT_USE_SMALL_DRIVERS -DSMALL_C_LIB -DALT_SINGLE_THREADED    -Os -g -Wall   -mno-hw-div -mno-hw-div -mno-hw-mul -mno-hw-mulx -mgpopt=global  -o "obj/default/imported_source/coeappl.o" "imported_source/coeappl.c"
imported_source/coeappl.c: In function 'COE_ObjDictionaryInit':
imported_source/coeappl.c:882:26: warning: the comparison will always evaluate as 'true' for the address of 'ApplicationObjDic' will never be NULL [-Waddress]
  882 |     if(ApplicationObjDic != NULL)
      |                          ^~
In file included from imported_source/../imported_source/TENCL040_ESC.h:41,
                 from imported_source/coeappl.c:132:
imported_source/../imported_source/TENCL040_ESCObjects.h:2437:19: note: 'ApplicationObjDic' declared here
 2437 | TOBJECT    OBJMEM ApplicationObjDic[] = {
      |                   ^~~~~~~~~~~~~~~~~
Info: Compiling imported_source/ecatappl.c to obj/default/imported_source/ecatappl.o
nios2-elf-gcc.exe -xc -MP -MMD -c -Ic:/Users/guan-ming.dennis-won/Documents/Code/SPI_4_Wire_Serial_Intel_FPGA_IP/software/NIOS_Project_Small_bsp//HAL/inc -Ic:/Users/guan-ming.dennis-won/Documents/Code/SPI_4_Wire_Serial_Intel_FPGA_IP/software/NIOS_Project_Small_bsp/ -Ic:/Users/guan-ming.dennis-won/Documents/Code/SPI_4_Wire_Serial_Intel_FPGA_IP/software/NIOS_Project_Small_bsp//drivers/inc  -pipe -D__hal__ -DALT_NO_C_PLUS_PLUS -DALT_NO_CLEAN_EXIT -D'exit(a)=_exit(a)' -DALT_NO_EXIT -DALT_USE_DIRECT_DRIVERS -DALT_NO_INSTRUCTION_EMULATION -DALT_USE_SMALL_DRIVERS -DSMALL_C_LIB -DALT_SINGLE_THREADED    -Os -g -Wall   -mno-hw-div -mno-hw-div -mno-hw-mul -mno-hw-mulx -mgpopt=global  -o "obj/default/imported_source/ecatappl.o" "imported_source/ecatappl.c"
Info: Compiling imported_source/ecatcoe.c to obj/default/imported_source/ecatcoe.o
nios2-elf-gcc.exe -xc -MP -MMD -c -Ic:/Users/guan-ming.dennis-won/Documents/Code/SPI_4_Wire_Serial_Intel_FPGA_IP/software/NIOS_Project_Small_bsp//HAL/inc -Ic:/Users/guan-ming.dennis-won/Documents/Code/SPI_4_Wire_Serial_Intel_FPGA_IP/software/NIOS_Project_Small_bsp/ -Ic:/Users/guan-ming.dennis-won/Documents/Code/SPI_4_Wire_Serial_Intel_FPGA_IP/software/NIOS_Project_Small_bsp//drivers/inc  -pipe -D__hal__ -DALT_NO_C_PLUS_PLUS -DALT_NO_CLEAN_EXIT -D'exit(a)=_exit(a)' -DALT_NO_EXIT -DALT_USE_DIRECT_DRIVERS -DALT_NO_INSTRUCTION_EMULATION -DALT_USE_SMALL_DRIVERS -DSMALL_C_LIB -DALT_SINGLE_THREADED    -Os -g -Wall   -mno-hw-div -mno-hw-div -mno-hw-mul -mno-hw-mulx -mgpopt=global  -o "obj/default/imported_source/ecatcoe.o" "imported_source/ecatcoe.c"
Info: Compiling imported_source/ecatslv.c to obj/default/imported_source/ecatslv.o
nios2-elf-gcc.exe -xc -MP -MMD -c -Ic:/Users/guan-ming.dennis-won/Documents/Code/SPI_4_Wire_Serial_Intel_FPGA_IP/software/NIOS_Project_Small_bsp//HAL/inc -Ic:/Users/guan-ming.dennis-won/Documents/Code/SPI_4_Wire_Serial_Intel_FPGA_IP/software/NIOS_Project_Small_bsp/ -Ic:/Users/guan-ming.dennis-won/Documents/Code/SPI_4_Wire_Serial_Intel_FPGA_IP/software/NIOS_Project_Small_bsp//drivers/inc  -pipe -D__hal__ -DALT_NO_C_PLUS_PLUS -DALT_NO_CLEAN_EXIT -D'exit(a)=_exit(a)' -DALT_NO_EXIT -DALT_USE_DIRECT_DRIVERS -DALT_NO_INSTRUCTION_EMULATION -DALT_USE_SMALL_DRIVERS -DSMALL_C_LIB -DALT_SINGLE_THREADED    -Os -g -Wall   -mno-hw-div -mno-hw-div -mno-hw-mul -mno-hw-mulx -mgpopt=global  -o "obj/default/imported_source/ecatslv.o" "imported_source/ecatslv.c"
Info: Compiling imported_source/mailbox.c to obj/default/imported_source/mailbox.o
nios2-elf-gcc.exe -xc -MP -MMD -c -Ic:/Users/guan-ming.dennis-won/Documents/Code/SPI_4_Wire_Serial_Intel_FPGA_IP/software/NIOS_Project_Small_bsp//HAL/inc -Ic:/Users/guan-ming.dennis-won/Documents/Code/SPI_4_Wire_Serial_Intel_FPGA_IP/software/NIOS_Project_Small_bsp/ -Ic:/Users/guan-ming.dennis-won/Documents/Code/SPI_4_Wire_Serial_Intel_FPGA_IP/software/NIOS_Project_Small_bsp//drivers/inc  -pipe -D__hal__ -DALT_NO_C_PLUS_PLUS -DALT_NO_CLEAN_EXIT -D'exit(a)=_exit(a)' -DALT_NO_EXIT -DALT_USE_DIRECT_DRIVERS -DALT_NO_INSTRUCTION_EMULATION -DALT_USE_SMALL_DRIVERS -DSMALL_C_LIB -DALT_SINGLE_THREADED    -Os -g -Wall   -mno-hw-div -mno-hw-div -mno-hw-mul -mno-hw-mulx -mgpopt=global  -o "obj/default/imported_source/mailbox.o" "imported_source/mailbox.c"
imported_source/mailbox.c: In function 'MBX_CheckAndCopyMailbox':
imported_source/mailbox.c:760:17: warning: array subscript 'TMBX[0]' is partly outside array bounds of 'unsigned char[10]' [-Warray-bounds]
  760 |             pMbx->MbxHeader.Length     = 4;
      |                 ^~
In file included from imported_source/mailbox.c:138:
imported_source/../imported_source/ecat_def.h:776:51: note: object of size 10 allocated by 'malloc'
  776 | #define APPL_AllocMailboxBuffer(size)             malloc((size))
      |                                                   ^~~~~~~~~~~~~~
imported_source/mailbox.c:753:45: note: in expansion of macro 'APPL_AllocMailboxBuffer'
  753 |         TMBX MBXMEM *pMbx = (TMBX MBXMEM *) APPL_AllocMailboxBuffer(10); /* a mailbox error datagram length*/
      |                                             ^~~~~~~~~~~~~~~~~~~~~~~
imported_source/mailbox.c:762:17: warning: array subscript 'TMBX[0]' is partly outside array bounds of 'unsigned char[10]' [-Warray-bounds]
  762 |             pMbx->Data[0]                        = SWAPWORD(MBXSERVICE_MBXERRORCMD);
      |                 ^~
imported_source/../imported_source/ecat_def.h:776:51: note: object of size 10 allocated by 'malloc'
  776 | #define APPL_AllocMailboxBuffer(size)             malloc((size))
      |                                                   ^~~~~~~~~~~~~~
imported_source/mailbox.c:753:45: note: in expansion of macro 'APPL_AllocMailboxBuffer'
  753 |         TMBX MBXMEM *pMbx = (TMBX MBXMEM *) APPL_AllocMailboxBuffer(10); /* a mailbox error datagram length*/
      |                                             ^~~~~~~~~~~~~~~~~~~~~~~
imported_source/mailbox.c:763:17: warning: array subscript 'TMBX[0]' is partly outside array bounds of 'unsigned char[10]' [-Warray-bounds]
  763 |             pMbx->Data[1]                        = SWAPWORD(MBXERR_NOMOREMEMORY);
      |                 ^~
imported_source/../imported_source/ecat_def.h:776:51: note: object of size 10 allocated by 'malloc'
  776 | #define APPL_AllocMailboxBuffer(size)             malloc((size))
      |                                                   ^~~~~~~~~~~~~~
imported_source/mailbox.c:753:45: note: in expansion of macro 'APPL_AllocMailboxBuffer'
  753 |         TMBX MBXMEM *pMbx = (TMBX MBXMEM *) APPL_AllocMailboxBuffer(10); /* a mailbox error datagram length*/
      |                                             ^~~~~~~~~~~~~~~~~~~~~~~
Info: Compiling imported_source/objdef.c to obj/default/imported_source/objdef.o
nios2-elf-gcc.exe -xc -MP -MMD -c -Ic:/Users/guan-ming.dennis-won/Documents/Code/SPI_4_Wire_Serial_Intel_FPGA_IP/software/NIOS_Project_Small_bsp//HAL/inc -Ic:/Users/guan-ming.dennis-won/Documents/Code/SPI_4_Wire_Serial_Intel_FPGA_IP/software/NIOS_Project_Small_bsp/ -Ic:/Users/guan-ming.dennis-won/Documents/Code/SPI_4_Wire_Serial_Intel_FPGA_IP/software/NIOS_Project_Small_bsp//drivers/inc  -pipe -D__hal__ -DALT_NO_C_PLUS_PLUS -DALT_NO_CLEAN_EXIT -D'exit(a)=_exit(a)' -DALT_NO_EXIT -DALT_USE_DIRECT_DRIVERS -DALT_NO_INSTRUCTION_EMULATION -DALT_USE_SMALL_DRIVERS -DSMALL_C_LIB -DALT_SINGLE_THREADED    -Os -g -Wall   -mno-hw-div -mno-hw-div -mno-hw-mul -mno-hw-mulx -mgpopt=global  -o "obj/default/imported_source/objdef.o" "imported_source/objdef.c"
Info: Compiling imported_source/sdoserv.c to obj/default/imported_source/sdoserv.o
nios2-elf-gcc.exe -xc -MP -MMD -c -Ic:/Users/guan-ming.dennis-won/Documents/Code/SPI_4_Wire_Serial_Intel_FPGA_IP/software/NIOS_Project_Small_bsp//HAL/inc -Ic:/Users/guan-ming.dennis-won/Documents/Code/SPI_4_Wire_Serial_Intel_FPGA_IP/software/NIOS_Project_Small_bsp/ -Ic:/Users/guan-ming.dennis-won/Documents/Code/SPI_4_Wire_Serial_Intel_FPGA_IP/software/NIOS_Project_Small_bsp//drivers/inc  -pipe -D__hal__ -DALT_NO_C_PLUS_PLUS -DALT_NO_CLEAN_EXIT -D'exit(a)=_exit(a)' -DALT_NO_EXIT -DALT_USE_DIRECT_DRIVERS -DALT_NO_INSTRUCTION_EMULATION -DALT_USE_SMALL_DRIVERS -DSMALL_C_LIB -DALT_SINGLE_THREADED    -Os -g -Wall   -mno-hw-div -mno-hw-div -mno-hw-mul -mno-hw-mulx -mgpopt=global  -o "obj/default/imported_source/sdoserv.o" "imported_source/sdoserv.c"
Info: Compiling nios_it/nios_it.c to obj/default/nios_it/nios_it.o
nios2-elf-gcc.exe -xc -MP -MMD -c -Ic:/Users/guan-ming.dennis-won/Documents/Code/SPI_4_Wire_Serial_Intel_FPGA_IP/software/NIOS_Project_Small_bsp//HAL/inc -Ic:/Users/guan-ming.dennis-won/Documents/Code/SPI_4_Wire_Serial_Intel_FPGA_IP/software/NIOS_Project_Small_bsp/ -Ic:/Users/guan-ming.dennis-won/Documents/Code/SPI_4_Wire_Serial_Intel_FPGA_IP/software/NIOS_Project_Small_bsp//drivers/inc  -pipe -D__hal__ -DALT_NO_C_PLUS_PLUS -DALT_NO_CLEAN_EXIT -D'exit(a)=_exit(a)' -DALT_NO_EXIT -DALT_USE_DIRECT_DRIVERS -DALT_NO_INSTRUCTION_EMULATION -DALT_USE_SMALL_DRIVERS -DSMALL_C_LIB -DALT_SINGLE_THREADED    -Os -g -Wall   -mno-hw-div -mno-hw-div -mno-hw-mul -mno-hw-mulx -mgpopt=global  -o "obj/default/nios_it/nios_it.o" "nios_it/nios_it.c"
nios_it/nios_it.c: In function 'exti0_isr':
nios_it/nios_it.c:18:10: warning: implicit declaration of function 'PDI_Isr' [-Wimplicit-function-declaration]
   18 |          PDI_Isr();
      |          ^~~~~~~
nios_it/nios_it.c:24:10: warning: implicit declaration of function 'printf' [-Wimplicit-function-declaration]
   24 |          printf("Called ISR!\n");
      |          ^~~~~~
nios_it/nios_it.c:11:1: note: include '<stdio.h>' or provide a declaration of 'printf'
   10 | #include "../peripheral/peripheral_linker.h"  // Include the linker header file with peripheral definitions
  +++ |+#include <stdio.h>
   11 | 
nios_it/nios_it.c:24:10: warning: incompatible implicit declaration of built-in function 'printf' [-Wbuiltin-declaration-mismatch]
   24 |          printf("Called ISR!\n");
      |          ^~~~~~
nios_it/nios_it.c:24:10: note: include '<stdio.h>' or provide a declaration of 'printf'
Info: Compiling peripheral/peripheral_linker.c to obj/default/peripheral/peripheral_linker.o
nios2-elf-gcc.exe -xc -MP -MMD -c -Ic:/Users/guan-ming.dennis-won/Documents/Code/SPI_4_Wire_Serial_Intel_FPGA_IP/software/NIOS_Project_Small_bsp//HAL/inc -Ic:/Users/guan-ming.dennis-won/Documents/Code/SPI_4_Wire_Serial_Intel_FPGA_IP/software/NIOS_Project_Small_bsp/ -Ic:/Users/guan-ming.dennis-won/Documents/Code/SPI_4_Wire_Serial_Intel_FPGA_IP/software/NIOS_Project_Small_bsp//drivers/inc  -pipe -D__hal__ -DALT_NO_C_PLUS_PLUS -DALT_NO_CLEAN_EXIT -D'exit(a)=_exit(a)' -DALT_NO_EXIT -DALT_USE_DIRECT_DRIVERS -DALT_NO_INSTRUCTION_EMULATION -DALT_USE_SMALL_DRIVERS -DSMALL_C_LIB -DALT_SINGLE_THREADED    -Os -g -Wall   -mno-hw-div -mno-hw-div -mno-hw-mul -mno-hw-mulx -mgpopt=global  -o "obj/default/peripheral/peripheral_linker.o" "peripheral/peripheral_linker.c"
peripheral/peripheral_linker.c: In function 'delay_ms':
peripheral/peripheral_linker.c:9:5: warning: implicit declaration of function 'usleep' [-Wimplicit-function-declaration]
    9 |     usleep(milliseconds * 1000);  // Convert to microseconds
      |     ^~~~~~
peripheral/peripheral_linker.c: In function 'adc_init':
peripheral/peripheral_linker.c:17:13: warning: variable 'spi_check' set but not used [-Wunused-but-set-variable]
   17 |         int spi_check = -1;
      |             ^~~~~~~~~
peripheral/peripheral_linker.c: In function 'adc_init_spi_transmit_receive':
peripheral/peripheral_linker.c:161:13: warning: variable 'spi_check' set but not used [-Wunused-but-set-variable]
  161 |         int spi_check = -1;
      |             ^~~~~~~~~
peripheral/peripheral_linker.c: In function 'spi_transmit_receive':
peripheral/peripheral_linker.c:348:19: warning: implicit declaration of function 'printf' [-Wimplicit-function-declaration]
  348 |                   printf("error!");
      |                   ^~~~~~
peripheral/peripheral_linker.c:5:1: note: include '<stdio.h>' or provide a declaration of 'printf'
    4 | #include "timer.h"
  +++ |+#include <stdio.h>
    5 | 
peripheral/peripheral_linker.c:348:19: warning: incompatible implicit declaration of built-in function 'printf' [-Wbuiltin-declaration-mismatch]
  348 |                   printf("error!");
      |                   ^~~~~~
peripheral/peripheral_linker.c:348:19: note: include '<stdio.h>' or provide a declaration of 'printf'
Info: Compiling peripheral/timer.c to obj/default/peripheral/timer.o
nios2-elf-gcc.exe -xc -MP -MMD -c -Ic:/Users/guan-ming.dennis-won/Documents/Code/SPI_4_Wire_Serial_Intel_FPGA_IP/software/NIOS_Project_Small_bsp//HAL/inc -Ic:/Users/guan-ming.dennis-won/Documents/Code/SPI_4_Wire_Serial_Intel_FPGA_IP/software/NIOS_Project_Small_bsp/ -Ic:/Users/guan-ming.dennis-won/Documents/Code/SPI_4_Wire_Serial_Intel_FPGA_IP/software/NIOS_Project_Small_bsp//drivers/inc  -pipe -D__hal__ -DALT_NO_C_PLUS_PLUS -DALT_NO_CLEAN_EXIT -D'exit(a)=_exit(a)' -DALT_NO_EXIT -DALT_USE_DIRECT_DRIVERS -DALT_NO_INSTRUCTION_EMULATION -DALT_USE_SMALL_DRIVERS -DSMALL_C_LIB -DALT_SINGLE_THREADED    -Os -g -Wall   -mno-hw-div -mno-hw-div -mno-hw-mul -mno-hw-mulx -mgpopt=global  -o "obj/default/peripheral/timer.o" "peripheral/timer.c"
peripheral/timer.c:4:16: warning: 'led_blink_register' defined but not used [-Wunused-variable]
    4 | static uint8_t led_blink_register = 0;
      |                ^~~~~~~~~~~~~~~~~~
Info: Linking NIOS_Project_Small.elf
nios2-elf-g++.exe  -T'c:/Users/guan-ming.dennis-won/Documents/Code/SPI_4_Wire_Serial_Intel_FPGA_IP/software/NIOS_Project_Small_bsp//linker.x' -msys-crt0='c:/Users/guan-ming.dennis-won/Documents/Code/SPI_4_Wire_Serial_Intel_FPGA_IP/software/NIOS_Project_Small_bsp//obj/HAL/src/crt0.o' -msys-lib=hal_bsp -Lc:/Users/guan-ming.dennis-won/Documents/Code/SPI_4_Wire_Serial_Intel_FPGA_IP/software/NIOS_Project_Small_bsp/  -msmallc  -Wl,-Map=NIOS_Project_Small.map   -Os -g -Wall   -mno-hw-div -mno-hw-div -mno-hw-mul -mno-hw-mulx -mgpopt=global  -o NIOS_Project_Small.elf obj/default/hello_world_small.o obj/default/imported_source/TENCL040_ESC.o obj/default/imported_source/ax58100_hw.o obj/default/imported_source/coeappl.o obj/default/imported_source/ecatappl.o obj/default/imported_source/ecatcoe.o obj/default/imported_source/ecatslv.o obj/default/imported_source/mailbox.o obj/default/imported_source/objdef.o obj/default/imported_source/sdoserv.o obj/default/nios_it/nios_it.o obj/default/peripheral/peripheral_linker.o obj/default/peripheral/timer.o -lm -msys-lib=m
nios2-elf-insert.exe NIOS_Project_Small.elf --thread_model hal --cpu_name NIOS --qsys true --simulation_enabled false --id 39011 --sidp 0x410e0 --timestamp 1749793232 --stderr_dev DEBUG --stdin_dev DEBUG --stdout_dev DEBUG --sopc_system_name spi_platform_designer --quartus_project_dir "c:/Users/guan-ming.dennis-won/Documents/Code/SPI_4_Wire_Serial_Intel_FPGA_IP" --jdi ../..//output_files/spi.jdi --sopcinfo C:/Users/guan-ming.dennis-won/Documents/Code/SPI_4_Wire_Serial_Intel_FPGA_IP/spi_platform_designer.sopcinfo
Info: (NIOS_Project_Small.elf) 41 KBytes program size (code + initialized data).
Info:                          34 KBytes free for stack + heap.
Info: Creating NIOS_Project_Small.objdump
nios2-elf-objdump.exe --disassemble --syms --all-header --source NIOS_Project_Small.elf >NIOS_Project_Small.objdump
[NIOS_Project_Small build complete]
14:55:17 **** Incremental Build of configuration Nios II for project NIOS_Project_Small ****
wsl make all 
Info: Building /mnt/c/Users/guan-ming.dennis-won/Documents/Code/SPI_4_Wire_Serial_Intel_FPGA_IP/software/NIOS_Project_Small_bsp/
make --no-print-directory -C /mnt/c/Users/guan-ming.dennis-won/Documents/Code/SPI_4_Wire_Serial_Intel_FPGA_IP/software/NIOS_Project_Small_bsp/
[BSP build complete]
[NIOS_Project_Small build complete]
14:55:30 **** Incremental Build of configuration Nios II for project NIOS_Project_Small ****
wsl make all 
Info: Building /mnt/c/Users/guan-ming.dennis-won/Documents/Code/SPI_4_Wire_Serial_Intel_FPGA_IP/software/NIOS_Project_Small_bsp/
make --no-print-directory -C /mnt/c/Users/guan-ming.dennis-won/Documents/Code/SPI_4_Wire_Serial_Intel_FPGA_IP/software/NIOS_Project_Small_bsp/
[BSP build complete]
[NIOS_Project_Small build complete]
15:07:16 **** Clean-only build of configuration Nios II for project NIOS_Project_Small ****
wsl make clean 
rm: cannot remove 'NIOS_Project_Small.elf': Permission denied
make: *** [clean] Error 1
Makefile:887: recipe for target 'clean' failed
15:07:18 **** Build of configuration Nios II for project NIOS_Project_Small ****
wsl make all 
Info: Building /mnt/c/Users/guan-ming.dennis-won/Documents/Code/SPI_4_Wire_Serial_Intel_FPGA_IP/software/NIOS_Project_Small_bsp/
make --no-print-directory -C /mnt/c/Users/guan-ming.dennis-won/Documents/Code/SPI_4_Wire_Serial_Intel_FPGA_IP/software/NIOS_Project_Small_bsp/
[BSP build complete]
Info: Compiling hello_world_small.c to obj/default/hello_world_small.o
nios2-elf-gcc.exe -xc -MP -MMD -c -Ic:/Users/guan-ming.dennis-won/Documents/Code/SPI_4_Wire_Serial_Intel_FPGA_IP/software/NIOS_Project_Small_bsp//HAL/inc -Ic:/Users/guan-ming.dennis-won/Documents/Code/SPI_4_Wire_Serial_Intel_FPGA_IP/software/NIOS_Project_Small_bsp/ -Ic:/Users/guan-ming.dennis-won/Documents/Code/SPI_4_Wire_Serial_Intel_FPGA_IP/software/NIOS_Project_Small_bsp//drivers/inc  -pipe -D__hal__ -DALT_NO_C_PLUS_PLUS -DALT_NO_CLEAN_EXIT -D'exit(a)=_exit(a)' -DALT_NO_EXIT -DALT_USE_DIRECT_DRIVERS -DALT_NO_INSTRUCTION_EMULATION -DALT_USE_SMALL_DRIVERS -DSMALL_C_LIB -DALT_SINGLE_THREADED    -Os -g -Wall   -mno-hw-div -mno-hw-div -mno-hw-mul -mno-hw-mulx -mgpopt=global  -o "obj/default/hello_world_small.o" "hello_world_small.c"
Info: Compiling imported_source/TENCL040_ESC.c to obj/default/imported_source/TENCL040_ESC.o
nios2-elf-gcc.exe -xc -MP -MMD -c -Ic:/Users/guan-ming.dennis-won/Documents/Code/SPI_4_Wire_Serial_Intel_FPGA_IP/software/NIOS_Project_Small_bsp//HAL/inc -Ic:/Users/guan-ming.dennis-won/Documents/Code/SPI_4_Wire_Serial_Intel_FPGA_IP/software/NIOS_Project_Small_bsp/ -Ic:/Users/guan-ming.dennis-won/Documents/Code/SPI_4_Wire_Serial_Intel_FPGA_IP/software/NIOS_Project_Small_bsp//drivers/inc  -pipe -D__hal__ -DALT_NO_C_PLUS_PLUS -DALT_NO_CLEAN_EXIT -D'exit(a)=_exit(a)' -DALT_NO_EXIT -DALT_USE_DIRECT_DRIVERS -DALT_NO_INSTRUCTION_EMULATION -DALT_USE_SMALL_DRIVERS -DSMALL_C_LIB -DALT_SINGLE_THREADED    -Os -g -Wall   -mno-hw-div -mno-hw-div -mno-hw-mul -mno-hw-mulx -mgpopt=global  -o "obj/default/imported_source/TENCL040_ESC.o" "imported_source/TENCL040_ESC.c"
imported_source/TENCL040_ESC.c: In function 'APPL_InputMapping':
imported_source/TENCL040_ESC.c:360:33: warning: case label value exceeds maximum value for type [-Wswitch-outside-range]
  360 |                                 case 0x1A010:
      |                                 ^~~~
imported_source/TENCL040_ESC.c: In function 'APPL_GetDeviceID':
imported_source/TENCL040_ESC.c:449:6: warning: #warning "Implement explicit Device ID latching" [-Wcpp]
  449 |     #warning "Implement explicit Device ID latching"
      |      ^~~~~~~
Info: Compiling imported_source/ax58100_hw.c to obj/default/imported_source/ax58100_hw.o
nios2-elf-gcc.exe -xc -MP -MMD -c -Ic:/Users/guan-ming.dennis-won/Documents/Code/SPI_4_Wire_Serial_Intel_FPGA_IP/software/NIOS_Project_Small_bsp//HAL/inc -Ic:/Users/guan-ming.dennis-won/Documents/Code/SPI_4_Wire_Serial_Intel_FPGA_IP/software/NIOS_Project_Small_bsp/ -Ic:/Users/guan-ming.dennis-won/Documents/Code/SPI_4_Wire_Serial_Intel_FPGA_IP/software/NIOS_Project_Small_bsp//drivers/inc  -pipe -D__hal__ -DALT_NO_C_PLUS_PLUS -DALT_NO_CLEAN_EXIT -D'exit(a)=_exit(a)' -DALT_NO_EXIT -DALT_USE_DIRECT_DRIVERS -DALT_NO_INSTRUCTION_EMULATION -DALT_USE_SMALL_DRIVERS -DSMALL_C_LIB -DALT_SINGLE_THREADED    -Os -g -Wall   -mno-hw-div -mno-hw-div -mno-hw-mul -mno-hw-mulx -mgpopt=global  -o "obj/default/imported_source/ax58100_hw.o" "imported_source/ax58100_hw.c"
imported_source/ax58100_hw.c: In function 'HW_SPI_Read':
imported_source/ax58100_hw.c:169:25: warning: unused variable 'spi_check' [-Wunused-variable]
  169 |                 uint8_t spi_check =  spi_transmit_receive(ESC_SPI_BASE, 0,
      |                         ^~~~~~~~~
imported_source/ax58100_hw.c: In function 'HW_SPI_Write':
imported_source/ax58100_hw.c:259:25: warning: unused variable 'spi_check' [-Wunused-variable]
  259 |                 uint8_t spi_check =  spi_transmit_receive(ESC_SPI_BASE, 0,
      |                         ^~~~~~~~~
imported_source/ax58100_hw.c: In function 'HW_Init':
imported_source/ax58100_hw.c:333:9: warning: implicit declaration of function 'init_exti0_it' [-Wimplicit-function-declaration]
  333 |         init_exti0_it();
      |         ^~~~~~~~~~~~~
imported_source/ax58100_hw.c: At top level:
imported_source/ax58100_hw.c:61:16: warning: 'HW_SPI_TransmitReceive' defined but not used [-Wunused-function]
   61 | static int32_t HW_SPI_TransmitReceive(uint8_t* pTxData, uint8_t* pRxData,
      |                ^~~~~~~~~~~~~~~~~~~~~~
Info: Compiling imported_source/coeappl.c to obj/default/imported_source/coeappl.o
nios2-elf-gcc.exe -xc -MP -MMD -c -Ic:/Users/guan-ming.dennis-won/Documents/Code/SPI_4_Wire_Serial_Intel_FPGA_IP/software/NIOS_Project_Small_bsp//HAL/inc -Ic:/Users/guan-ming.dennis-won/Documents/Code/SPI_4_Wire_Serial_Intel_FPGA_IP/software/NIOS_Project_Small_bsp/ -Ic:/Users/guan-ming.dennis-won/Documents/Code/SPI_4_Wire_Serial_Intel_FPGA_IP/software/NIOS_Project_Small_bsp//drivers/inc  -pipe -D__hal__ -DALT_NO_C_PLUS_PLUS -DALT_NO_CLEAN_EXIT -D'exit(a)=_exit(a)' -DALT_NO_EXIT -DALT_USE_DIRECT_DRIVERS -DALT_NO_INSTRUCTION_EMULATION -DALT_USE_SMALL_DRIVERS -DSMALL_C_LIB -DALT_SINGLE_THREADED    -Os -g -Wall   -mno-hw-div -mno-hw-div -mno-hw-mul -mno-hw-mulx -mgpopt=global  -o "obj/default/imported_source/coeappl.o" "imported_source/coeappl.c"
imported_source/coeappl.c: In function 'COE_ObjDictionaryInit':
imported_source/coeappl.c:882:26: warning: the comparison will always evaluate as 'true' for the address of 'ApplicationObjDic' will never be NULL [-Waddress]
  882 |     if(ApplicationObjDic != NULL)
      |                          ^~
In file included from imported_source/../imported_source/TENCL040_ESC.h:41,
                 from imported_source/coeappl.c:132:
imported_source/../imported_source/TENCL040_ESCObjects.h:2437:19: note: 'ApplicationObjDic' declared here
 2437 | TOBJECT    OBJMEM ApplicationObjDic[] = {
      |                   ^~~~~~~~~~~~~~~~~
Info: Compiling imported_source/ecatappl.c to obj/default/imported_source/ecatappl.o
nios2-elf-gcc.exe -xc -MP -MMD -c -Ic:/Users/guan-ming.dennis-won/Documents/Code/SPI_4_Wire_Serial_Intel_FPGA_IP/software/NIOS_Project_Small_bsp//HAL/inc -Ic:/Users/guan-ming.dennis-won/Documents/Code/SPI_4_Wire_Serial_Intel_FPGA_IP/software/NIOS_Project_Small_bsp/ -Ic:/Users/guan-ming.dennis-won/Documents/Code/SPI_4_Wire_Serial_Intel_FPGA_IP/software/NIOS_Project_Small_bsp//drivers/inc  -pipe -D__hal__ -DALT_NO_C_PLUS_PLUS -DALT_NO_CLEAN_EXIT -D'exit(a)=_exit(a)' -DALT_NO_EXIT -DALT_USE_DIRECT_DRIVERS -DALT_NO_INSTRUCTION_EMULATION -DALT_USE_SMALL_DRIVERS -DSMALL_C_LIB -DALT_SINGLE_THREADED    -Os -g -Wall   -mno-hw-div -mno-hw-div -mno-hw-mul -mno-hw-mulx -mgpopt=global  -o "obj/default/imported_source/ecatappl.o" "imported_source/ecatappl.c"
Info: Compiling imported_source/ecatcoe.c to obj/default/imported_source/ecatcoe.o
nios2-elf-gcc.exe -xc -MP -MMD -c -Ic:/Users/guan-ming.dennis-won/Documents/Code/SPI_4_Wire_Serial_Intel_FPGA_IP/software/NIOS_Project_Small_bsp//HAL/inc -Ic:/Users/guan-ming.dennis-won/Documents/Code/SPI_4_Wire_Serial_Intel_FPGA_IP/software/NIOS_Project_Small_bsp/ -Ic:/Users/guan-ming.dennis-won/Documents/Code/SPI_4_Wire_Serial_Intel_FPGA_IP/software/NIOS_Project_Small_bsp//drivers/inc  -pipe -D__hal__ -DALT_NO_C_PLUS_PLUS -DALT_NO_CLEAN_EXIT -D'exit(a)=_exit(a)' -DALT_NO_EXIT -DALT_USE_DIRECT_DRIVERS -DALT_NO_INSTRUCTION_EMULATION -DALT_USE_SMALL_DRIVERS -DSMALL_C_LIB -DALT_SINGLE_THREADED    -Os -g -Wall   -mno-hw-div -mno-hw-div -mno-hw-mul -mno-hw-mulx -mgpopt=global  -o "obj/default/imported_source/ecatcoe.o" "imported_source/ecatcoe.c"
Info: Compiling imported_source/ecatslv.c to obj/default/imported_source/ecatslv.o
nios2-elf-gcc.exe -xc -MP -MMD -c -Ic:/Users/guan-ming.dennis-won/Documents/Code/SPI_4_Wire_Serial_Intel_FPGA_IP/software/NIOS_Project_Small_bsp//HAL/inc -Ic:/Users/guan-ming.dennis-won/Documents/Code/SPI_4_Wire_Serial_Intel_FPGA_IP/software/NIOS_Project_Small_bsp/ -Ic:/Users/guan-ming.dennis-won/Documents/Code/SPI_4_Wire_Serial_Intel_FPGA_IP/software/NIOS_Project_Small_bsp//drivers/inc  -pipe -D__hal__ -DALT_NO_C_PLUS_PLUS -DALT_NO_CLEAN_EXIT -D'exit(a)=_exit(a)' -DALT_NO_EXIT -DALT_USE_DIRECT_DRIVERS -DALT_NO_INSTRUCTION_EMULATION -DALT_USE_SMALL_DRIVERS -DSMALL_C_LIB -DALT_SINGLE_THREADED    -Os -g -Wall   -mno-hw-div -mno-hw-div -mno-hw-mul -mno-hw-mulx -mgpopt=global  -o "obj/default/imported_source/ecatslv.o" "imported_source/ecatslv.c"
Info: Compiling imported_source/mailbox.c to obj/default/imported_source/mailbox.o
nios2-elf-gcc.exe -xc -MP -MMD -c -Ic:/Users/guan-ming.dennis-won/Documents/Code/SPI_4_Wire_Serial_Intel_FPGA_IP/software/NIOS_Project_Small_bsp//HAL/inc -Ic:/Users/guan-ming.dennis-won/Documents/Code/SPI_4_Wire_Serial_Intel_FPGA_IP/software/NIOS_Project_Small_bsp/ -Ic:/Users/guan-ming.dennis-won/Documents/Code/SPI_4_Wire_Serial_Intel_FPGA_IP/software/NIOS_Project_Small_bsp//drivers/inc  -pipe -D__hal__ -DALT_NO_C_PLUS_PLUS -DALT_NO_CLEAN_EXIT -D'exit(a)=_exit(a)' -DALT_NO_EXIT -DALT_USE_DIRECT_DRIVERS -DALT_NO_INSTRUCTION_EMULATION -DALT_USE_SMALL_DRIVERS -DSMALL_C_LIB -DALT_SINGLE_THREADED    -Os -g -Wall   -mno-hw-div -mno-hw-div -mno-hw-mul -mno-hw-mulx -mgpopt=global  -o "obj/default/imported_source/mailbox.o" "imported_source/mailbox.c"
imported_source/mailbox.c: In function 'MBX_CheckAndCopyMailbox':
imported_source/mailbox.c:760:17: warning: array subscript 'TMBX[0]' is partly outside array bounds of 'unsigned char[10]' [-Warray-bounds]
  760 |             pMbx->MbxHeader.Length     = 4;
      |                 ^~
In file included from imported_source/mailbox.c:138:
imported_source/../imported_source/ecat_def.h:776:51: note: object of size 10 allocated by 'malloc'
  776 | #define APPL_AllocMailboxBuffer(size)             malloc((size))
      |                                                   ^~~~~~~~~~~~~~
imported_source/mailbox.c:753:45: note: in expansion of macro 'APPL_AllocMailboxBuffer'
  753 |         TMBX MBXMEM *pMbx = (TMBX MBXMEM *) APPL_AllocMailboxBuffer(10); /* a mailbox error datagram length*/
      |                                             ^~~~~~~~~~~~~~~~~~~~~~~
imported_source/mailbox.c:762:17: warning: array subscript 'TMBX[0]' is partly outside array bounds of 'unsigned char[10]' [-Warray-bounds]
  762 |             pMbx->Data[0]                        = SWAPWORD(MBXSERVICE_MBXERRORCMD);
      |                 ^~
imported_source/../imported_source/ecat_def.h:776:51: note: object of size 10 allocated by 'malloc'
  776 | #define APPL_AllocMailboxBuffer(size)             malloc((size))
      |                                                   ^~~~~~~~~~~~~~
imported_source/mailbox.c:753:45: note: in expansion of macro 'APPL_AllocMailboxBuffer'
  753 |         TMBX MBXMEM *pMbx = (TMBX MBXMEM *) APPL_AllocMailboxBuffer(10); /* a mailbox error datagram length*/
      |                                             ^~~~~~~~~~~~~~~~~~~~~~~
imported_source/mailbox.c:763:17: warning: array subscript 'TMBX[0]' is partly outside array bounds of 'unsigned char[10]' [-Warray-bounds]
  763 |             pMbx->Data[1]                        = SWAPWORD(MBXERR_NOMOREMEMORY);
      |                 ^~
imported_source/../imported_source/ecat_def.h:776:51: note: object of size 10 allocated by 'malloc'
  776 | #define APPL_AllocMailboxBuffer(size)             malloc((size))
      |                                                   ^~~~~~~~~~~~~~
imported_source/mailbox.c:753:45: note: in expansion of macro 'APPL_AllocMailboxBuffer'
  753 |         TMBX MBXMEM *pMbx = (TMBX MBXMEM *) APPL_AllocMailboxBuffer(10); /* a mailbox error datagram length*/
      |                                             ^~~~~~~~~~~~~~~~~~~~~~~
Info: Compiling imported_source/objdef.c to obj/default/imported_source/objdef.o
nios2-elf-gcc.exe -xc -MP -MMD -c -Ic:/Users/guan-ming.dennis-won/Documents/Code/SPI_4_Wire_Serial_Intel_FPGA_IP/software/NIOS_Project_Small_bsp//HAL/inc -Ic:/Users/guan-ming.dennis-won/Documents/Code/SPI_4_Wire_Serial_Intel_FPGA_IP/software/NIOS_Project_Small_bsp/ -Ic:/Users/guan-ming.dennis-won/Documents/Code/SPI_4_Wire_Serial_Intel_FPGA_IP/software/NIOS_Project_Small_bsp//drivers/inc  -pipe -D__hal__ -DALT_NO_C_PLUS_PLUS -DALT_NO_CLEAN_EXIT -D'exit(a)=_exit(a)' -DALT_NO_EXIT -DALT_USE_DIRECT_DRIVERS -DALT_NO_INSTRUCTION_EMULATION -DALT_USE_SMALL_DRIVERS -DSMALL_C_LIB -DALT_SINGLE_THREADED    -Os -g -Wall   -mno-hw-div -mno-hw-div -mno-hw-mul -mno-hw-mulx -mgpopt=global  -o "obj/default/imported_source/objdef.o" "imported_source/objdef.c"
Info: Compiling imported_source/sdoserv.c to obj/default/imported_source/sdoserv.o
nios2-elf-gcc.exe -xc -MP -MMD -c -Ic:/Users/guan-ming.dennis-won/Documents/Code/SPI_4_Wire_Serial_Intel_FPGA_IP/software/NIOS_Project_Small_bsp//HAL/inc -Ic:/Users/guan-ming.dennis-won/Documents/Code/SPI_4_Wire_Serial_Intel_FPGA_IP/software/NIOS_Project_Small_bsp/ -Ic:/Users/guan-ming.dennis-won/Documents/Code/SPI_4_Wire_Serial_Intel_FPGA_IP/software/NIOS_Project_Small_bsp//drivers/inc  -pipe -D__hal__ -DALT_NO_C_PLUS_PLUS -DALT_NO_CLEAN_EXIT -D'exit(a)=_exit(a)' -DALT_NO_EXIT -DALT_USE_DIRECT_DRIVERS -DALT_NO_INSTRUCTION_EMULATION -DALT_USE_SMALL_DRIVERS -DSMALL_C_LIB -DALT_SINGLE_THREADED    -Os -g -Wall   -mno-hw-div -mno-hw-div -mno-hw-mul -mno-hw-mulx -mgpopt=global  -o "obj/default/imported_source/sdoserv.o" "imported_source/sdoserv.c"
Info: Compiling nios_it/nios_it.c to obj/default/nios_it/nios_it.o
nios2-elf-gcc.exe -xc -MP -MMD -c -Ic:/Users/guan-ming.dennis-won/Documents/Code/SPI_4_Wire_Serial_Intel_FPGA_IP/software/NIOS_Project_Small_bsp//HAL/inc -Ic:/Users/guan-ming.dennis-won/Documents/Code/SPI_4_Wire_Serial_Intel_FPGA_IP/software/NIOS_Project_Small_bsp/ -Ic:/Users/guan-ming.dennis-won/Documents/Code/SPI_4_Wire_Serial_Intel_FPGA_IP/software/NIOS_Project_Small_bsp//drivers/inc  -pipe -D__hal__ -DALT_NO_C_PLUS_PLUS -DALT_NO_CLEAN_EXIT -D'exit(a)=_exit(a)' -DALT_NO_EXIT -DALT_USE_DIRECT_DRIVERS -DALT_NO_INSTRUCTION_EMULATION -DALT_USE_SMALL_DRIVERS -DSMALL_C_LIB -DALT_SINGLE_THREADED    -Os -g -Wall   -mno-hw-div -mno-hw-div -mno-hw-mul -mno-hw-mulx -mgpopt=global  -o "obj/default/nios_it/nios_it.o" "nios_it/nios_it.c"
nios_it/nios_it.c: In function 'exti0_isr':
nios_it/nios_it.c:18:10: warning: implicit declaration of function 'PDI_Isr' [-Wimplicit-function-declaration]
   18 |          PDI_Isr();
      |          ^~~~~~~
nios_it/nios_it.c:24:10: warning: implicit declaration of function 'printf' [-Wimplicit-function-declaration]
   24 |          printf("Called ISR!\n");
      |          ^~~~~~
nios_it/nios_it.c:11:1: note: include '<stdio.h>' or provide a declaration of 'printf'
   10 | #include "../peripheral/peripheral_linker.h"  // Include the linker header file with peripheral definitions
  +++ |+#include <stdio.h>
   11 | 
nios_it/nios_it.c:24:10: warning: incompatible implicit declaration of built-in function 'printf' [-Wbuiltin-declaration-mismatch]
   24 |          printf("Called ISR!\n");
      |          ^~~~~~
nios_it/nios_it.c:24:10: note: include '<stdio.h>' or provide a declaration of 'printf'
Info: Compiling peripheral/peripheral_linker.c to obj/default/peripheral/peripheral_linker.o
nios2-elf-gcc.exe -xc -MP -MMD -c -Ic:/Users/guan-ming.dennis-won/Documents/Code/SPI_4_Wire_Serial_Intel_FPGA_IP/software/NIOS_Project_Small_bsp//HAL/inc -Ic:/Users/guan-ming.dennis-won/Documents/Code/SPI_4_Wire_Serial_Intel_FPGA_IP/software/NIOS_Project_Small_bsp/ -Ic:/Users/guan-ming.dennis-won/Documents/Code/SPI_4_Wire_Serial_Intel_FPGA_IP/software/NIOS_Project_Small_bsp//drivers/inc  -pipe -D__hal__ -DALT_NO_C_PLUS_PLUS -DALT_NO_CLEAN_EXIT -D'exit(a)=_exit(a)' -DALT_NO_EXIT -DALT_USE_DIRECT_DRIVERS -DALT_NO_INSTRUCTION_EMULATION -DALT_USE_SMALL_DRIVERS -DSMALL_C_LIB -DALT_SINGLE_THREADED    -Os -g -Wall   -mno-hw-div -mno-hw-div -mno-hw-mul -mno-hw-mulx -mgpopt=global  -o "obj/default/peripheral/peripheral_linker.o" "peripheral/peripheral_linker.c"
peripheral/peripheral_linker.c: In function 'delay_ms':
peripheral/peripheral_linker.c:9:5: warning: implicit declaration of function 'usleep' [-Wimplicit-function-declaration]
    9 |     usleep(milliseconds * 1000);  // Convert to microseconds
      |     ^~~~~~
peripheral/peripheral_linker.c: In function 'adc_init':
peripheral/peripheral_linker.c:17:13: warning: variable 'spi_check' set but not used [-Wunused-but-set-variable]
   17 |         int spi_check = -1;
      |             ^~~~~~~~~
peripheral/peripheral_linker.c: In function 'adc_init_spi_transmit_receive':
peripheral/peripheral_linker.c:161:13: warning: variable 'spi_check' set but not used [-Wunused-but-set-variable]
  161 |         int spi_check = -1;
      |             ^~~~~~~~~
peripheral/peripheral_linker.c: In function 'spi_transmit_receive':
peripheral/peripheral_linker.c:348:19: warning: implicit declaration of function 'printf' [-Wimplicit-function-declaration]
  348 |                   printf("error!");
      |                   ^~~~~~
peripheral/peripheral_linker.c:5:1: note: include '<stdio.h>' or provide a declaration of 'printf'
    4 | #include "timer.h"
  +++ |+#include <stdio.h>
    5 | 
peripheral/peripheral_linker.c:348:19: warning: incompatible implicit declaration of built-in function 'printf' [-Wbuiltin-declaration-mismatch]
  348 |                   printf("error!");
      |                   ^~~~~~
peripheral/peripheral_linker.c:348:19: note: include '<stdio.h>' or provide a declaration of 'printf'
Info: Compiling peripheral/timer.c to obj/default/peripheral/timer.o
nios2-elf-gcc.exe -xc -MP -MMD -c -Ic:/Users/guan-ming.dennis-won/Documents/Code/SPI_4_Wire_Serial_Intel_FPGA_IP/software/NIOS_Project_Small_bsp//HAL/inc -Ic:/Users/guan-ming.dennis-won/Documents/Code/SPI_4_Wire_Serial_Intel_FPGA_IP/software/NIOS_Project_Small_bsp/ -Ic:/Users/guan-ming.dennis-won/Documents/Code/SPI_4_Wire_Serial_Intel_FPGA_IP/software/NIOS_Project_Small_bsp//drivers/inc  -pipe -D__hal__ -DALT_NO_C_PLUS_PLUS -DALT_NO_CLEAN_EXIT -D'exit(a)=_exit(a)' -DALT_NO_EXIT -DALT_USE_DIRECT_DRIVERS -DALT_NO_INSTRUCTION_EMULATION -DALT_USE_SMALL_DRIVERS -DSMALL_C_LIB -DALT_SINGLE_THREADED    -Os -g -Wall   -mno-hw-div -mno-hw-div -mno-hw-mul -mno-hw-mulx -mgpopt=global  -o "obj/default/peripheral/timer.o" "peripheral/timer.c"
peripheral/timer.c: In function 'led_blink':
peripheral/timer.c:20:17: warning: implicit declaration of function 'printf' [-Wimplicit-function-declaration]
   20 |                 printf("led_blink - timer.c")
      |                 ^~~~~~
peripheral/timer.c:2:1: note: include '<stdio.h>' or provide a declaration of 'printf'
    1 | #include "timer.h"
  +++ |+#include <stdio.h>
    2 | 
peripheral/timer.c:20:17: warning: incompatible implicit declaration of built-in function 'printf' [-Wbuiltin-declaration-mismatch]
   20 |                 printf("led_blink - timer.c")
      |                 ^~~~~~
peripheral/timer.c:20:17: note: include '<stdio.h>' or provide a declaration of 'printf'
peripheral/timer.c:20:46: error: expected ';' before '}' token
   20 |                 printf("led_blink - timer.c")
      |                                              ^
      |                                              ;
......
   23 | }
      | ~                                             
peripheral/timer.c: At top level:
peripheral/timer.c:4:16: warning: 'led_blink_register' defined but not used [-Wunused-variable]
    4 | static uint8_t led_blink_register = 0;
      |                ^~~~~~~~~~~~~~~~~~
make: *** [obj/default/peripheral/timer.o] Error 1
Makefile:737: recipe for target 'obj/default/peripheral/timer.o' failed
15:07:32 **** Clean-only build of configuration Nios II for project NIOS_Project_Small ****
wsl make clean 
rm: cannot remove 'NIOS_Project_Small.elf': Permission denied
make: *** [clean] Error 1
Makefile:887: recipe for target 'clean' failed
15:07:34 **** Build of configuration Nios II for project NIOS_Project_Small ****
wsl make all 
Info: Building /mnt/c/Users/guan-ming.dennis-won/Documents/Code/SPI_4_Wire_Serial_Intel_FPGA_IP/software/NIOS_Project_Small_bsp/
make --no-print-directory -C /mnt/c/Users/guan-ming.dennis-won/Documents/Code/SPI_4_Wire_Serial_Intel_FPGA_IP/software/NIOS_Project_Small_bsp/
[BSP build complete]
Info: Compiling hello_world_small.c to obj/default/hello_world_small.o
nios2-elf-gcc.exe -xc -MP -MMD -c -Ic:/Users/guan-ming.dennis-won/Documents/Code/SPI_4_Wire_Serial_Intel_FPGA_IP/software/NIOS_Project_Small_bsp//HAL/inc -Ic:/Users/guan-ming.dennis-won/Documents/Code/SPI_4_Wire_Serial_Intel_FPGA_IP/software/NIOS_Project_Small_bsp/ -Ic:/Users/guan-ming.dennis-won/Documents/Code/SPI_4_Wire_Serial_Intel_FPGA_IP/software/NIOS_Project_Small_bsp//drivers/inc  -pipe -D__hal__ -DALT_NO_C_PLUS_PLUS -DALT_NO_CLEAN_EXIT -D'exit(a)=_exit(a)' -DALT_NO_EXIT -DALT_USE_DIRECT_DRIVERS -DALT_NO_INSTRUCTION_EMULATION -DALT_USE_SMALL_DRIVERS -DSMALL_C_LIB -DALT_SINGLE_THREADED    -Os -g -Wall   -mno-hw-div -mno-hw-div -mno-hw-mul -mno-hw-mulx -mgpopt=global  -o "obj/default/hello_world_small.o" "hello_world_small.c"
Info: Compiling imported_source/TENCL040_ESC.c to obj/default/imported_source/TENCL040_ESC.o
nios2-elf-gcc.exe -xc -MP -MMD -c -Ic:/Users/guan-ming.dennis-won/Documents/Code/SPI_4_Wire_Serial_Intel_FPGA_IP/software/NIOS_Project_Small_bsp//HAL/inc -Ic:/Users/guan-ming.dennis-won/Documents/Code/SPI_4_Wire_Serial_Intel_FPGA_IP/software/NIOS_Project_Small_bsp/ -Ic:/Users/guan-ming.dennis-won/Documents/Code/SPI_4_Wire_Serial_Intel_FPGA_IP/software/NIOS_Project_Small_bsp//drivers/inc  -pipe -D__hal__ -DALT_NO_C_PLUS_PLUS -DALT_NO_CLEAN_EXIT -D'exit(a)=_exit(a)' -DALT_NO_EXIT -DALT_USE_DIRECT_DRIVERS -DALT_NO_INSTRUCTION_EMULATION -DALT_USE_SMALL_DRIVERS -DSMALL_C_LIB -DALT_SINGLE_THREADED    -Os -g -Wall   -mno-hw-div -mno-hw-div -mno-hw-mul -mno-hw-mulx -mgpopt=global  -o "obj/default/imported_source/TENCL040_ESC.o" "imported_source/TENCL040_ESC.c"
imported_source/TENCL040_ESC.c: In function 'APPL_InputMapping':
imported_source/TENCL040_ESC.c:360:33: warning: case label value exceeds maximum value for type [-Wswitch-outside-range]
  360 |                                 case 0x1A010:
      |                                 ^~~~
imported_source/TENCL040_ESC.c: In function 'APPL_GetDeviceID':
imported_source/TENCL040_ESC.c:449:6: warning: #warning "Implement explicit Device ID latching" [-Wcpp]
  449 |     #warning "Implement explicit Device ID latching"
      |      ^~~~~~~
Info: Compiling imported_source/ax58100_hw.c to obj/default/imported_source/ax58100_hw.o
nios2-elf-gcc.exe -xc -MP -MMD -c -Ic:/Users/guan-ming.dennis-won/Documents/Code/SPI_4_Wire_Serial_Intel_FPGA_IP/software/NIOS_Project_Small_bsp//HAL/inc -Ic:/Users/guan-ming.dennis-won/Documents/Code/SPI_4_Wire_Serial_Intel_FPGA_IP/software/NIOS_Project_Small_bsp/ -Ic:/Users/guan-ming.dennis-won/Documents/Code/SPI_4_Wire_Serial_Intel_FPGA_IP/software/NIOS_Project_Small_bsp//drivers/inc  -pipe -D__hal__ -DALT_NO_C_PLUS_PLUS -DALT_NO_CLEAN_EXIT -D'exit(a)=_exit(a)' -DALT_NO_EXIT -DALT_USE_DIRECT_DRIVERS -DALT_NO_INSTRUCTION_EMULATION -DALT_USE_SMALL_DRIVERS -DSMALL_C_LIB -DALT_SINGLE_THREADED    -Os -g -Wall   -mno-hw-div -mno-hw-div -mno-hw-mul -mno-hw-mulx -mgpopt=global  -o "obj/default/imported_source/ax58100_hw.o" "imported_source/ax58100_hw.c"
imported_source/ax58100_hw.c: In function 'HW_SPI_Read':
imported_source/ax58100_hw.c:169:25: warning: unused variable 'spi_check' [-Wunused-variable]
  169 |                 uint8_t spi_check =  spi_transmit_receive(ESC_SPI_BASE, 0,
      |                         ^~~~~~~~~
imported_source/ax58100_hw.c: In function 'HW_SPI_Write':
imported_source/ax58100_hw.c:259:25: warning: unused variable 'spi_check' [-Wunused-variable]
  259 |                 uint8_t spi_check =  spi_transmit_receive(ESC_SPI_BASE, 0,
      |                         ^~~~~~~~~
imported_source/ax58100_hw.c: In function 'HW_Init':
imported_source/ax58100_hw.c:333:9: warning: implicit declaration of function 'init_exti0_it' [-Wimplicit-function-declaration]
  333 |         init_exti0_it();
      |         ^~~~~~~~~~~~~
imported_source/ax58100_hw.c: At top level:
imported_source/ax58100_hw.c:61:16: warning: 'HW_SPI_TransmitReceive' defined but not used [-Wunused-function]
   61 | static int32_t HW_SPI_TransmitReceive(uint8_t* pTxData, uint8_t* pRxData,
      |                ^~~~~~~~~~~~~~~~~~~~~~
Info: Compiling imported_source/coeappl.c to obj/default/imported_source/coeappl.o
nios2-elf-gcc.exe -xc -MP -MMD -c -Ic:/Users/guan-ming.dennis-won/Documents/Code/SPI_4_Wire_Serial_Intel_FPGA_IP/software/NIOS_Project_Small_bsp//HAL/inc -Ic:/Users/guan-ming.dennis-won/Documents/Code/SPI_4_Wire_Serial_Intel_FPGA_IP/software/NIOS_Project_Small_bsp/ -Ic:/Users/guan-ming.dennis-won/Documents/Code/SPI_4_Wire_Serial_Intel_FPGA_IP/software/NIOS_Project_Small_bsp//drivers/inc  -pipe -D__hal__ -DALT_NO_C_PLUS_PLUS -DALT_NO_CLEAN_EXIT -D'exit(a)=_exit(a)' -DALT_NO_EXIT -DALT_USE_DIRECT_DRIVERS -DALT_NO_INSTRUCTION_EMULATION -DALT_USE_SMALL_DRIVERS -DSMALL_C_LIB -DALT_SINGLE_THREADED    -Os -g -Wall   -mno-hw-div -mno-hw-div -mno-hw-mul -mno-hw-mulx -mgpopt=global  -o "obj/default/imported_source/coeappl.o" "imported_source/coeappl.c"
imported_source/coeappl.c: In function 'COE_ObjDictionaryInit':
imported_source/coeappl.c:882:26: warning: the comparison will always evaluate as 'true' for the address of 'ApplicationObjDic' will never be NULL [-Waddress]
  882 |     if(ApplicationObjDic != NULL)
      |                          ^~
In file included from imported_source/../imported_source/TENCL040_ESC.h:41,
                 from imported_source/coeappl.c:132:
imported_source/../imported_source/TENCL040_ESCObjects.h:2437:19: note: 'ApplicationObjDic' declared here
 2437 | TOBJECT    OBJMEM ApplicationObjDic[] = {
      |                   ^~~~~~~~~~~~~~~~~
Info: Compiling imported_source/ecatappl.c to obj/default/imported_source/ecatappl.o
nios2-elf-gcc.exe -xc -MP -MMD -c -Ic:/Users/guan-ming.dennis-won/Documents/Code/SPI_4_Wire_Serial_Intel_FPGA_IP/software/NIOS_Project_Small_bsp//HAL/inc -Ic:/Users/guan-ming.dennis-won/Documents/Code/SPI_4_Wire_Serial_Intel_FPGA_IP/software/NIOS_Project_Small_bsp/ -Ic:/Users/guan-ming.dennis-won/Documents/Code/SPI_4_Wire_Serial_Intel_FPGA_IP/software/NIOS_Project_Small_bsp//drivers/inc  -pipe -D__hal__ -DALT_NO_C_PLUS_PLUS -DALT_NO_CLEAN_EXIT -D'exit(a)=_exit(a)' -DALT_NO_EXIT -DALT_USE_DIRECT_DRIVERS -DALT_NO_INSTRUCTION_EMULATION -DALT_USE_SMALL_DRIVERS -DSMALL_C_LIB -DALT_SINGLE_THREADED    -Os -g -Wall   -mno-hw-div -mno-hw-div -mno-hw-mul -mno-hw-mulx -mgpopt=global  -o "obj/default/imported_source/ecatappl.o" "imported_source/ecatappl.c"
Info: Compiling imported_source/ecatcoe.c to obj/default/imported_source/ecatcoe.o
nios2-elf-gcc.exe -xc -MP -MMD -c -Ic:/Users/guan-ming.dennis-won/Documents/Code/SPI_4_Wire_Serial_Intel_FPGA_IP/software/NIOS_Project_Small_bsp//HAL/inc -Ic:/Users/guan-ming.dennis-won/Documents/Code/SPI_4_Wire_Serial_Intel_FPGA_IP/software/NIOS_Project_Small_bsp/ -Ic:/Users/guan-ming.dennis-won/Documents/Code/SPI_4_Wire_Serial_Intel_FPGA_IP/software/NIOS_Project_Small_bsp//drivers/inc  -pipe -D__hal__ -DALT_NO_C_PLUS_PLUS -DALT_NO_CLEAN_EXIT -D'exit(a)=_exit(a)' -DALT_NO_EXIT -DALT_USE_DIRECT_DRIVERS -DALT_NO_INSTRUCTION_EMULATION -DALT_USE_SMALL_DRIVERS -DSMALL_C_LIB -DALT_SINGLE_THREADED    -Os -g -Wall   -mno-hw-div -mno-hw-div -mno-hw-mul -mno-hw-mulx -mgpopt=global  -o "obj/default/imported_source/ecatcoe.o" "imported_source/ecatcoe.c"
Info: Compiling imported_source/ecatslv.c to obj/default/imported_source/ecatslv.o
nios2-elf-gcc.exe -xc -MP -MMD -c -Ic:/Users/guan-ming.dennis-won/Documents/Code/SPI_4_Wire_Serial_Intel_FPGA_IP/software/NIOS_Project_Small_bsp//HAL/inc -Ic:/Users/guan-ming.dennis-won/Documents/Code/SPI_4_Wire_Serial_Intel_FPGA_IP/software/NIOS_Project_Small_bsp/ -Ic:/Users/guan-ming.dennis-won/Documents/Code/SPI_4_Wire_Serial_Intel_FPGA_IP/software/NIOS_Project_Small_bsp//drivers/inc  -pipe -D__hal__ -DALT_NO_C_PLUS_PLUS -DALT_NO_CLEAN_EXIT -D'exit(a)=_exit(a)' -DALT_NO_EXIT -DALT_USE_DIRECT_DRIVERS -DALT_NO_INSTRUCTION_EMULATION -DALT_USE_SMALL_DRIVERS -DSMALL_C_LIB -DALT_SINGLE_THREADED    -Os -g -Wall   -mno-hw-div -mno-hw-div -mno-hw-mul -mno-hw-mulx -mgpopt=global  -o "obj/default/imported_source/ecatslv.o" "imported_source/ecatslv.c"
Info: Compiling imported_source/mailbox.c to obj/default/imported_source/mailbox.o
nios2-elf-gcc.exe -xc -MP -MMD -c -Ic:/Users/guan-ming.dennis-won/Documents/Code/SPI_4_Wire_Serial_Intel_FPGA_IP/software/NIOS_Project_Small_bsp//HAL/inc -Ic:/Users/guan-ming.dennis-won/Documents/Code/SPI_4_Wire_Serial_Intel_FPGA_IP/software/NIOS_Project_Small_bsp/ -Ic:/Users/guan-ming.dennis-won/Documents/Code/SPI_4_Wire_Serial_Intel_FPGA_IP/software/NIOS_Project_Small_bsp//drivers/inc  -pipe -D__hal__ -DALT_NO_C_PLUS_PLUS -DALT_NO_CLEAN_EXIT -D'exit(a)=_exit(a)' -DALT_NO_EXIT -DALT_USE_DIRECT_DRIVERS -DALT_NO_INSTRUCTION_EMULATION -DALT_USE_SMALL_DRIVERS -DSMALL_C_LIB -DALT_SINGLE_THREADED    -Os -g -Wall   -mno-hw-div -mno-hw-div -mno-hw-mul -mno-hw-mulx -mgpopt=global  -o "obj/default/imported_source/mailbox.o" "imported_source/mailbox.c"
imported_source/mailbox.c: In function 'MBX_CheckAndCopyMailbox':
imported_source/mailbox.c:760:17: warning: array subscript 'TMBX[0]' is partly outside array bounds of 'unsigned char[10]' [-Warray-bounds]
  760 |             pMbx->MbxHeader.Length     = 4;
      |                 ^~
In file included from imported_source/mailbox.c:138:
imported_source/../imported_source/ecat_def.h:776:51: note: object of size 10 allocated by 'malloc'
  776 | #define APPL_AllocMailboxBuffer(size)             malloc((size))
      |                                                   ^~~~~~~~~~~~~~
imported_source/mailbox.c:753:45: note: in expansion of macro 'APPL_AllocMailboxBuffer'
  753 |         TMBX MBXMEM *pMbx = (TMBX MBXMEM *) APPL_AllocMailboxBuffer(10); /* a mailbox error datagram length*/
      |                                             ^~~~~~~~~~~~~~~~~~~~~~~
imported_source/mailbox.c:762:17: warning: array subscript 'TMBX[0]' is partly outside array bounds of 'unsigned char[10]' [-Warray-bounds]
  762 |             pMbx->Data[0]                        = SWAPWORD(MBXSERVICE_MBXERRORCMD);
      |                 ^~
imported_source/../imported_source/ecat_def.h:776:51: note: object of size 10 allocated by 'malloc'
  776 | #define APPL_AllocMailboxBuffer(size)             malloc((size))
      |                                                   ^~~~~~~~~~~~~~
imported_source/mailbox.c:753:45: note: in expansion of macro 'APPL_AllocMailboxBuffer'
  753 |         TMBX MBXMEM *pMbx = (TMBX MBXMEM *) APPL_AllocMailboxBuffer(10); /* a mailbox error datagram length*/
      |                                             ^~~~~~~~~~~~~~~~~~~~~~~
imported_source/mailbox.c:763:17: warning: array subscript 'TMBX[0]' is partly outside array bounds of 'unsigned char[10]' [-Warray-bounds]
  763 |             pMbx->Data[1]                        = SWAPWORD(MBXERR_NOMOREMEMORY);
      |                 ^~
imported_source/../imported_source/ecat_def.h:776:51: note: object of size 10 allocated by 'malloc'
  776 | #define APPL_AllocMailboxBuffer(size)             malloc((size))
      |                                                   ^~~~~~~~~~~~~~
imported_source/mailbox.c:753:45: note: in expansion of macro 'APPL_AllocMailboxBuffer'
  753 |         TMBX MBXMEM *pMbx = (TMBX MBXMEM *) APPL_AllocMailboxBuffer(10); /* a mailbox error datagram length*/
      |                                             ^~~~~~~~~~~~~~~~~~~~~~~
Info: Compiling imported_source/objdef.c to obj/default/imported_source/objdef.o
nios2-elf-gcc.exe -xc -MP -MMD -c -Ic:/Users/guan-ming.dennis-won/Documents/Code/SPI_4_Wire_Serial_Intel_FPGA_IP/software/NIOS_Project_Small_bsp//HAL/inc -Ic:/Users/guan-ming.dennis-won/Documents/Code/SPI_4_Wire_Serial_Intel_FPGA_IP/software/NIOS_Project_Small_bsp/ -Ic:/Users/guan-ming.dennis-won/Documents/Code/SPI_4_Wire_Serial_Intel_FPGA_IP/software/NIOS_Project_Small_bsp//drivers/inc  -pipe -D__hal__ -DALT_NO_C_PLUS_PLUS -DALT_NO_CLEAN_EXIT -D'exit(a)=_exit(a)' -DALT_NO_EXIT -DALT_USE_DIRECT_DRIVERS -DALT_NO_INSTRUCTION_EMULATION -DALT_USE_SMALL_DRIVERS -DSMALL_C_LIB -DALT_SINGLE_THREADED    -Os -g -Wall   -mno-hw-div -mno-hw-div -mno-hw-mul -mno-hw-mulx -mgpopt=global  -o "obj/default/imported_source/objdef.o" "imported_source/objdef.c"
Info: Compiling imported_source/sdoserv.c to obj/default/imported_source/sdoserv.o
nios2-elf-gcc.exe -xc -MP -MMD -c -Ic:/Users/guan-ming.dennis-won/Documents/Code/SPI_4_Wire_Serial_Intel_FPGA_IP/software/NIOS_Project_Small_bsp//HAL/inc -Ic:/Users/guan-ming.dennis-won/Documents/Code/SPI_4_Wire_Serial_Intel_FPGA_IP/software/NIOS_Project_Small_bsp/ -Ic:/Users/guan-ming.dennis-won/Documents/Code/SPI_4_Wire_Serial_Intel_FPGA_IP/software/NIOS_Project_Small_bsp//drivers/inc  -pipe -D__hal__ -DALT_NO_C_PLUS_PLUS -DALT_NO_CLEAN_EXIT -D'exit(a)=_exit(a)' -DALT_NO_EXIT -DALT_USE_DIRECT_DRIVERS -DALT_NO_INSTRUCTION_EMULATION -DALT_USE_SMALL_DRIVERS -DSMALL_C_LIB -DALT_SINGLE_THREADED    -Os -g -Wall   -mno-hw-div -mno-hw-div -mno-hw-mul -mno-hw-mulx -mgpopt=global  -o "obj/default/imported_source/sdoserv.o" "imported_source/sdoserv.c"
Info: Compiling nios_it/nios_it.c to obj/default/nios_it/nios_it.o
nios2-elf-gcc.exe -xc -MP -MMD -c -Ic:/Users/guan-ming.dennis-won/Documents/Code/SPI_4_Wire_Serial_Intel_FPGA_IP/software/NIOS_Project_Small_bsp//HAL/inc -Ic:/Users/guan-ming.dennis-won/Documents/Code/SPI_4_Wire_Serial_Intel_FPGA_IP/software/NIOS_Project_Small_bsp/ -Ic:/Users/guan-ming.dennis-won/Documents/Code/SPI_4_Wire_Serial_Intel_FPGA_IP/software/NIOS_Project_Small_bsp//drivers/inc  -pipe -D__hal__ -DALT_NO_C_PLUS_PLUS -DALT_NO_CLEAN_EXIT -D'exit(a)=_exit(a)' -DALT_NO_EXIT -DALT_USE_DIRECT_DRIVERS -DALT_NO_INSTRUCTION_EMULATION -DALT_USE_SMALL_DRIVERS -DSMALL_C_LIB -DALT_SINGLE_THREADED    -Os -g -Wall   -mno-hw-div -mno-hw-div -mno-hw-mul -mno-hw-mulx -mgpopt=global  -o "obj/default/nios_it/nios_it.o" "nios_it/nios_it.c"
nios_it/nios_it.c: In function 'exti0_isr':
nios_it/nios_it.c:18:10: warning: implicit declaration of function 'PDI_Isr' [-Wimplicit-function-declaration]
   18 |          PDI_Isr();
      |          ^~~~~~~
nios_it/nios_it.c:24:10: warning: implicit declaration of function 'printf' [-Wimplicit-function-declaration]
   24 |          printf("Called ISR!\n");
      |          ^~~~~~
nios_it/nios_it.c:11:1: note: include '<stdio.h>' or provide a declaration of 'printf'
   10 | #include "../peripheral/peripheral_linker.h"  // Include the linker header file with peripheral definitions
  +++ |+#include <stdio.h>
   11 | 
nios_it/nios_it.c:24:10: warning: incompatible implicit declaration of built-in function 'printf' [-Wbuiltin-declaration-mismatch]
   24 |          printf("Called ISR!\n");
      |          ^~~~~~
nios_it/nios_it.c:24:10: note: include '<stdio.h>' or provide a declaration of 'printf'
Info: Compiling peripheral/peripheral_linker.c to obj/default/peripheral/peripheral_linker.o
nios2-elf-gcc.exe -xc -MP -MMD -c -Ic:/Users/guan-ming.dennis-won/Documents/Code/SPI_4_Wire_Serial_Intel_FPGA_IP/software/NIOS_Project_Small_bsp//HAL/inc -Ic:/Users/guan-ming.dennis-won/Documents/Code/SPI_4_Wire_Serial_Intel_FPGA_IP/software/NIOS_Project_Small_bsp/ -Ic:/Users/guan-ming.dennis-won/Documents/Code/SPI_4_Wire_Serial_Intel_FPGA_IP/software/NIOS_Project_Small_bsp//drivers/inc  -pipe -D__hal__ -DALT_NO_C_PLUS_PLUS -DALT_NO_CLEAN_EXIT -D'exit(a)=_exit(a)' -DALT_NO_EXIT -DALT_USE_DIRECT_DRIVERS -DALT_NO_INSTRUCTION_EMULATION -DALT_USE_SMALL_DRIVERS -DSMALL_C_LIB -DALT_SINGLE_THREADED    -Os -g -Wall   -mno-hw-div -mno-hw-div -mno-hw-mul -mno-hw-mulx -mgpopt=global  -o "obj/default/peripheral/peripheral_linker.o" "peripheral/peripheral_linker.c"
peripheral/peripheral_linker.c: In function 'delay_ms':
peripheral/peripheral_linker.c:9:5: warning: implicit declaration of function 'usleep' [-Wimplicit-function-declaration]
    9 |     usleep(milliseconds * 1000);  // Convert to microseconds
      |     ^~~~~~
peripheral/peripheral_linker.c: In function 'adc_init':
peripheral/peripheral_linker.c:17:13: warning: variable 'spi_check' set but not used [-Wunused-but-set-variable]
   17 |         int spi_check = -1;
      |             ^~~~~~~~~
peripheral/peripheral_linker.c: In function 'adc_init_spi_transmit_receive':
peripheral/peripheral_linker.c:161:13: warning: variable 'spi_check' set but not used [-Wunused-but-set-variable]
  161 |         int spi_check = -1;
      |             ^~~~~~~~~
peripheral/peripheral_linker.c: In function 'spi_transmit_receive':
peripheral/peripheral_linker.c:348:19: warning: implicit declaration of function 'printf' [-Wimplicit-function-declaration]
  348 |                   printf("error!");
      |                   ^~~~~~
peripheral/peripheral_linker.c:5:1: note: include '<stdio.h>' or provide a declaration of 'printf'
    4 | #include "timer.h"
  +++ |+#include <stdio.h>
    5 | 
peripheral/peripheral_linker.c:348:19: warning: incompatible implicit declaration of built-in function 'printf' [-Wbuiltin-declaration-mismatch]
  348 |                   printf("error!");
      |                   ^~~~~~
peripheral/peripheral_linker.c:348:19: note: include '<stdio.h>' or provide a declaration of 'printf'
Info: Compiling peripheral/timer.c to obj/default/peripheral/timer.o
nios2-elf-gcc.exe -xc -MP -MMD -c -Ic:/Users/guan-ming.dennis-won/Documents/Code/SPI_4_Wire_Serial_Intel_FPGA_IP/software/NIOS_Project_Small_bsp//HAL/inc -Ic:/Users/guan-ming.dennis-won/Documents/Code/SPI_4_Wire_Serial_Intel_FPGA_IP/software/NIOS_Project_Small_bsp/ -Ic:/Users/guan-ming.dennis-won/Documents/Code/SPI_4_Wire_Serial_Intel_FPGA_IP/software/NIOS_Project_Small_bsp//drivers/inc  -pipe -D__hal__ -DALT_NO_C_PLUS_PLUS -DALT_NO_CLEAN_EXIT -D'exit(a)=_exit(a)' -DALT_NO_EXIT -DALT_USE_DIRECT_DRIVERS -DALT_NO_INSTRUCTION_EMULATION -DALT_USE_SMALL_DRIVERS -DSMALL_C_LIB -DALT_SINGLE_THREADED    -Os -g -Wall   -mno-hw-div -mno-hw-div -mno-hw-mul -mno-hw-mulx -mgpopt=global  -o "obj/default/peripheral/timer.o" "peripheral/timer.c"
peripheral/timer.c: In function 'led_blink':
peripheral/timer.c:20:17: warning: implicit declaration of function 'printf' [-Wimplicit-function-declaration]
   20 |                 printf("led_blink - timer.c");
      |                 ^~~~~~
peripheral/timer.c:2:1: note: include '<stdio.h>' or provide a declaration of 'printf'
    1 | #include "timer.h"
  +++ |+#include <stdio.h>
    2 | 
peripheral/timer.c:20:17: warning: incompatible implicit declaration of built-in function 'printf' [-Wbuiltin-declaration-mismatch]
   20 |                 printf("led_blink - timer.c");
      |                 ^~~~~~
peripheral/timer.c:20:17: note: include '<stdio.h>' or provide a declaration of 'printf'
peripheral/timer.c: At top level:
peripheral/timer.c:4:16: warning: 'led_blink_register' defined but not used [-Wunused-variable]
    4 | static uint8_t led_blink_register = 0;
      |                ^~~~~~~~~~~~~~~~~~
Info: Linking NIOS_Project_Small.elf
nios2-elf-g++.exe  -T'c:/Users/guan-ming.dennis-won/Documents/Code/SPI_4_Wire_Serial_Intel_FPGA_IP/software/NIOS_Project_Small_bsp//linker.x' -msys-crt0='c:/Users/guan-ming.dennis-won/Documents/Code/SPI_4_Wire_Serial_Intel_FPGA_IP/software/NIOS_Project_Small_bsp//obj/HAL/src/crt0.o' -msys-lib=hal_bsp -Lc:/Users/guan-ming.dennis-won/Documents/Code/SPI_4_Wire_Serial_Intel_FPGA_IP/software/NIOS_Project_Small_bsp/  -msmallc  -Wl,-Map=NIOS_Project_Small.map   -Os -g -Wall   -mno-hw-div -mno-hw-div -mno-hw-mul -mno-hw-mulx -mgpopt=global  -o NIOS_Project_Small.elf obj/default/hello_world_small.o obj/default/imported_source/TENCL040_ESC.o obj/default/imported_source/ax58100_hw.o obj/default/imported_source/coeappl.o obj/default/imported_source/ecatappl.o obj/default/imported_source/ecatcoe.o obj/default/imported_source/ecatslv.o obj/default/imported_source/mailbox.o obj/default/imported_source/objdef.o obj/default/imported_source/sdoserv.o obj/default/nios_it/nios_it.o obj/default/peripheral/peripheral_linker.o obj/default/peripheral/timer.o -lm -msys-lib=m
nios2-elf-insert.exe NIOS_Project_Small.elf --thread_model hal --cpu_name NIOS --qsys true --simulation_enabled false --id 39011 --sidp 0x410e0 --timestamp 1749793232 --stderr_dev DEBUG --stdin_dev DEBUG --stdout_dev DEBUG --sopc_system_name spi_platform_designer --quartus_project_dir "c:/Users/guan-ming.dennis-won/Documents/Code/SPI_4_Wire_Serial_Intel_FPGA_IP" --jdi ../..//output_files/spi.jdi --sopcinfo C:/Users/guan-ming.dennis-won/Documents/Code/SPI_4_Wire_Serial_Intel_FPGA_IP/spi_platform_designer.sopcinfo
Info: (NIOS_Project_Small.elf) 41 KBytes program size (code + initialized data).
Info:                          34 KBytes free for stack + heap.
Info: Creating NIOS_Project_Small.objdump
nios2-elf-objdump.exe --disassemble --syms --all-header --source NIOS_Project_Small.elf >NIOS_Project_Small.objdump
[NIOS_Project_Small build complete]
15:08:39 **** Incremental Build of configuration Nios II for project NIOS_Project_Small ****
wsl make all 
Info: Building /mnt/c/Users/guan-ming.dennis-won/Documents/Code/SPI_4_Wire_Serial_Intel_FPGA_IP/software/NIOS_Project_Small_bsp/
make --no-print-directory -C /mnt/c/Users/guan-ming.dennis-won/Documents/Code/SPI_4_Wire_Serial_Intel_FPGA_IP/software/NIOS_Project_Small_bsp/
[BSP build complete]
[NIOS_Project_Small build complete]
15:09:49 **** Incremental Build of configuration Nios II for project NIOS_Project_Small ****
wsl make all 
Info: Building /mnt/c/Users/guan-ming.dennis-won/Documents/Code/SPI_4_Wire_Serial_Intel_FPGA_IP/software/NIOS_Project_Small_bsp/
make --no-print-directory -C /mnt/c/Users/guan-ming.dennis-won/Documents/Code/SPI_4_Wire_Serial_Intel_FPGA_IP/software/NIOS_Project_Small_bsp/
[BSP build complete]
Info: Compiling peripheral/timer.c to obj/default/peripheral/timer.o
nios2-elf-gcc.exe -xc -MP -MMD -c -Ic:/Users/guan-ming.dennis-won/Documents/Code/SPI_4_Wire_Serial_Intel_FPGA_IP/software/NIOS_Project_Small_bsp//HAL/inc -Ic:/Users/guan-ming.dennis-won/Documents/Code/SPI_4_Wire_Serial_Intel_FPGA_IP/software/NIOS_Project_Small_bsp/ -Ic:/Users/guan-ming.dennis-won/Documents/Code/SPI_4_Wire_Serial_Intel_FPGA_IP/software/NIOS_Project_Small_bsp//drivers/inc  -pipe -D__hal__ -DALT_NO_C_PLUS_PLUS -DALT_NO_CLEAN_EXIT -D'exit(a)=_exit(a)' -DALT_NO_EXIT -DALT_USE_DIRECT_DRIVERS -DALT_NO_INSTRUCTION_EMULATION -DALT_USE_SMALL_DRIVERS -DSMALL_C_LIB -DALT_SINGLE_THREADED    -Os -g -Wall   -mno-hw-div -mno-hw-div -mno-hw-mul -mno-hw-mulx -mgpopt=global  -o "obj/default/peripheral/timer.o" "peripheral/timer.c"
peripheral/timer.c: In function 'led_blink':
peripheral/timer.c:20:17: warning: implicit declaration of function 'printf' [-Wimplicit-function-declaration]
   20 |                 printf("led_blink - timer.c");
      |                 ^~~~~~
peripheral/timer.c:2:1: note: include '<stdio.h>' or provide a declaration of 'printf'
    1 | #include "timer.h"
  +++ |+#include <stdio.h>
    2 | 
peripheral/timer.c:20:17: warning: incompatible implicit declaration of built-in function 'printf' [-Wbuiltin-declaration-mismatch]
   20 |                 printf("led_blink - timer.c");
      |                 ^~~~~~
peripheral/timer.c:20:17: note: include '<stdio.h>' or provide a declaration of 'printf'
peripheral/timer.c: At top level:
peripheral/timer.c:4:16: warning: 'led_blink_register' defined but not used [-Wunused-variable]
    4 | static uint8_t led_blink_register = 0;
      |                ^~~~~~~~~~~~~~~~~~
Info: Linking NIOS_Project_Small.elf
nios2-elf-g++.exe  -T'c:/Users/guan-ming.dennis-won/Documents/Code/SPI_4_Wire_Serial_Intel_FPGA_IP/software/NIOS_Project_Small_bsp//linker.x' -msys-crt0='c:/Users/guan-ming.dennis-won/Documents/Code/SPI_4_Wire_Serial_Intel_FPGA_IP/software/NIOS_Project_Small_bsp//obj/HAL/src/crt0.o' -msys-lib=hal_bsp -Lc:/Users/guan-ming.dennis-won/Documents/Code/SPI_4_Wire_Serial_Intel_FPGA_IP/software/NIOS_Project_Small_bsp/  -msmallc  -Wl,-Map=NIOS_Project_Small.map   -Os -g -Wall   -mno-hw-div -mno-hw-div -mno-hw-mul -mno-hw-mulx -mgpopt=global  -o NIOS_Project_Small.elf obj/default/hello_world_small.o obj/default/imported_source/TENCL040_ESC.o obj/default/imported_source/ax58100_hw.o obj/default/imported_source/coeappl.o obj/default/imported_source/ecatappl.o obj/default/imported_source/ecatcoe.o obj/default/imported_source/ecatslv.o obj/default/imported_source/mailbox.o obj/default/imported_source/objdef.o obj/default/imported_source/sdoserv.o obj/default/nios_it/nios_it.o obj/default/peripheral/peripheral_linker.o obj/default/peripheral/timer.o -lm -msys-lib=m
nios2-elf-insert.exe NIOS_Project_Small.elf --thread_model hal --cpu_name NIOS --qsys true --simulation_enabled false --id 39011 --sidp 0x410e0 --timestamp 1749793232 --stderr_dev DEBUG --stdin_dev DEBUG --stdout_dev DEBUG --sopc_system_name spi_platform_designer --quartus_project_dir "c:/Users/guan-ming.dennis-won/Documents/Code/SPI_4_Wire_Serial_Intel_FPGA_IP" --jdi ../..//output_files/spi.jdi --sopcinfo C:/Users/guan-ming.dennis-won/Documents/Code/SPI_4_Wire_Serial_Intel_FPGA_IP/spi_platform_designer.sopcinfo
Info: (NIOS_Project_Small.elf) 41 KBytes program size (code + initialized data).
Info:                          34 KBytes free for stack + heap.
Info: Creating NIOS_Project_Small.objdump
nios2-elf-objdump.exe --disassemble --syms --all-header --source NIOS_Project_Small.elf >NIOS_Project_Small.objdump
[NIOS_Project_Small build complete]
15:10:08 **** Incremental Build of configuration Nios II for project NIOS_Project_Small ****
wsl make all 
Info: Building /mnt/c/Users/guan-ming.dennis-won/Documents/Code/SPI_4_Wire_Serial_Intel_FPGA_IP/software/NIOS_Project_Small_bsp/
make --no-print-directory -C /mnt/c/Users/guan-ming.dennis-won/Documents/Code/SPI_4_Wire_Serial_Intel_FPGA_IP/software/NIOS_Project_Small_bsp/
[BSP build complete]
[NIOS_Project_Small build complete]
15:14:16 **** Build of configuration Nios II for project NIOS_Project_Small ****
wsl make all 
Info: Building /mnt/c/Users/guan-ming.dennis-won/Documents/Code/SPI_4_Wire_Serial_Intel_FPGA_IP/software/NIOS_Project_Small_bsp/
make --no-print-directory -C /mnt/c/Users/guan-ming.dennis-won/Documents/Code/SPI_4_Wire_Serial_Intel_FPGA_IP/software/NIOS_Project_Small_bsp/
[BSP build complete]
Info: Compiling hello_world_small.c to obj/default/hello_world_small.o
nios2-elf-gcc.exe -xc -MP -MMD -c -Ic:/Users/guan-ming.dennis-won/Documents/Code/SPI_4_Wire_Serial_Intel_FPGA_IP/software/NIOS_Project_Small_bsp//HAL/inc -Ic:/Users/guan-ming.dennis-won/Documents/Code/SPI_4_Wire_Serial_Intel_FPGA_IP/software/NIOS_Project_Small_bsp/ -Ic:/Users/guan-ming.dennis-won/Documents/Code/SPI_4_Wire_Serial_Intel_FPGA_IP/software/NIOS_Project_Small_bsp//drivers/inc  -pipe -D__hal__ -DALT_NO_C_PLUS_PLUS -DALT_NO_CLEAN_EXIT -D'exit(a)=_exit(a)' -DALT_NO_EXIT -DALT_USE_DIRECT_DRIVERS -DALT_NO_INSTRUCTION_EMULATION -DALT_USE_SMALL_DRIVERS -DSMALL_C_LIB -DALT_SINGLE_THREADED    -Os -g -Wall   -mno-hw-div -mno-hw-div -mno-hw-mul -mno-hw-mulx -mgpopt=global  -o "obj/default/hello_world_small.o" "hello_world_small.c"
Info: Linking NIOS_Project_Small.elf
nios2-elf-g++.exe  -T'c:/Users/guan-ming.dennis-won/Documents/Code/SPI_4_Wire_Serial_Intel_FPGA_IP/software/NIOS_Project_Small_bsp//linker.x' -msys-crt0='c:/Users/guan-ming.dennis-won/Documents/Code/SPI_4_Wire_Serial_Intel_FPGA_IP/software/NIOS_Project_Small_bsp//obj/HAL/src/crt0.o' -msys-lib=hal_bsp -Lc:/Users/guan-ming.dennis-won/Documents/Code/SPI_4_Wire_Serial_Intel_FPGA_IP/software/NIOS_Project_Small_bsp/  -msmallc  -Wl,-Map=NIOS_Project_Small.map   -Os -g -Wall   -mno-hw-div -mno-hw-div -mno-hw-mul -mno-hw-mulx -mgpopt=global  -o NIOS_Project_Small.elf obj/default/hello_world_small.o obj/default/imported_source/TENCL040_ESC.o obj/default/imported_source/ax58100_hw.o obj/default/imported_source/coeappl.o obj/default/imported_source/ecatappl.o obj/default/imported_source/ecatcoe.o obj/default/imported_source/ecatslv.o obj/default/imported_source/mailbox.o obj/default/imported_source/objdef.o obj/default/imported_source/sdoserv.o obj/default/nios_it/nios_it.o obj/default/peripheral/peripheral_linker.o obj/default/peripheral/timer.o -lm -msys-lib=m
nios2-elf-insert.exe NIOS_Project_Small.elf --thread_model hal --cpu_name NIOS --qsys true --simulation_enabled false --id 39011 --sidp 0x410e0 --timestamp 1749793232 --stderr_dev DEBUG --stdin_dev DEBUG --stdout_dev DEBUG --sopc_system_name spi_platform_designer --quartus_project_dir "c:/Users/guan-ming.dennis-won/Documents/Code/SPI_4_Wire_Serial_Intel_FPGA_IP" --jdi ../..//output_files/spi.jdi --sopcinfo C:/Users/guan-ming.dennis-won/Documents/Code/SPI_4_Wire_Serial_Intel_FPGA_IP/spi_platform_designer.sopcinfo
Info: (NIOS_Project_Small.elf) 41 KBytes program size (code + initialized data).
Info:                          34 KBytes free for stack + heap.
Info: Creating NIOS_Project_Small.objdump
nios2-elf-objdump.exe --disassemble --syms --all-header --source NIOS_Project_Small.elf >NIOS_Project_Small.objdump
[NIOS_Project_Small build complete]
15:14:24 **** Incremental Build of configuration Nios II for project NIOS_Project_Small ****
wsl make all 
Info: Building /mnt/c/Users/guan-ming.dennis-won/Documents/Code/SPI_4_Wire_Serial_Intel_FPGA_IP/software/NIOS_Project_Small_bsp/
make --no-print-directory -C /mnt/c/Users/guan-ming.dennis-won/Documents/Code/SPI_4_Wire_Serial_Intel_FPGA_IP/software/NIOS_Project_Small_bsp/
[BSP build complete]
[NIOS_Project_Small build complete]
15:16:54 **** Clean-only build of configuration Nios II for project NIOS_Project_Small ****
wsl make clean 
[NIOS_Project_Small clean complete]
15:16:57 **** Build of configuration Nios II for project NIOS_Project_Small ****
wsl make all 
Info: Building /mnt/c/Users/guan-ming.dennis-won/Documents/Code/SPI_4_Wire_Serial_Intel_FPGA_IP/software/NIOS_Project_Small_bsp/
make --no-print-directory -C /mnt/c/Users/guan-ming.dennis-won/Documents/Code/SPI_4_Wire_Serial_Intel_FPGA_IP/software/NIOS_Project_Small_bsp/
Makefile not up to date.
/mnt/c/Users/guan-ming.dennis-won/Documents/Code/SPI_4_Wire_Serial_Intel_FPGA_IP/spi_platform_designer.sopcinfo has been modified since the BSP was generated.

Generate the BSP to update the Makefile, and then build again.

To generate from Eclipse:
 1. Right-click the BSP project.
 2. In the Nios II Menu, click Generate BSP.

To generate from the command line:
 nios2-bsp-generate-files --settings=<settings file> --bsp-dir=<target bsp files directory>

Makefile:573: recipe for target 'public.mk' failed
make[1]: *** [public.mk] Error 1
Makefile:854: recipe for target '/mnt/c/Users/guan-ming.dennis-won/Documents/Code/SPI_4_Wire_Serial_Intel_FPGA_IP/software/NIOS_Project_Small_bsp/-recurs-make-lib' failed
make: *** [/mnt/c/Users/guan-ming.dennis-won/Documents/Code/SPI_4_Wire_Serial_Intel_FPGA_IP/software/NIOS_Project_Small_bsp/-recurs-make-lib] Error 2
15:17:46 **** Clean-only build of configuration Nios II for project NIOS_Project_Small ****
wsl make clean 
[NIOS_Project_Small clean complete]
15:17:48 **** Build of configuration Nios II for project NIOS_Project_Small ****
wsl make all 
Info: Building /mnt/c/Users/guan-ming.dennis-won/Documents/Code/SPI_4_Wire_Serial_Intel_FPGA_IP/software/NIOS_Project_Small_bsp/
make --no-print-directory -C /mnt/c/Users/guan-ming.dennis-won/Documents/Code/SPI_4_Wire_Serial_Intel_FPGA_IP/software/NIOS_Project_Small_bsp/
Compiling alt_alarm_start.c...
nios2-elf-gcc.exe -xc -MP -MMD -c  -I./HAL/inc -I. -I./drivers/inc -pipe -D__hal__ -DALT_NO_C_PLUS_PLUS -DALT_NO_CLEAN_EXIT -D'exit(a)=_exit(a)' -DALT_NO_EXIT -DALT_USE_DIRECT_DRIVERS -DALT_NO_INSTRUCTION_EMULATION -DALT_USE_SMALL_DRIVERS -DSMALL_C_LIB -DALT_SINGLE_THREADED    '-Os' -g -Wall  -mno-hw-div -mno-hw-div -mno-hw-mul -mno-hw-mulx -mgpopt=global   -o obj/HAL/src/alt_alarm_start.o HAL/src/alt_alarm_start.c
Compiling alt_busy_sleep.c...
nios2-elf-gcc.exe -xc -MP -MMD -c  -I./HAL/inc -I. -I./drivers/inc -pipe -D__hal__ -DALT_NO_C_PLUS_PLUS -DALT_NO_CLEAN_EXIT -D'exit(a)=_exit(a)' -DALT_NO_EXIT -DALT_USE_DIRECT_DRIVERS -DALT_NO_INSTRUCTION_EMULATION -DALT_USE_SMALL_DRIVERS -DSMALL_C_LIB -DALT_SINGLE_THREADED    '-Os' -g -Wall  -mno-hw-div -mno-hw-div -mno-hw-mul -mno-hw-mulx -mgpopt=global   -o obj/HAL/src/alt_busy_sleep.o HAL/src/alt_busy_sleep.c
Compiling alt_close.c...
nios2-elf-gcc.exe -xc -MP -MMD -c  -I./HAL/inc -I. -I./drivers/inc -pipe -D__hal__ -DALT_NO_C_PLUS_PLUS -DALT_NO_CLEAN_EXIT -D'exit(a)=_exit(a)' -DALT_NO_EXIT -DALT_USE_DIRECT_DRIVERS -DALT_NO_INSTRUCTION_EMULATION -DALT_USE_SMALL_DRIVERS -DSMALL_C_LIB -DALT_SINGLE_THREADED    '-Os' -g -Wall  -mno-hw-div -mno-hw-div -mno-hw-mul -mno-hw-mulx -mgpopt=global   -o obj/HAL/src/alt_close.o HAL/src/alt_close.c
Compiling alt_dcache_flush.c...
nios2-elf-gcc.exe -xc -MP -MMD -c  -I./HAL/inc -I. -I./drivers/inc -pipe -D__hal__ -DALT_NO_C_PLUS_PLUS -DALT_NO_CLEAN_EXIT -D'exit(a)=_exit(a)' -DALT_NO_EXIT -DALT_USE_DIRECT_DRIVERS -DALT_NO_INSTRUCTION_EMULATION -DALT_USE_SMALL_DRIVERS -DSMALL_C_LIB -DALT_SINGLE_THREADED    '-Os' -g -Wall  -mno-hw-div -mno-hw-div -mno-hw-mul -mno-hw-mulx -mgpopt=global   -o obj/HAL/src/alt_dcache_flush.o HAL/src/alt_dcache_flush.c
Compiling alt_dcache_flush_all.c...
nios2-elf-gcc.exe -xc -MP -MMD -c  -I./HAL/inc -I. -I./drivers/inc -pipe -D__hal__ -DALT_NO_C_PLUS_PLUS -DALT_NO_CLEAN_EXIT -D'exit(a)=_exit(a)' -DALT_NO_EXIT -DALT_USE_DIRECT_DRIVERS -DALT_NO_INSTRUCTION_EMULATION -DALT_USE_SMALL_DRIVERS -DSMALL_C_LIB -DALT_SINGLE_THREADED    '-Os' -g -Wall  -mno-hw-div -mno-hw-div -mno-hw-mul -mno-hw-mulx -mgpopt=global   -o obj/HAL/src/alt_dcache_flush_all.o HAL/src/alt_dcache_flush_all.c
Compiling alt_dcache_flush_no_writeback.c...
nios2-elf-gcc.exe -xc -MP -MMD -c  -I./HAL/inc -I. -I./drivers/inc -pipe -D__hal__ -DALT_NO_C_PLUS_PLUS -DALT_NO_CLEAN_EXIT -D'exit(a)=_exit(a)' -DALT_NO_EXIT -DALT_USE_DIRECT_DRIVERS -DALT_NO_INSTRUCTION_EMULATION -DALT_USE_SMALL_DRIVERS -DSMALL_C_LIB -DALT_SINGLE_THREADED    '-Os' -g -Wall  -mno-hw-div -mno-hw-div -mno-hw-mul -mno-hw-mulx -mgpopt=global   -o obj/HAL/src/alt_dcache_flush_no_writeback.o HAL/src/alt_dcache_flush_no_writeback.c
Compiling alt_dev.c...
nios2-elf-gcc.exe -xc -MP -MMD -c  -I./HAL/inc -I. -I./drivers/inc -pipe -D__hal__ -DALT_NO_C_PLUS_PLUS -DALT_NO_CLEAN_EXIT -D'exit(a)=_exit(a)' -DALT_NO_EXIT -DALT_USE_DIRECT_DRIVERS -DALT_NO_INSTRUCTION_EMULATION -DALT_USE_SMALL_DRIVERS -DSMALL_C_LIB -DALT_SINGLE_THREADED    '-Os' -g -Wall  -mno-hw-div -mno-hw-div -mno-hw-mul -mno-hw-mulx -mgpopt=global   -o obj/HAL/src/alt_dev.o HAL/src/alt_dev.c
Compiling alt_dma_rxchan_open.c...
nios2-elf-gcc.exe -xc -MP -MMD -c  -I./HAL/inc -I. -I./drivers/inc -pipe -D__hal__ -DALT_NO_C_PLUS_PLUS -DALT_NO_CLEAN_EXIT -D'exit(a)=_exit(a)' -DALT_NO_EXIT -DALT_USE_DIRECT_DRIVERS -DALT_NO_INSTRUCTION_EMULATION -DALT_USE_SMALL_DRIVERS -DSMALL_C_LIB -DALT_SINGLE_THREADED    '-Os' -g -Wall  -mno-hw-div -mno-hw-div -mno-hw-mul -mno-hw-mulx -mgpopt=global   -o obj/HAL/src/alt_dma_rxchan_open.o HAL/src/alt_dma_rxchan_open.c
Compiling alt_dma_txchan_open.c...
nios2-elf-gcc.exe -xc -MP -MMD -c  -I./HAL/inc -I. -I./drivers/inc -pipe -D__hal__ -DALT_NO_C_PLUS_PLUS -DALT_NO_CLEAN_EXIT -D'exit(a)=_exit(a)' -DALT_NO_EXIT -DALT_USE_DIRECT_DRIVERS -DALT_NO_INSTRUCTION_EMULATION -DALT_USE_SMALL_DRIVERS -DSMALL_C_LIB -DALT_SINGLE_THREADED    '-Os' -g -Wall  -mno-hw-div -mno-hw-div -mno-hw-mul -mno-hw-mulx -mgpopt=global   -o obj/HAL/src/alt_dma_txchan_open.o HAL/src/alt_dma_txchan_open.c
Compiling alt_ecc_fatal_exception.c...
nios2-elf-gcc.exe -xc -MP -MMD -c  -I./HAL/inc -I. -I./drivers/inc -pipe -D__hal__ -DALT_NO_C_PLUS_PLUS -DALT_NO_CLEAN_EXIT -D'exit(a)=_exit(a)' -DALT_NO_EXIT -DALT_USE_DIRECT_DRIVERS -DALT_NO_INSTRUCTION_EMULATION -DALT_USE_SMALL_DRIVERS -DSMALL_C_LIB -DALT_SINGLE_THREADED    '-Os' -g -Wall  -mno-hw-div -mno-hw-div -mno-hw-mul -mno-hw-mulx -mgpopt=global   -o obj/HAL/src/alt_ecc_fatal_exception.o HAL/src/alt_ecc_fatal_exception.c
Compiling alt_exception_entry.S...
nios2-elf-gcc.exe -MP -MMD -c   '-Os' -g -Wall  -mno-hw-div -mno-hw-div -mno-hw-mul -mno-hw-mulx -mgpopt=global    -I./HAL/inc -I. -I./drivers/inc -pipe -D__hal__ -DALT_NO_C_PLUS_PLUS -DALT_NO_CLEAN_EXIT -D'exit(a)=_exit(a)' -DALT_NO_EXIT -DALT_USE_DIRECT_DRIVERS -DALT_NO_INSTRUCTION_EMULATION -DALT_USE_SMALL_DRIVERS -DSMALL_C_LIB -DALT_SINGLE_THREADED  -Wa,-gdwarf2  -o obj/HAL/src/alt_exception_entry.o HAL/src/alt_exception_entry.S
Compiling alt_exit.c...
nios2-elf-gcc.exe -xc -MP -MMD -c  -I./HAL/inc -I. -I./drivers/inc -pipe -D__hal__ -DALT_NO_C_PLUS_PLUS -DALT_NO_CLEAN_EXIT -D'exit(a)=_exit(a)' -DALT_NO_EXIT -DALT_USE_DIRECT_DRIVERS -DALT_NO_INSTRUCTION_EMULATION -DALT_USE_SMALL_DRIVERS -DSMALL_C_LIB -DALT_SINGLE_THREADED    '-Os' -g -Wall  -mno-hw-div -mno-hw-div -mno-hw-mul -mno-hw-mulx -mgpopt=global   -o obj/HAL/src/alt_exit.o HAL/src/alt_exit.c
Compiling alt_fcntl.c...
nios2-elf-gcc.exe -xc -MP -MMD -c  -I./HAL/inc -I. -I./drivers/inc -pipe -D__hal__ -DALT_NO_C_PLUS_PLUS -DALT_NO_CLEAN_EXIT -D'exit(a)=_exit(a)' -DALT_NO_EXIT -DALT_USE_DIRECT_DRIVERS -DALT_NO_INSTRUCTION_EMULATION -DALT_USE_SMALL_DRIVERS -DSMALL_C_LIB -DALT_SINGLE_THREADED    '-Os' -g -Wall  -mno-hw-div -mno-hw-div -mno-hw-mul -mno-hw-mulx -mgpopt=global   -o obj/HAL/src/alt_fcntl.o HAL/src/alt_fcntl.c
Compiling alt_fd_lock.c...
nios2-elf-gcc.exe -xc -MP -MMD -c  -I./HAL/inc -I. -I./drivers/inc -pipe -D__hal__ -DALT_NO_C_PLUS_PLUS -DALT_NO_CLEAN_EXIT -D'exit(a)=_exit(a)' -DALT_NO_EXIT -DALT_USE_DIRECT_DRIVERS -DALT_NO_INSTRUCTION_EMULATION -DALT_USE_SMALL_DRIVERS -DSMALL_C_LIB -DALT_SINGLE_THREADED    '-Os' -g -Wall  -mno-hw-div -mno-hw-div -mno-hw-mul -mno-hw-mulx -mgpopt=global   -o obj/HAL/src/alt_fd_lock.o HAL/src/alt_fd_lock.c
Compiling alt_fd_unlock.c...
nios2-elf-gcc.exe -xc -MP -MMD -c  -I./HAL/inc -I. -I./drivers/inc -pipe -D__hal__ -DALT_NO_C_PLUS_PLUS -DALT_NO_CLEAN_EXIT -D'exit(a)=_exit(a)' -DALT_NO_EXIT -DALT_USE_DIRECT_DRIVERS -DALT_NO_INSTRUCTION_EMULATION -DALT_USE_SMALL_DRIVERS -DSMALL_C_LIB -DALT_SINGLE_THREADED    '-Os' -g -Wall  -mno-hw-div -mno-hw-div -mno-hw-mul -mno-hw-mulx -mgpopt=global   -o obj/HAL/src/alt_fd_unlock.o HAL/src/alt_fd_unlock.c
Compiling alt_find_dev.c...
nios2-elf-gcc.exe -xc -MP -MMD -c  -I./HAL/inc -I. -I./drivers/inc -pipe -D__hal__ -DALT_NO_C_PLUS_PLUS -DALT_NO_CLEAN_EXIT -D'exit(a)=_exit(a)' -DALT_NO_EXIT -DALT_USE_DIRECT_DRIVERS -DALT_NO_INSTRUCTION_EMULATION -DALT_USE_SMALL_DRIVERS -DSMALL_C_LIB -DALT_SINGLE_THREADED    '-Os' -g -Wall  -mno-hw-div -mno-hw-div -mno-hw-mul -mno-hw-mulx -mgpopt=global   -o obj/HAL/src/alt_find_dev.o HAL/src/alt_find_dev.c
Compiling alt_find_file.c...
nios2-elf-gcc.exe -xc -MP -MMD -c  -I./HAL/inc -I. -I./drivers/inc -pipe -D__hal__ -DALT_NO_C_PLUS_PLUS -DALT_NO_CLEAN_EXIT -D'exit(a)=_exit(a)' -DALT_NO_EXIT -DALT_USE_DIRECT_DRIVERS -DALT_NO_INSTRUCTION_EMULATION -DALT_USE_SMALL_DRIVERS -DSMALL_C_LIB -DALT_SINGLE_THREADED    '-Os' -g -Wall  -mno-hw-div -mno-hw-div -mno-hw-mul -mno-hw-mulx -mgpopt=global   -o obj/HAL/src/alt_find_file.o HAL/src/alt_find_file.c
Compiling alt_flash_dev.c...
nios2-elf-gcc.exe -xc -MP -MMD -c  -I./HAL/inc -I. -I./drivers/inc -pipe -D__hal__ -DALT_NO_C_PLUS_PLUS -DALT_NO_CLEAN_EXIT -D'exit(a)=_exit(a)' -DALT_NO_EXIT -DALT_USE_DIRECT_DRIVERS -DALT_NO_INSTRUCTION_EMULATION -DALT_USE_SMALL_DRIVERS -DSMALL_C_LIB -DALT_SINGLE_THREADED    '-Os' -g -Wall  -mno-hw-div -mno-hw-div -mno-hw-mul -mno-hw-mulx -mgpopt=global   -o obj/HAL/src/alt_flash_dev.o HAL/src/alt_flash_dev.c
Compiling alt_fs_reg.c...
nios2-elf-gcc.exe -xc -MP -MMD -c  -I./HAL/inc -I. -I./drivers/inc -pipe -D__hal__ -DALT_NO_C_PLUS_PLUS -DALT_NO_CLEAN_EXIT -D'exit(a)=_exit(a)' -DALT_NO_EXIT -DALT_USE_DIRECT_DRIVERS -DALT_NO_INSTRUCTION_EMULATION -DALT_USE_SMALL_DRIVERS -DSMALL_C_LIB -DALT_SINGLE_THREADED    '-Os' -g -Wall  -mno-hw-div -mno-hw-div -mno-hw-mul -mno-hw-mulx -mgpopt=global   -o obj/HAL/src/alt_fs_reg.o HAL/src/alt_fs_reg.c
Compiling alt_fstat.c...
nios2-elf-gcc.exe -xc -MP -MMD -c  -I./HAL/inc -I. -I./drivers/inc -pipe -D__hal__ -DALT_NO_C_PLUS_PLUS -DALT_NO_CLEAN_EXIT -D'exit(a)=_exit(a)' -DALT_NO_EXIT -DALT_USE_DIRECT_DRIVERS -DALT_NO_INSTRUCTION_EMULATION -DALT_USE_SMALL_DRIVERS -DSMALL_C_LIB -DALT_SINGLE_THREADED    '-Os' -g -Wall  -mno-hw-div -mno-hw-div -mno-hw-mul -mno-hw-mulx -mgpopt=global   -o obj/HAL/src/alt_fstat.o HAL/src/alt_fstat.c
Compiling alt_get_fd.c...
nios2-elf-gcc.exe -xc -MP -MMD -c  -I./HAL/inc -I. -I./drivers/inc -pipe -D__hal__ -DALT_NO_C_PLUS_PLUS -DALT_NO_CLEAN_EXIT -D'exit(a)=_exit(a)' -DALT_NO_EXIT -DALT_USE_DIRECT_DRIVERS -DALT_NO_INSTRUCTION_EMULATION -DALT_USE_SMALL_DRIVERS -DSMALL_C_LIB -DALT_SINGLE_THREADED    '-Os' -g -Wall  -mno-hw-div -mno-hw-div -mno-hw-mul -mno-hw-mulx -mgpopt=global   -o obj/HAL/src/alt_get_fd.o HAL/src/alt_get_fd.c
Compiling alt_getchar.c...
nios2-elf-gcc.exe -xc -MP -MMD -c  -I./HAL/inc -I. -I./drivers/inc -pipe -D__hal__ -DALT_NO_C_PLUS_PLUS -DALT_NO_CLEAN_EXIT -D'exit(a)=_exit(a)' -DALT_NO_EXIT -DALT_USE_DIRECT_DRIVERS -DALT_NO_INSTRUCTION_EMULATION -DALT_USE_SMALL_DRIVERS -DSMALL_C_LIB -DALT_SINGLE_THREADED    '-Os' -g -Wall  -mno-hw-div -mno-hw-div -mno-hw-mul -mno-hw-mulx -mgpopt=global   -o obj/HAL/src/alt_getchar.o HAL/src/alt_getchar.c
In file included from HAL/src/alt_getchar.c:36:
./system.h: In function 'alt_getchar':
./system.h:136:32: warning: 'c' may be used uninitialized [-Wmaybe-uninitialized]
  136 | #define ALT_MODULE_CLASS_DEBUG altera_avalon_jtag_uart
      |                                ^~~~~~~~~~~~~~~~~~~~~~~
In file included from HAL/src/alt_getchar.c:37:
./system.h:136:32: note: by argument 2 of type 'const char *' to 'altera_avalon_jtag_uart_read' declared here
  136 | #define ALT_MODULE_CLASS_DEBUG altera_avalon_jtag_uart
      |                                ^~~~~~~~~~~~~~~~~~~~~~~
./HAL/inc/sys/alt_driver.h:76:3: note: in definition of macro 'ALT_DRIVER_FUNC_NAME2'
   76 |   module_class ## _ ## func
      |   ^~~~~~~~~~~~
./HAL/inc/sys/alt_driver.h:72:3: note: in expansion of macro 'ALT_DRIVER_FUNC_NAME1'
   72 |   ALT_DRIVER_FUNC_NAME1(ALT_MODULE_CLASS(instance), func)
      |   ^~~~~~~~~~~~~~~~~~~~~
./HAL/inc/sys/alt_driver.h:53:36: note: in expansion of macro 'ALT_MODULE_CLASS_DEBUG'
   53 | #define ALT_MODULE_CLASS(instance) ALT_MODULE_CLASS_ ## instance
      |                                    ^~~~~~~~~~~~~~~~~
./HAL/inc/sys/alt_driver.h:72:25: note: in expansion of macro 'ALT_MODULE_CLASS'
   72 |   ALT_DRIVER_FUNC_NAME1(ALT_MODULE_CLASS(instance), func)
      |                         ^~~~~~~~~~~~~~~~
./HAL/inc/sys/alt_driver.h:144:16: note: in expansion of macro 'ALT_DRIVER_FUNC_NAME'
  144 |     extern int ALT_DRIVER_FUNC_NAME(instance, read)                         \
      |                ^~~~~~~~~~~~~~~~~~~~
HAL/src/alt_getchar.c:59:5: note: in expansion of macro 'ALT_DRIVER_READ_EXTERNS'
   59 |     ALT_DRIVER_READ_EXTERNS(ALT_STDIN_DEV);
      |     ^~~~~~~~~~~~~~~~~~~~~~~
HAL/src/alt_getchar.c:60:10: note: 'c' declared here
   60 |     char c;
      |          ^
Compiling alt_gmon.c...
nios2-elf-gcc.exe -xc -MP -MMD -c  -I./HAL/inc -I. -I./drivers/inc -pipe -D__hal__ -DALT_NO_C_PLUS_PLUS -DALT_NO_CLEAN_EXIT -D'exit(a)=_exit(a)' -DALT_NO_EXIT -DALT_USE_DIRECT_DRIVERS -DALT_NO_INSTRUCTION_EMULATION -DALT_USE_SMALL_DRIVERS -DSMALL_C_LIB -DALT_SINGLE_THREADED    '-Os' -g -Wall  -mno-hw-div -mno-hw-div -mno-hw-mul -mno-hw-mulx -mgpopt=global   -o obj/HAL/src/alt_gmon.o HAL/src/alt_gmon.c
Compiling alt_icache_flush.c...
nios2-elf-gcc.exe -xc -MP -MMD -c  -I./HAL/inc -I. -I./drivers/inc -pipe -D__hal__ -DALT_NO_C_PLUS_PLUS -DALT_NO_CLEAN_EXIT -D'exit(a)=_exit(a)' -DALT_NO_EXIT -DALT_USE_DIRECT_DRIVERS -DALT_NO_INSTRUCTION_EMULATION -DALT_USE_SMALL_DRIVERS -DSMALL_C_LIB -DALT_SINGLE_THREADED    '-Os' -g -Wall  -mno-hw-div -mno-hw-div -mno-hw-mul -mno-hw-mulx -mgpopt=global   -o obj/HAL/src/alt_icache_flush.o HAL/src/alt_icache_flush.c
Compiling alt_icache_flush_all.c...
nios2-elf-gcc.exe -xc -MP -MMD -c  -I./HAL/inc -I. -I./drivers/inc -pipe -D__hal__ -DALT_NO_C_PLUS_PLUS -DALT_NO_CLEAN_EXIT -D'exit(a)=_exit(a)' -DALT_NO_EXIT -DALT_USE_DIRECT_DRIVERS -DALT_NO_INSTRUCTION_EMULATION -DALT_USE_SMALL_DRIVERS -DSMALL_C_LIB -DALT_SINGLE_THREADED    '-Os' -g -Wall  -mno-hw-div -mno-hw-div -mno-hw-mul -mno-hw-mulx -mgpopt=global   -o obj/HAL/src/alt_icache_flush_all.o HAL/src/alt_icache_flush_all.c
Compiling alt_iic.c...
nios2-elf-gcc.exe -xc -MP -MMD -c  -I./HAL/inc -I. -I./drivers/inc -pipe -D__hal__ -DALT_NO_C_PLUS_PLUS -DALT_NO_CLEAN_EXIT -D'exit(a)=_exit(a)' -DALT_NO_EXIT -DALT_USE_DIRECT_DRIVERS -DALT_NO_INSTRUCTION_EMULATION -DALT_USE_SMALL_DRIVERS -DSMALL_C_LIB -DALT_SINGLE_THREADED    '-Os' -g -Wall  -mno-hw-div -mno-hw-div -mno-hw-mul -mno-hw-mulx -mgpopt=global   -o obj/HAL/src/alt_iic.o HAL/src/alt_iic.c
Compiling alt_iic_isr_register.c...
nios2-elf-gcc.exe -xc -MP -MMD -c  -I./HAL/inc -I. -I./drivers/inc -pipe -D__hal__ -DALT_NO_C_PLUS_PLUS -DALT_NO_CLEAN_EXIT -D'exit(a)=_exit(a)' -DALT_NO_EXIT -DALT_USE_DIRECT_DRIVERS -DALT_NO_INSTRUCTION_EMULATION -DALT_USE_SMALL_DRIVERS -DSMALL_C_LIB -DALT_SINGLE_THREADED    '-Os' -g -Wall  -mno-hw-div -mno-hw-div -mno-hw-mul -mno-hw-mulx -mgpopt=global   -o obj/HAL/src/alt_iic_isr_register.o HAL/src/alt_iic_isr_register.c
Compiling alt_instruction_exception_entry.c...
nios2-elf-gcc.exe -xc -MP -MMD -c  -I./HAL/inc -I. -I./drivers/inc -pipe -D__hal__ -DALT_NO_C_PLUS_PLUS -DALT_NO_CLEAN_EXIT -D'exit(a)=_exit(a)' -DALT_NO_EXIT -DALT_USE_DIRECT_DRIVERS -DALT_NO_INSTRUCTION_EMULATION -DALT_USE_SMALL_DRIVERS -DSMALL_C_LIB -DALT_SINGLE_THREADED    '-Os' -g -Wall  -mno-hw-div -mno-hw-div -mno-hw-mul -mno-hw-mulx -mgpopt=global   -o obj/HAL/src/alt_instruction_exception_entry.o HAL/src/alt_instruction_exception_entry.c
Compiling alt_instruction_exception_register.c...
nios2-elf-gcc.exe -xc -MP -MMD -c  -I./HAL/inc -I. -I./drivers/inc -pipe -D__hal__ -DALT_NO_C_PLUS_PLUS -DALT_NO_CLEAN_EXIT -D'exit(a)=_exit(a)' -DALT_NO_EXIT -DALT_USE_DIRECT_DRIVERS -DALT_NO_INSTRUCTION_EMULATION -DALT_USE_SMALL_DRIVERS -DSMALL_C_LIB -DALT_SINGLE_THREADED    '-Os' -g -Wall  -mno-hw-div -mno-hw-div -mno-hw-mul -mno-hw-mulx -mgpopt=global   -o obj/HAL/src/alt_instruction_exception_register.o HAL/src/alt_instruction_exception_register.c
Compiling alt_io_redirect.c...
nios2-elf-gcc.exe -xc -MP -MMD -c  -I./HAL/inc -I. -I./drivers/inc -pipe -D__hal__ -DALT_NO_C_PLUS_PLUS -DALT_NO_CLEAN_EXIT -D'exit(a)=_exit(a)' -DALT_NO_EXIT -DALT_USE_DIRECT_DRIVERS -DALT_NO_INSTRUCTION_EMULATION -DALT_USE_SMALL_DRIVERS -DSMALL_C_LIB -DALT_SINGLE_THREADED    '-Os' -g -Wall  -mno-hw-div -mno-hw-div -mno-hw-mul -mno-hw-mulx -mgpopt=global   -o obj/HAL/src/alt_io_redirect.o HAL/src/alt_io_redirect.c
Compiling alt_ioctl.c...
nios2-elf-gcc.exe -xc -MP -MMD -c  -I./HAL/inc -I. -I./drivers/inc -pipe -D__hal__ -DALT_NO_C_PLUS_PLUS -DALT_NO_CLEAN_EXIT -D'exit(a)=_exit(a)' -DALT_NO_EXIT -DALT_USE_DIRECT_DRIVERS -DALT_NO_INSTRUCTION_EMULATION -DALT_USE_SMALL_DRIVERS -DSMALL_C_LIB -DALT_SINGLE_THREADED    '-Os' -g -Wall  -mno-hw-div -mno-hw-div -mno-hw-mul -mno-hw-mulx -mgpopt=global   -o obj/HAL/src/alt_ioctl.o HAL/src/alt_ioctl.c
Compiling alt_irq_entry.S...
nios2-elf-gcc.exe -MP -MMD -c   '-Os' -g -Wall  -mno-hw-div -mno-hw-div -mno-hw-mul -mno-hw-mulx -mgpopt=global    -I./HAL/inc -I. -I./drivers/inc -pipe -D__hal__ -DALT_NO_C_PLUS_PLUS -DALT_NO_CLEAN_EXIT -D'exit(a)=_exit(a)' -DALT_NO_EXIT -DALT_USE_DIRECT_DRIVERS -DALT_NO_INSTRUCTION_EMULATION -DALT_USE_SMALL_DRIVERS -DSMALL_C_LIB -DALT_SINGLE_THREADED  -Wa,-gdwarf2  -o obj/HAL/src/alt_irq_entry.o HAL/src/alt_irq_entry.S
Compiling alt_irq_handler.c...
nios2-elf-gcc.exe -xc -MP -MMD -c  -I./HAL/inc -I. -I./drivers/inc -pipe -D__hal__ -DALT_NO_C_PLUS_PLUS -DALT_NO_CLEAN_EXIT -D'exit(a)=_exit(a)' -DALT_NO_EXIT -DALT_USE_DIRECT_DRIVERS -DALT_NO_INSTRUCTION_EMULATION -DALT_USE_SMALL_DRIVERS -DSMALL_C_LIB -DALT_SINGLE_THREADED    '-Os' -g -Wall  -mno-hw-div -mno-hw-div -mno-hw-mul -mno-hw-mulx -mgpopt=global   -o obj/HAL/src/alt_irq_handler.o HAL/src/alt_irq_handler.c
Compiling alt_irq_register.c...
nios2-elf-gcc.exe -xc -MP -MMD -c  -I./HAL/inc -I. -I./drivers/inc -pipe -D__hal__ -DALT_NO_C_PLUS_PLUS -DALT_NO_CLEAN_EXIT -D'exit(a)=_exit(a)' -DALT_NO_EXIT -DALT_USE_DIRECT_DRIVERS -DALT_NO_INSTRUCTION_EMULATION -DALT_USE_SMALL_DRIVERS -DSMALL_C_LIB -DALT_SINGLE_THREADED    '-Os' -g -Wall  -mno-hw-div -mno-hw-div -mno-hw-mul -mno-hw-mulx -mgpopt=global   -o obj/HAL/src/alt_irq_register.o HAL/src/alt_irq_register.c
Compiling alt_irq_vars.c...
nios2-elf-gcc.exe -xc -MP -MMD -c  -I./HAL/inc -I. -I./drivers/inc -pipe -D__hal__ -DALT_NO_C_PLUS_PLUS -DALT_NO_CLEAN_EXIT -D'exit(a)=_exit(a)' -DALT_NO_EXIT -DALT_USE_DIRECT_DRIVERS -DALT_NO_INSTRUCTION_EMULATION -DALT_USE_SMALL_DRIVERS -DSMALL_C_LIB -DALT_SINGLE_THREADED    '-Os' -g -Wall  -mno-hw-div -mno-hw-div -mno-hw-mul -mno-hw-mulx -mgpopt=global   -o obj/HAL/src/alt_irq_vars.o HAL/src/alt_irq_vars.c
Compiling alt_isatty.c...
nios2-elf-gcc.exe -xc -MP -MMD -c  -I./HAL/inc -I. -I./drivers/inc -pipe -D__hal__ -DALT_NO_C_PLUS_PLUS -DALT_NO_CLEAN_EXIT -D'exit(a)=_exit(a)' -DALT_NO_EXIT -DALT_USE_DIRECT_DRIVERS -DALT_NO_INSTRUCTION_EMULATION -DALT_USE_SMALL_DRIVERS -DSMALL_C_LIB -DALT_SINGLE_THREADED    '-Os' -g -Wall  -mno-hw-div -mno-hw-div -mno-hw-mul -mno-hw-mulx -mgpopt=global   -o obj/HAL/src/alt_isatty.o HAL/src/alt_isatty.c
Compiling alt_lseek.c...
nios2-elf-gcc.exe -xc -MP -MMD -c  -I./HAL/inc -I. -I./drivers/inc -pipe -D__hal__ -DALT_NO_C_PLUS_PLUS -DALT_NO_CLEAN_EXIT -D'exit(a)=_exit(a)' -DALT_NO_EXIT -DALT_USE_DIRECT_DRIVERS -DALT_NO_INSTRUCTION_EMULATION -DALT_USE_SMALL_DRIVERS -DSMALL_C_LIB -DALT_SINGLE_THREADED    '-Os' -g -Wall  -mno-hw-div -mno-hw-div -mno-hw-mul -mno-hw-mulx -mgpopt=global   -o obj/HAL/src/alt_lseek.o HAL/src/alt_lseek.c
Compiling alt_main.c...
nios2-elf-gcc.exe -xc -MP -MMD -c  -I./HAL/inc -I. -I./drivers/inc -pipe -D__hal__ -DALT_NO_C_PLUS_PLUS -DALT_NO_CLEAN_EXIT -D'exit(a)=_exit(a)' -DALT_NO_EXIT -DALT_USE_DIRECT_DRIVERS -DALT_NO_INSTRUCTION_EMULATION -DALT_USE_SMALL_DRIVERS -DSMALL_C_LIB -DALT_SINGLE_THREADED    '-Os' -g -Wall  -mno-hw-div -mno-hw-div -mno-hw-mul -mno-hw-mulx -mgpopt=global   -o obj/HAL/src/alt_main.o HAL/src/alt_main.c
Compiling alt_open.c...
nios2-elf-gcc.exe -xc -MP -MMD -c  -I./HAL/inc -I. -I./drivers/inc -pipe -D__hal__ -DALT_NO_C_PLUS_PLUS -DALT_NO_CLEAN_EXIT -D'exit(a)=_exit(a)' -DALT_NO_EXIT -DALT_USE_DIRECT_DRIVERS -DALT_NO_INSTRUCTION_EMULATION -DALT_USE_SMALL_DRIVERS -DSMALL_C_LIB -DALT_SINGLE_THREADED    '-Os' -g -Wall  -mno-hw-div -mno-hw-div -mno-hw-mul -mno-hw-mulx -mgpopt=global   -o obj/HAL/src/alt_open.o HAL/src/alt_open.c
Compiling alt_putchar.c...
nios2-elf-gcc.exe -xc -MP -MMD -c  -I./HAL/inc -I. -I./drivers/inc -pipe -D__hal__ -DALT_NO_C_PLUS_PLUS -DALT_NO_CLEAN_EXIT -D'exit(a)=_exit(a)' -DALT_NO_EXIT -DALT_USE_DIRECT_DRIVERS -DALT_NO_INSTRUCTION_EMULATION -DALT_USE_SMALL_DRIVERS -DSMALL_C_LIB -DALT_SINGLE_THREADED    '-Os' -g -Wall  -mno-hw-div -mno-hw-div -mno-hw-mul -mno-hw-mulx -mgpopt=global   -o obj/HAL/src/alt_putchar.o HAL/src/alt_putchar.c
Compiling alt_putstr.c...
nios2-elf-gcc.exe -xc -MP -MMD -c  -I./HAL/inc -I. -I./drivers/inc -pipe -D__hal__ -DALT_NO_C_PLUS_PLUS -DALT_NO_CLEAN_EXIT -D'exit(a)=_exit(a)' -DALT_NO_EXIT -DALT_USE_DIRECT_DRIVERS -DALT_NO_INSTRUCTION_EMULATION -DALT_USE_SMALL_DRIVERS -DSMALL_C_LIB -DALT_SINGLE_THREADED    '-Os' -g -Wall  -mno-hw-div -mno-hw-div -mno-hw-mul -mno-hw-mulx -mgpopt=global   -o obj/HAL/src/alt_putstr.o HAL/src/alt_putstr.c
Compiling alt_read.c...
nios2-elf-gcc.exe -xc -MP -MMD -c  -I./HAL/inc -I. -I./drivers/inc -pipe -D__hal__ -DALT_NO_C_PLUS_PLUS -DALT_NO_CLEAN_EXIT -D'exit(a)=_exit(a)' -DALT_NO_EXIT -DALT_USE_DIRECT_DRIVERS -DALT_NO_INSTRUCTION_EMULATION -DALT_USE_SMALL_DRIVERS -DSMALL_C_LIB -DALT_SINGLE_THREADED    '-Os' -g -Wall  -mno-hw-div -mno-hw-div -mno-hw-mul -mno-hw-mulx -mgpopt=global   -o obj/HAL/src/alt_read.o HAL/src/alt_read.c
Compiling alt_release_fd.c...
nios2-elf-gcc.exe -xc -MP -MMD -c  -I./HAL/inc -I. -I./drivers/inc -pipe -D__hal__ -DALT_NO_C_PLUS_PLUS -DALT_NO_CLEAN_EXIT -D'exit(a)=_exit(a)' -DALT_NO_EXIT -DALT_USE_DIRECT_DRIVERS -DALT_NO_INSTRUCTION_EMULATION -DALT_USE_SMALL_DRIVERS -DSMALL_C_LIB -DALT_SINGLE_THREADED    '-Os' -g -Wall  -mno-hw-div -mno-hw-div -mno-hw-mul -mno-hw-mulx -mgpopt=global   -o obj/HAL/src/alt_release_fd.o HAL/src/alt_release_fd.c
Compiling alt_remap_cached.c...
nios2-elf-gcc.exe -xc -MP -MMD -c  -I./HAL/inc -I. -I./drivers/inc -pipe -D__hal__ -DALT_NO_C_PLUS_PLUS -DALT_NO_CLEAN_EXIT -D'exit(a)=_exit(a)' -DALT_NO_EXIT -DALT_USE_DIRECT_DRIVERS -DALT_NO_INSTRUCTION_EMULATION -DALT_USE_SMALL_DRIVERS -DSMALL_C_LIB -DALT_SINGLE_THREADED    '-Os' -g -Wall  -mno-hw-div -mno-hw-div -mno-hw-mul -mno-hw-mulx -mgpopt=global   -o obj/HAL/src/alt_remap_cached.o HAL/src/alt_remap_cached.c
Compiling alt_remap_uncached.c...
nios2-elf-gcc.exe -xc -MP -MMD -c  -I./HAL/inc -I. -I./drivers/inc -pipe -D__hal__ -DALT_NO_C_PLUS_PLUS -DALT_NO_CLEAN_EXIT -D'exit(a)=_exit(a)' -DALT_NO_EXIT -DALT_USE_DIRECT_DRIVERS -DALT_NO_INSTRUCTION_EMULATION -DALT_USE_SMALL_DRIVERS -DSMALL_C_LIB -DALT_SINGLE_THREADED    '-Os' -g -Wall  -mno-hw-div -mno-hw-div -mno-hw-mul -mno-hw-mulx -mgpopt=global   -o obj/HAL/src/alt_remap_uncached.o HAL/src/alt_remap_uncached.c
Compiling alt_sbrk.c...
nios2-elf-gcc.exe -xc -MP -MMD -c  -I./HAL/inc -I. -I./drivers/inc -pipe -D__hal__ -DALT_NO_C_PLUS_PLUS -DALT_NO_CLEAN_EXIT -D'exit(a)=_exit(a)' -DALT_NO_EXIT -DALT_USE_DIRECT_DRIVERS -DALT_NO_INSTRUCTION_EMULATION -DALT_USE_SMALL_DRIVERS -DSMALL_C_LIB -DALT_SINGLE_THREADED    '-Os' -g -Wall  -mno-hw-div -mno-hw-div -mno-hw-mul -mno-hw-mulx -mgpopt=global   -o obj/HAL/src/alt_sbrk.o HAL/src/alt_sbrk.c
Compiling alt_software_exception.S...
nios2-elf-gcc.exe -MP -MMD -c   '-Os' -g -Wall  -mno-hw-div -mno-hw-div -mno-hw-mul -mno-hw-mulx -mgpopt=global    -I./HAL/inc -I. -I./drivers/inc -pipe -D__hal__ -DALT_NO_C_PLUS_PLUS -DALT_NO_CLEAN_EXIT -D'exit(a)=_exit(a)' -DALT_NO_EXIT -DALT_USE_DIRECT_DRIVERS -DALT_NO_INSTRUCTION_EMULATION -DALT_USE_SMALL_DRIVERS -DSMALL_C_LIB -DALT_SINGLE_THREADED  -Wa,-gdwarf2  -o obj/HAL/src/alt_software_exception.o HAL/src/alt_software_exception.S
Compiling alt_tick.c...
nios2-elf-gcc.exe -xc -MP -MMD -c  -I./HAL/inc -I. -I./drivers/inc -pipe -D__hal__ -DALT_NO_C_PLUS_PLUS -DALT_NO_CLEAN_EXIT -D'exit(a)=_exit(a)' -DALT_NO_EXIT -DALT_USE_DIRECT_DRIVERS -DALT_NO_INSTRUCTION_EMULATION -DALT_USE_SMALL_DRIVERS -DSMALL_C_LIB -DALT_SINGLE_THREADED    '-Os' -g -Wall  -mno-hw-div -mno-hw-div -mno-hw-mul -mno-hw-mulx -mgpopt=global   -o obj/HAL/src/alt_tick.o HAL/src/alt_tick.c
Compiling alt_uncached_free.c...
nios2-elf-gcc.exe -xc -MP -MMD -c  -I./HAL/inc -I. -I./drivers/inc -pipe -D__hal__ -DALT_NO_C_PLUS_PLUS -DALT_NO_CLEAN_EXIT -D'exit(a)=_exit(a)' -DALT_NO_EXIT -DALT_USE_DIRECT_DRIVERS -DALT_NO_INSTRUCTION_EMULATION -DALT_USE_SMALL_DRIVERS -DSMALL_C_LIB -DALT_SINGLE_THREADED    '-Os' -g -Wall  -mno-hw-div -mno-hw-div -mno-hw-mul -mno-hw-mulx -mgpopt=global   -o obj/HAL/src/alt_uncached_free.o HAL/src/alt_uncached_free.c
Compiling alt_uncached_malloc.c...
nios2-elf-gcc.exe -xc -MP -MMD -c  -I./HAL/inc -I. -I./drivers/inc -pipe -D__hal__ -DALT_NO_C_PLUS_PLUS -DALT_NO_CLEAN_EXIT -D'exit(a)=_exit(a)' -DALT_NO_EXIT -DALT_USE_DIRECT_DRIVERS -DALT_NO_INSTRUCTION_EMULATION -DALT_USE_SMALL_DRIVERS -DSMALL_C_LIB -DALT_SINGLE_THREADED    '-Os' -g -Wall  -mno-hw-div -mno-hw-div -mno-hw-mul -mno-hw-mulx -mgpopt=global   -o obj/HAL/src/alt_uncached_malloc.o HAL/src/alt_uncached_malloc.c
Compiling alt_write.c...
nios2-elf-gcc.exe -xc -MP -MMD -c  -I./HAL/inc -I. -I./drivers/inc -pipe -D__hal__ -DALT_NO_C_PLUS_PLUS -DALT_NO_CLEAN_EXIT -D'exit(a)=_exit(a)' -DALT_NO_EXIT -DALT_USE_DIRECT_DRIVERS -DALT_NO_INSTRUCTION_EMULATION -DALT_USE_SMALL_DRIVERS -DSMALL_C_LIB -DALT_SINGLE_THREADED    '-Os' -g -Wall  -mno-hw-div -mno-hw-div -mno-hw-mul -mno-hw-mulx -mgpopt=global   -o obj/HAL/src/alt_write.o HAL/src/alt_write.c
Compiling altera_nios2_gen2_irq.c...
nios2-elf-gcc.exe -xc -MP -MMD -c  -I./HAL/inc -I. -I./drivers/inc -pipe -D__hal__ -DALT_NO_C_PLUS_PLUS -DALT_NO_CLEAN_EXIT -D'exit(a)=_exit(a)' -DALT_NO_EXIT -DALT_USE_DIRECT_DRIVERS -DALT_NO_INSTRUCTION_EMULATION -DALT_USE_SMALL_DRIVERS -DSMALL_C_LIB -DALT_SINGLE_THREADED    '-Os' -g -Wall  -mno-hw-div -mno-hw-div -mno-hw-mul -mno-hw-mulx -mgpopt=global   -o obj/HAL/src/altera_nios2_gen2_irq.o HAL/src/altera_nios2_gen2_irq.c
Compiling crt0.S...
nios2-elf-gcc.exe -MP -MMD -c   '-Os' -g -Wall  -mno-hw-div -mno-hw-div -mno-hw-mul -mno-hw-mulx -mgpopt=global    -I./HAL/inc -I. -I./drivers/inc -pipe -D__hal__ -DALT_NO_C_PLUS_PLUS -DALT_NO_CLEAN_EXIT -D'exit(a)=_exit(a)' -DALT_NO_EXIT -DALT_USE_DIRECT_DRIVERS -DALT_NO_INSTRUCTION_EMULATION -DALT_USE_SMALL_DRIVERS -DSMALL_C_LIB -DALT_SINGLE_THREADED  -Wa,-gdwarf2  -o obj/HAL/src/crt0.o HAL/src/crt0.S
Compiling alt_sys_init.c...
nios2-elf-gcc.exe -xc -MP -MMD -c  -I./HAL/inc -I. -I./drivers/inc -pipe -D__hal__ -DALT_NO_C_PLUS_PLUS -DALT_NO_CLEAN_EXIT -D'exit(a)=_exit(a)' -DALT_NO_EXIT -DALT_USE_DIRECT_DRIVERS -DALT_NO_INSTRUCTION_EMULATION -DALT_USE_SMALL_DRIVERS -DSMALL_C_LIB -DALT_SINGLE_THREADED    '-Os' -g -Wall  -mno-hw-div -mno-hw-div -mno-hw-mul -mno-hw-mulx -mgpopt=global   -o obj/alt_sys_init.o alt_sys_init.c
Compiling altera_avalon_jtag_uart_fd.c...
nios2-elf-gcc.exe -xc -MP -MMD -c  -I./HAL/inc -I. -I./drivers/inc -pipe -D__hal__ -DALT_NO_C_PLUS_PLUS -DALT_NO_CLEAN_EXIT -D'exit(a)=_exit(a)' -DALT_NO_EXIT -DALT_USE_DIRECT_DRIVERS -DALT_NO_INSTRUCTION_EMULATION -DALT_USE_SMALL_DRIVERS -DSMALL_C_LIB -DALT_SINGLE_THREADED    '-Os' -g -Wall  -mno-hw-div -mno-hw-div -mno-hw-mul -mno-hw-mulx -mgpopt=global   -o obj/drivers/src/altera_avalon_jtag_uart_fd.o drivers/src/altera_avalon_jtag_uart_fd.c
Compiling altera_avalon_jtag_uart_init.c...
nios2-elf-gcc.exe -xc -MP -MMD -c  -I./HAL/inc -I. -I./drivers/inc -pipe -D__hal__ -DALT_NO_C_PLUS_PLUS -DALT_NO_CLEAN_EXIT -D'exit(a)=_exit(a)' -DALT_NO_EXIT -DALT_USE_DIRECT_DRIVERS -DALT_NO_INSTRUCTION_EMULATION -DALT_USE_SMALL_DRIVERS -DSMALL_C_LIB -DALT_SINGLE_THREADED    '-Os' -g -Wall  -mno-hw-div -mno-hw-div -mno-hw-mul -mno-hw-mulx -mgpopt=global   -o obj/drivers/src/altera_avalon_jtag_uart_init.o drivers/src/altera_avalon_jtag_uart_init.c
Compiling altera_avalon_jtag_uart_ioctl.c...
nios2-elf-gcc.exe -xc -MP -MMD -c  -I./HAL/inc -I. -I./drivers/inc -pipe -D__hal__ -DALT_NO_C_PLUS_PLUS -DALT_NO_CLEAN_EXIT -D'exit(a)=_exit(a)' -DALT_NO_EXIT -DALT_USE_DIRECT_DRIVERS -DALT_NO_INSTRUCTION_EMULATION -DALT_USE_SMALL_DRIVERS -DSMALL_C_LIB -DALT_SINGLE_THREADED    '-Os' -g -Wall  -mno-hw-div -mno-hw-div -mno-hw-mul -mno-hw-mulx -mgpopt=global   -o obj/drivers/src/altera_avalon_jtag_uart_ioctl.o drivers/src/altera_avalon_jtag_uart_ioctl.c
Compiling altera_avalon_jtag_uart_read.c...
nios2-elf-gcc.exe -xc -MP -MMD -c  -I./HAL/inc -I. -I./drivers/inc -pipe -D__hal__ -DALT_NO_C_PLUS_PLUS -DALT_NO_CLEAN_EXIT -D'exit(a)=_exit(a)' -DALT_NO_EXIT -DALT_USE_DIRECT_DRIVERS -DALT_NO_INSTRUCTION_EMULATION -DALT_USE_SMALL_DRIVERS -DSMALL_C_LIB -DALT_SINGLE_THREADED    '-Os' -g -Wall  -mno-hw-div -mno-hw-div -mno-hw-mul -mno-hw-mulx -mgpopt=global   -o obj/drivers/src/altera_avalon_jtag_uart_read.o drivers/src/altera_avalon_jtag_uart_read.c
Compiling altera_avalon_jtag_uart_write.c...
nios2-elf-gcc.exe -xc -MP -MMD -c  -I./HAL/inc -I. -I./drivers/inc -pipe -D__hal__ -DALT_NO_C_PLUS_PLUS -DALT_NO_CLEAN_EXIT -D'exit(a)=_exit(a)' -DALT_NO_EXIT -DALT_USE_DIRECT_DRIVERS -DALT_NO_INSTRUCTION_EMULATION -DALT_USE_SMALL_DRIVERS -DSMALL_C_LIB -DALT_SINGLE_THREADED    '-Os' -g -Wall  -mno-hw-div -mno-hw-div -mno-hw-mul -mno-hw-mulx -mgpopt=global   -o obj/drivers/src/altera_avalon_jtag_uart_write.o drivers/src/altera_avalon_jtag_uart_write.c
Compiling altera_avalon_sysid_qsys.c...
nios2-elf-gcc.exe -xc -MP -MMD -c  -I./HAL/inc -I. -I./drivers/inc -pipe -D__hal__ -DALT_NO_C_PLUS_PLUS -DALT_NO_CLEAN_EXIT -D'exit(a)=_exit(a)' -DALT_NO_EXIT -DALT_USE_DIRECT_DRIVERS -DALT_NO_INSTRUCTION_EMULATION -DALT_USE_SMALL_DRIVERS -DSMALL_C_LIB -DALT_SINGLE_THREADED    '-Os' -g -Wall  -mno-hw-div -mno-hw-div -mno-hw-mul -mno-hw-mulx -mgpopt=global   -o obj/drivers/src/altera_avalon_sysid_qsys.o drivers/src/altera_avalon_sysid_qsys.c
Compiling altera_avalon_timer_sc.c...
nios2-elf-gcc.exe -xc -MP -MMD -c  -I./HAL/inc -I. -I./drivers/inc -pipe -D__hal__ -DALT_NO_C_PLUS_PLUS -DALT_NO_CLEAN_EXIT -D'exit(a)=_exit(a)' -DALT_NO_EXIT -DALT_USE_DIRECT_DRIVERS -DALT_NO_INSTRUCTION_EMULATION -DALT_USE_SMALL_DRIVERS -DSMALL_C_LIB -DALT_SINGLE_THREADED    '-Os' -g -Wall  -mno-hw-div -mno-hw-div -mno-hw-mul -mno-hw-mulx -mgpopt=global   -o obj/drivers/src/altera_avalon_timer_sc.o drivers/src/altera_avalon_timer_sc.c
Compiling altera_avalon_timer_ts.c...
nios2-elf-gcc.exe -xc -MP -MMD -c  -I./HAL/inc -I. -I./drivers/inc -pipe -D__hal__ -DALT_NO_C_PLUS_PLUS -DALT_NO_CLEAN_EXIT -D'exit(a)=_exit(a)' -DALT_NO_EXIT -DALT_USE_DIRECT_DRIVERS -DALT_NO_INSTRUCTION_EMULATION -DALT_USE_SMALL_DRIVERS -DSMALL_C_LIB -DALT_SINGLE_THREADED    '-Os' -g -Wall  -mno-hw-div -mno-hw-div -mno-hw-mul -mno-hw-mulx -mgpopt=global   -o obj/drivers/src/altera_avalon_timer_ts.o drivers/src/altera_avalon_timer_ts.c
Compiling altera_avalon_timer_vars.c...
nios2-elf-gcc.exe -xc -MP -MMD -c  -I./HAL/inc -I. -I./drivers/inc -pipe -D__hal__ -DALT_NO_C_PLUS_PLUS -DALT_NO_CLEAN_EXIT -D'exit(a)=_exit(a)' -DALT_NO_EXIT -DALT_USE_DIRECT_DRIVERS -DALT_NO_INSTRUCTION_EMULATION -DALT_USE_SMALL_DRIVERS -DSMALL_C_LIB -DALT_SINGLE_THREADED    '-Os' -g -Wall  -mno-hw-div -mno-hw-div -mno-hw-mul -mno-hw-mulx -mgpopt=global   -o obj/drivers/src/altera_avalon_timer_vars.o drivers/src/altera_avalon_timer_vars.c
Creating libhal_bsp.a...
rm -f -f libhal_bsp.a
nios2-elf-ar.exe -src libhal_bsp.a obj/HAL/src/alt_alarm_start.o obj/HAL/src/alt_busy_sleep.o obj/HAL/src/alt_close.o obj/HAL/src/alt_dcache_flush.o obj/HAL/src/alt_dcache_flush_all.o obj/HAL/src/alt_dcache_flush_no_writeback.o obj/HAL/src/alt_dev.o obj/HAL/src/alt_dev_llist_insert.o obj/HAL/src/alt_dma_rxchan_open.o obj/HAL/src/alt_dma_txchan_open.o obj/HAL/src/alt_do_ctors.o obj/HAL/src/alt_do_dtors.o obj/HAL/src/alt_ecc_fatal_entry.o obj/HAL/src/alt_ecc_fatal_exception.o obj/HAL/src/alt_env_lock.o obj/HAL/src/alt_environ.o obj/HAL/src/alt_errno.o obj/HAL/src/alt_exception_entry.o obj/HAL/src/alt_exception_muldiv.o obj/HAL/src/alt_exception_trap.o obj/HAL/src/alt_execve.o obj/HAL/src/alt_exit.o obj/HAL/src/alt_fcntl.o obj/HAL/src/alt_fd_lock.o obj/HAL/src/alt_fd_unlock.o obj/HAL/src/alt_find_dev.o obj/HAL/src/alt_find_file.o obj/HAL/src/alt_flash_dev.o obj/HAL/src/alt_fork.o obj/HAL/src/alt_fs_reg.o obj/HAL/src/alt_fstat.o obj/HAL/src/alt_get_fd.o obj/HAL/src/alt_getchar.o obj/HAL/src/alt_getpid.o obj/HAL/src/alt_gettod.o obj/HAL/src/alt_gmon.o obj/HAL/src/alt_icache_flush.o obj/HAL/src/alt_icache_flush_all.o obj/HAL/src/alt_iic.o obj/HAL/src/alt_iic_isr_register.o obj/HAL/src/alt_instruction_exception_entry.o obj/HAL/src/alt_instruction_exception_register.o obj/HAL/src/alt_io_redirect.o obj/HAL/src/alt_ioctl.o obj/HAL/src/alt_irq_entry.o obj/HAL/src/alt_irq_handler.o obj/HAL/src/alt_irq_register.o obj/HAL/src/alt_irq_vars.o obj/HAL/src/alt_isatty.o obj/HAL/src/alt_kill.o obj/HAL/src/alt_link.o obj/HAL/src/alt_load.o obj/HAL/src/alt_log_macro.o obj/HAL/src/alt_log_printf.o obj/HAL/src/alt_lseek.o obj/HAL/src/alt_main.o obj/HAL/src/alt_malloc_lock.o obj/HAL/src/alt_mcount.o obj/HAL/src/alt_open.o obj/HAL/src/alt_printf.o obj/HAL/src/alt_putchar.o obj/HAL/src/alt_putcharbuf.o obj/HAL/src/alt_putstr.o obj/HAL/src/alt_read.o obj/HAL/src/alt_release_fd.o obj/HAL/src/alt_remap_cached.o obj/HAL/src/alt_remap_uncached.o obj/HAL/src/alt_rename.o obj/HAL/src/alt_sbrk.o obj/HAL/src/alt_settod.o obj/HAL/src/alt_software_exception.o obj/HAL/src/alt_stat.o obj/HAL/src/alt_tick.o obj/HAL/src/alt_times.o obj/HAL/src/alt_uncached_free.o obj/HAL/src/alt_uncached_malloc.o obj/HAL/src/alt_unlink.o obj/HAL/src/alt_usleep.o obj/HAL/src/alt_wait.o obj/HAL/src/alt_write.o obj/HAL/src/altera_nios2_gen2_irq.o obj/HAL/src/crt0.o obj/alt_sys_init.o obj/drivers/src/altera_avalon_jtag_uart_fd.o obj/drivers/src/altera_avalon_jtag_uart_init.o obj/drivers/src/altera_avalon_jtag_uart_ioctl.o obj/drivers/src/altera_avalon_jtag_uart_read.o obj/drivers/src/altera_avalon_jtag_uart_write.o obj/drivers/src/altera_avalon_spi.o obj/drivers/src/altera_avalon_sysid_qsys.o obj/drivers/src/altera_avalon_timer_sc.o obj/drivers/src/altera_avalon_timer_ts.o obj/drivers/src/altera_avalon_timer_vars.o
[BSP build complete]
Info: Compiling hello_world_small.c to obj/default/hello_world_small.o
nios2-elf-gcc.exe -xc -MP -MMD -c -Ic:/Users/guan-ming.dennis-won/Documents/Code/SPI_4_Wire_Serial_Intel_FPGA_IP/software/NIOS_Project_Small_bsp//HAL/inc -Ic:/Users/guan-ming.dennis-won/Documents/Code/SPI_4_Wire_Serial_Intel_FPGA_IP/software/NIOS_Project_Small_bsp/ -Ic:/Users/guan-ming.dennis-won/Documents/Code/SPI_4_Wire_Serial_Intel_FPGA_IP/software/NIOS_Project_Small_bsp//drivers/inc  -pipe -D__hal__ -DALT_NO_C_PLUS_PLUS -DALT_NO_CLEAN_EXIT -D'exit(a)=_exit(a)' -DALT_NO_EXIT -DALT_USE_DIRECT_DRIVERS -DALT_NO_INSTRUCTION_EMULATION -DALT_USE_SMALL_DRIVERS -DSMALL_C_LIB -DALT_SINGLE_THREADED    -Os -g -Wall   -mno-hw-div -mno-hw-div -mno-hw-mul -mno-hw-mulx -mgpopt=global  -o "obj/default/hello_world_small.o" "hello_world_small.c"
Info: Compiling imported_source/TENCL040_ESC.c to obj/default/imported_source/TENCL040_ESC.o
nios2-elf-gcc.exe -xc -MP -MMD -c -Ic:/Users/guan-ming.dennis-won/Documents/Code/SPI_4_Wire_Serial_Intel_FPGA_IP/software/NIOS_Project_Small_bsp//HAL/inc -Ic:/Users/guan-ming.dennis-won/Documents/Code/SPI_4_Wire_Serial_Intel_FPGA_IP/software/NIOS_Project_Small_bsp/ -Ic:/Users/guan-ming.dennis-won/Documents/Code/SPI_4_Wire_Serial_Intel_FPGA_IP/software/NIOS_Project_Small_bsp//drivers/inc  -pipe -D__hal__ -DALT_NO_C_PLUS_PLUS -DALT_NO_CLEAN_EXIT -D'exit(a)=_exit(a)' -DALT_NO_EXIT -DALT_USE_DIRECT_DRIVERS -DALT_NO_INSTRUCTION_EMULATION -DALT_USE_SMALL_DRIVERS -DSMALL_C_LIB -DALT_SINGLE_THREADED    -Os -g -Wall   -mno-hw-div -mno-hw-div -mno-hw-mul -mno-hw-mulx -mgpopt=global  -o "obj/default/imported_source/TENCL040_ESC.o" "imported_source/TENCL040_ESC.c"
imported_source/TENCL040_ESC.c: In function 'APPL_InputMapping':
imported_source/TENCL040_ESC.c:360:33: warning: case label value exceeds maximum value for type [-Wswitch-outside-range]
  360 |                                 case 0x1A010:
      |                                 ^~~~
imported_source/TENCL040_ESC.c: In function 'APPL_GetDeviceID':
imported_source/TENCL040_ESC.c:449:6: warning: #warning "Implement explicit Device ID latching" [-Wcpp]
  449 |     #warning "Implement explicit Device ID latching"
      |      ^~~~~~~
Info: Compiling imported_source/ax58100_hw.c to obj/default/imported_source/ax58100_hw.o
nios2-elf-gcc.exe -xc -MP -MMD -c -Ic:/Users/guan-ming.dennis-won/Documents/Code/SPI_4_Wire_Serial_Intel_FPGA_IP/software/NIOS_Project_Small_bsp//HAL/inc -Ic:/Users/guan-ming.dennis-won/Documents/Code/SPI_4_Wire_Serial_Intel_FPGA_IP/software/NIOS_Project_Small_bsp/ -Ic:/Users/guan-ming.dennis-won/Documents/Code/SPI_4_Wire_Serial_Intel_FPGA_IP/software/NIOS_Project_Small_bsp//drivers/inc  -pipe -D__hal__ -DALT_NO_C_PLUS_PLUS -DALT_NO_CLEAN_EXIT -D'exit(a)=_exit(a)' -DALT_NO_EXIT -DALT_USE_DIRECT_DRIVERS -DALT_NO_INSTRUCTION_EMULATION -DALT_USE_SMALL_DRIVERS -DSMALL_C_LIB -DALT_SINGLE_THREADED    -Os -g -Wall   -mno-hw-div -mno-hw-div -mno-hw-mul -mno-hw-mulx -mgpopt=global  -o "obj/default/imported_source/ax58100_hw.o" "imported_source/ax58100_hw.c"
imported_source/ax58100_hw.c: In function 'HW_SPI_Read':
imported_source/ax58100_hw.c:169:25: warning: unused variable 'spi_check' [-Wunused-variable]
  169 |                 uint8_t spi_check =  spi_transmit_receive(ESC_SPI_BASE, 0,
      |                         ^~~~~~~~~
imported_source/ax58100_hw.c: In function 'HW_SPI_Write':
imported_source/ax58100_hw.c:259:25: warning: unused variable 'spi_check' [-Wunused-variable]
  259 |                 uint8_t spi_check =  spi_transmit_receive(ESC_SPI_BASE, 0,
      |                         ^~~~~~~~~
imported_source/ax58100_hw.c: In function 'HW_Init':
imported_source/ax58100_hw.c:333:9: warning: implicit declaration of function 'init_exti0_it' [-Wimplicit-function-declaration]
  333 |         init_exti0_it();
      |         ^~~~~~~~~~~~~
imported_source/ax58100_hw.c: At top level:
imported_source/ax58100_hw.c:61:16: warning: 'HW_SPI_TransmitReceive' defined but not used [-Wunused-function]
   61 | static int32_t HW_SPI_TransmitReceive(uint8_t* pTxData, uint8_t* pRxData,
      |                ^~~~~~~~~~~~~~~~~~~~~~
Info: Compiling imported_source/coeappl.c to obj/default/imported_source/coeappl.o
nios2-elf-gcc.exe -xc -MP -MMD -c -Ic:/Users/guan-ming.dennis-won/Documents/Code/SPI_4_Wire_Serial_Intel_FPGA_IP/software/NIOS_Project_Small_bsp//HAL/inc -Ic:/Users/guan-ming.dennis-won/Documents/Code/SPI_4_Wire_Serial_Intel_FPGA_IP/software/NIOS_Project_Small_bsp/ -Ic:/Users/guan-ming.dennis-won/Documents/Code/SPI_4_Wire_Serial_Intel_FPGA_IP/software/NIOS_Project_Small_bsp//drivers/inc  -pipe -D__hal__ -DALT_NO_C_PLUS_PLUS -DALT_NO_CLEAN_EXIT -D'exit(a)=_exit(a)' -DALT_NO_EXIT -DALT_USE_DIRECT_DRIVERS -DALT_NO_INSTRUCTION_EMULATION -DALT_USE_SMALL_DRIVERS -DSMALL_C_LIB -DALT_SINGLE_THREADED    -Os -g -Wall   -mno-hw-div -mno-hw-div -mno-hw-mul -mno-hw-mulx -mgpopt=global  -o "obj/default/imported_source/coeappl.o" "imported_source/coeappl.c"
imported_source/coeappl.c: In function 'COE_ObjDictionaryInit':
imported_source/coeappl.c:882:26: warning: the comparison will always evaluate as 'true' for the address of 'ApplicationObjDic' will never be NULL [-Waddress]
  882 |     if(ApplicationObjDic != NULL)
      |                          ^~
In file included from imported_source/../imported_source/TENCL040_ESC.h:41,
                 from imported_source/coeappl.c:132:
imported_source/../imported_source/TENCL040_ESCObjects.h:2437:19: note: 'ApplicationObjDic' declared here
 2437 | TOBJECT    OBJMEM ApplicationObjDic[] = {
      |                   ^~~~~~~~~~~~~~~~~
Info: Compiling imported_source/ecatappl.c to obj/default/imported_source/ecatappl.o
nios2-elf-gcc.exe -xc -MP -MMD -c -Ic:/Users/guan-ming.dennis-won/Documents/Code/SPI_4_Wire_Serial_Intel_FPGA_IP/software/NIOS_Project_Small_bsp//HAL/inc -Ic:/Users/guan-ming.dennis-won/Documents/Code/SPI_4_Wire_Serial_Intel_FPGA_IP/software/NIOS_Project_Small_bsp/ -Ic:/Users/guan-ming.dennis-won/Documents/Code/SPI_4_Wire_Serial_Intel_FPGA_IP/software/NIOS_Project_Small_bsp//drivers/inc  -pipe -D__hal__ -DALT_NO_C_PLUS_PLUS -DALT_NO_CLEAN_EXIT -D'exit(a)=_exit(a)' -DALT_NO_EXIT -DALT_USE_DIRECT_DRIVERS -DALT_NO_INSTRUCTION_EMULATION -DALT_USE_SMALL_DRIVERS -DSMALL_C_LIB -DALT_SINGLE_THREADED    -Os -g -Wall   -mno-hw-div -mno-hw-div -mno-hw-mul -mno-hw-mulx -mgpopt=global  -o "obj/default/imported_source/ecatappl.o" "imported_source/ecatappl.c"
Info: Compiling imported_source/ecatcoe.c to obj/default/imported_source/ecatcoe.o
nios2-elf-gcc.exe -xc -MP -MMD -c -Ic:/Users/guan-ming.dennis-won/Documents/Code/SPI_4_Wire_Serial_Intel_FPGA_IP/software/NIOS_Project_Small_bsp//HAL/inc -Ic:/Users/guan-ming.dennis-won/Documents/Code/SPI_4_Wire_Serial_Intel_FPGA_IP/software/NIOS_Project_Small_bsp/ -Ic:/Users/guan-ming.dennis-won/Documents/Code/SPI_4_Wire_Serial_Intel_FPGA_IP/software/NIOS_Project_Small_bsp//drivers/inc  -pipe -D__hal__ -DALT_NO_C_PLUS_PLUS -DALT_NO_CLEAN_EXIT -D'exit(a)=_exit(a)' -DALT_NO_EXIT -DALT_USE_DIRECT_DRIVERS -DALT_NO_INSTRUCTION_EMULATION -DALT_USE_SMALL_DRIVERS -DSMALL_C_LIB -DALT_SINGLE_THREADED    -Os -g -Wall   -mno-hw-div -mno-hw-div -mno-hw-mul -mno-hw-mulx -mgpopt=global  -o "obj/default/imported_source/ecatcoe.o" "imported_source/ecatcoe.c"
Info: Compiling imported_source/ecatslv.c to obj/default/imported_source/ecatslv.o
nios2-elf-gcc.exe -xc -MP -MMD -c -Ic:/Users/guan-ming.dennis-won/Documents/Code/SPI_4_Wire_Serial_Intel_FPGA_IP/software/NIOS_Project_Small_bsp//HAL/inc -Ic:/Users/guan-ming.dennis-won/Documents/Code/SPI_4_Wire_Serial_Intel_FPGA_IP/software/NIOS_Project_Small_bsp/ -Ic:/Users/guan-ming.dennis-won/Documents/Code/SPI_4_Wire_Serial_Intel_FPGA_IP/software/NIOS_Project_Small_bsp//drivers/inc  -pipe -D__hal__ -DALT_NO_C_PLUS_PLUS -DALT_NO_CLEAN_EXIT -D'exit(a)=_exit(a)' -DALT_NO_EXIT -DALT_USE_DIRECT_DRIVERS -DALT_NO_INSTRUCTION_EMULATION -DALT_USE_SMALL_DRIVERS -DSMALL_C_LIB -DALT_SINGLE_THREADED    -Os -g -Wall   -mno-hw-div -mno-hw-div -mno-hw-mul -mno-hw-mulx -mgpopt=global  -o "obj/default/imported_source/ecatslv.o" "imported_source/ecatslv.c"
Info: Compiling imported_source/mailbox.c to obj/default/imported_source/mailbox.o
nios2-elf-gcc.exe -xc -MP -MMD -c -Ic:/Users/guan-ming.dennis-won/Documents/Code/SPI_4_Wire_Serial_Intel_FPGA_IP/software/NIOS_Project_Small_bsp//HAL/inc -Ic:/Users/guan-ming.dennis-won/Documents/Code/SPI_4_Wire_Serial_Intel_FPGA_IP/software/NIOS_Project_Small_bsp/ -Ic:/Users/guan-ming.dennis-won/Documents/Code/SPI_4_Wire_Serial_Intel_FPGA_IP/software/NIOS_Project_Small_bsp//drivers/inc  -pipe -D__hal__ -DALT_NO_C_PLUS_PLUS -DALT_NO_CLEAN_EXIT -D'exit(a)=_exit(a)' -DALT_NO_EXIT -DALT_USE_DIRECT_DRIVERS -DALT_NO_INSTRUCTION_EMULATION -DALT_USE_SMALL_DRIVERS -DSMALL_C_LIB -DALT_SINGLE_THREADED    -Os -g -Wall   -mno-hw-div -mno-hw-div -mno-hw-mul -mno-hw-mulx -mgpopt=global  -o "obj/default/imported_source/mailbox.o" "imported_source/mailbox.c"
imported_source/mailbox.c: In function 'MBX_CheckAndCopyMailbox':
imported_source/mailbox.c:760:17: warning: array subscript 'TMBX[0]' is partly outside array bounds of 'unsigned char[10]' [-Warray-bounds]
  760 |             pMbx->MbxHeader.Length     = 4;
      |                 ^~
In file included from imported_source/mailbox.c:138:
imported_source/../imported_source/ecat_def.h:776:51: note: object of size 10 allocated by 'malloc'
  776 | #define APPL_AllocMailboxBuffer(size)             malloc((size))
      |                                                   ^~~~~~~~~~~~~~
imported_source/mailbox.c:753:45: note: in expansion of macro 'APPL_AllocMailboxBuffer'
  753 |         TMBX MBXMEM *pMbx = (TMBX MBXMEM *) APPL_AllocMailboxBuffer(10); /* a mailbox error datagram length*/
      |                                             ^~~~~~~~~~~~~~~~~~~~~~~
imported_source/mailbox.c:762:17: warning: array subscript 'TMBX[0]' is partly outside array bounds of 'unsigned char[10]' [-Warray-bounds]
  762 |             pMbx->Data[0]                        = SWAPWORD(MBXSERVICE_MBXERRORCMD);
      |                 ^~
imported_source/../imported_source/ecat_def.h:776:51: note: object of size 10 allocated by 'malloc'
  776 | #define APPL_AllocMailboxBuffer(size)             malloc((size))
      |                                                   ^~~~~~~~~~~~~~
imported_source/mailbox.c:753:45: note: in expansion of macro 'APPL_AllocMailboxBuffer'
  753 |         TMBX MBXMEM *pMbx = (TMBX MBXMEM *) APPL_AllocMailboxBuffer(10); /* a mailbox error datagram length*/
      |                                             ^~~~~~~~~~~~~~~~~~~~~~~
imported_source/mailbox.c:763:17: warning: array subscript 'TMBX[0]' is partly outside array bounds of 'unsigned char[10]' [-Warray-bounds]
  763 |             pMbx->Data[1]                        = SWAPWORD(MBXERR_NOMOREMEMORY);
      |                 ^~
imported_source/../imported_source/ecat_def.h:776:51: note: object of size 10 allocated by 'malloc'
  776 | #define APPL_AllocMailboxBuffer(size)             malloc((size))
      |                                                   ^~~~~~~~~~~~~~
imported_source/mailbox.c:753:45: note: in expansion of macro 'APPL_AllocMailboxBuffer'
  753 |         TMBX MBXMEM *pMbx = (TMBX MBXMEM *) APPL_AllocMailboxBuffer(10); /* a mailbox error datagram length*/
      |                                             ^~~~~~~~~~~~~~~~~~~~~~~
Info: Compiling imported_source/objdef.c to obj/default/imported_source/objdef.o
nios2-elf-gcc.exe -xc -MP -MMD -c -Ic:/Users/guan-ming.dennis-won/Documents/Code/SPI_4_Wire_Serial_Intel_FPGA_IP/software/NIOS_Project_Small_bsp//HAL/inc -Ic:/Users/guan-ming.dennis-won/Documents/Code/SPI_4_Wire_Serial_Intel_FPGA_IP/software/NIOS_Project_Small_bsp/ -Ic:/Users/guan-ming.dennis-won/Documents/Code/SPI_4_Wire_Serial_Intel_FPGA_IP/software/NIOS_Project_Small_bsp//drivers/inc  -pipe -D__hal__ -DALT_NO_C_PLUS_PLUS -DALT_NO_CLEAN_EXIT -D'exit(a)=_exit(a)' -DALT_NO_EXIT -DALT_USE_DIRECT_DRIVERS -DALT_NO_INSTRUCTION_EMULATION -DALT_USE_SMALL_DRIVERS -DSMALL_C_LIB -DALT_SINGLE_THREADED    -Os -g -Wall   -mno-hw-div -mno-hw-div -mno-hw-mul -mno-hw-mulx -mgpopt=global  -o "obj/default/imported_source/objdef.o" "imported_source/objdef.c"
Info: Compiling imported_source/sdoserv.c to obj/default/imported_source/sdoserv.o
nios2-elf-gcc.exe -xc -MP -MMD -c -Ic:/Users/guan-ming.dennis-won/Documents/Code/SPI_4_Wire_Serial_Intel_FPGA_IP/software/NIOS_Project_Small_bsp//HAL/inc -Ic:/Users/guan-ming.dennis-won/Documents/Code/SPI_4_Wire_Serial_Intel_FPGA_IP/software/NIOS_Project_Small_bsp/ -Ic:/Users/guan-ming.dennis-won/Documents/Code/SPI_4_Wire_Serial_Intel_FPGA_IP/software/NIOS_Project_Small_bsp//drivers/inc  -pipe -D__hal__ -DALT_NO_C_PLUS_PLUS -DALT_NO_CLEAN_EXIT -D'exit(a)=_exit(a)' -DALT_NO_EXIT -DALT_USE_DIRECT_DRIVERS -DALT_NO_INSTRUCTION_EMULATION -DALT_USE_SMALL_DRIVERS -DSMALL_C_LIB -DALT_SINGLE_THREADED    -Os -g -Wall   -mno-hw-div -mno-hw-div -mno-hw-mul -mno-hw-mulx -mgpopt=global  -o "obj/default/imported_source/sdoserv.o" "imported_source/sdoserv.c"
Info: Compiling nios_it/nios_it.c to obj/default/nios_it/nios_it.o
nios2-elf-gcc.exe -xc -MP -MMD -c -Ic:/Users/guan-ming.dennis-won/Documents/Code/SPI_4_Wire_Serial_Intel_FPGA_IP/software/NIOS_Project_Small_bsp//HAL/inc -Ic:/Users/guan-ming.dennis-won/Documents/Code/SPI_4_Wire_Serial_Intel_FPGA_IP/software/NIOS_Project_Small_bsp/ -Ic:/Users/guan-ming.dennis-won/Documents/Code/SPI_4_Wire_Serial_Intel_FPGA_IP/software/NIOS_Project_Small_bsp//drivers/inc  -pipe -D__hal__ -DALT_NO_C_PLUS_PLUS -DALT_NO_CLEAN_EXIT -D'exit(a)=_exit(a)' -DALT_NO_EXIT -DALT_USE_DIRECT_DRIVERS -DALT_NO_INSTRUCTION_EMULATION -DALT_USE_SMALL_DRIVERS -DSMALL_C_LIB -DALT_SINGLE_THREADED    -Os -g -Wall   -mno-hw-div -mno-hw-div -mno-hw-mul -mno-hw-mulx -mgpopt=global  -o "obj/default/nios_it/nios_it.o" "nios_it/nios_it.c"
nios_it/nios_it.c: In function 'exti0_isr':
nios_it/nios_it.c:18:10: warning: implicit declaration of function 'PDI_Isr' [-Wimplicit-function-declaration]
   18 |          PDI_Isr();
      |          ^~~~~~~
nios_it/nios_it.c:24:10: warning: implicit declaration of function 'printf' [-Wimplicit-function-declaration]
   24 |          printf("Called ISR!\n");
      |          ^~~~~~
nios_it/nios_it.c:11:1: note: include '<stdio.h>' or provide a declaration of 'printf'
   10 | #include "../peripheral/peripheral_linker.h"  // Include the linker header file with peripheral definitions
  +++ |+#include <stdio.h>
   11 | 
nios_it/nios_it.c:24:10: warning: incompatible implicit declaration of built-in function 'printf' [-Wbuiltin-declaration-mismatch]
   24 |          printf("Called ISR!\n");
      |          ^~~~~~
nios_it/nios_it.c:24:10: note: include '<stdio.h>' or provide a declaration of 'printf'
Info: Compiling peripheral/peripheral_linker.c to obj/default/peripheral/peripheral_linker.o
nios2-elf-gcc.exe -xc -MP -MMD -c -Ic:/Users/guan-ming.dennis-won/Documents/Code/SPI_4_Wire_Serial_Intel_FPGA_IP/software/NIOS_Project_Small_bsp//HAL/inc -Ic:/Users/guan-ming.dennis-won/Documents/Code/SPI_4_Wire_Serial_Intel_FPGA_IP/software/NIOS_Project_Small_bsp/ -Ic:/Users/guan-ming.dennis-won/Documents/Code/SPI_4_Wire_Serial_Intel_FPGA_IP/software/NIOS_Project_Small_bsp//drivers/inc  -pipe -D__hal__ -DALT_NO_C_PLUS_PLUS -DALT_NO_CLEAN_EXIT -D'exit(a)=_exit(a)' -DALT_NO_EXIT -DALT_USE_DIRECT_DRIVERS -DALT_NO_INSTRUCTION_EMULATION -DALT_USE_SMALL_DRIVERS -DSMALL_C_LIB -DALT_SINGLE_THREADED    -Os -g -Wall   -mno-hw-div -mno-hw-div -mno-hw-mul -mno-hw-mulx -mgpopt=global  -o "obj/default/peripheral/peripheral_linker.o" "peripheral/peripheral_linker.c"
peripheral/peripheral_linker.c: In function 'delay_ms':
peripheral/peripheral_linker.c:9:5: warning: implicit declaration of function 'usleep' [-Wimplicit-function-declaration]
    9 |     usleep(milliseconds * 1000);  // Convert to microseconds
      |     ^~~~~~
peripheral/peripheral_linker.c: In function 'adc_init':
peripheral/peripheral_linker.c:17:13: warning: variable 'spi_check' set but not used [-Wunused-but-set-variable]
   17 |         int spi_check = -1;
      |             ^~~~~~~~~
peripheral/peripheral_linker.c: In function 'adc_init_spi_transmit_receive':
peripheral/peripheral_linker.c:161:13: warning: variable 'spi_check' set but not used [-Wunused-but-set-variable]
  161 |         int spi_check = -1;
      |             ^~~~~~~~~
peripheral/peripheral_linker.c: In function 'spi_transmit_receive':
peripheral/peripheral_linker.c:348:19: warning: implicit declaration of function 'printf' [-Wimplicit-function-declaration]
  348 |                   printf("error!");
      |                   ^~~~~~
peripheral/peripheral_linker.c:5:1: note: include '<stdio.h>' or provide a declaration of 'printf'
    4 | #include "timer.h"
  +++ |+#include <stdio.h>
    5 | 
peripheral/peripheral_linker.c:348:19: warning: incompatible implicit declaration of built-in function 'printf' [-Wbuiltin-declaration-mismatch]
  348 |                   printf("error!");
      |                   ^~~~~~
peripheral/peripheral_linker.c:348:19: note: include '<stdio.h>' or provide a declaration of 'printf'
Info: Compiling peripheral/timer.c to obj/default/peripheral/timer.o
nios2-elf-gcc.exe -xc -MP -MMD -c -Ic:/Users/guan-ming.dennis-won/Documents/Code/SPI_4_Wire_Serial_Intel_FPGA_IP/software/NIOS_Project_Small_bsp//HAL/inc -Ic:/Users/guan-ming.dennis-won/Documents/Code/SPI_4_Wire_Serial_Intel_FPGA_IP/software/NIOS_Project_Small_bsp/ -Ic:/Users/guan-ming.dennis-won/Documents/Code/SPI_4_Wire_Serial_Intel_FPGA_IP/software/NIOS_Project_Small_bsp//drivers/inc  -pipe -D__hal__ -DALT_NO_C_PLUS_PLUS -DALT_NO_CLEAN_EXIT -D'exit(a)=_exit(a)' -DALT_NO_EXIT -DALT_USE_DIRECT_DRIVERS -DALT_NO_INSTRUCTION_EMULATION -DALT_USE_SMALL_DRIVERS -DSMALL_C_LIB -DALT_SINGLE_THREADED    -Os -g -Wall   -mno-hw-div -mno-hw-div -mno-hw-mul -mno-hw-mulx -mgpopt=global  -o "obj/default/peripheral/timer.o" "peripheral/timer.c"
peripheral/timer.c: In function 'led_blink':
peripheral/timer.c:20:17: warning: implicit declaration of function 'printf' [-Wimplicit-function-declaration]
   20 |                 printf("led_blink - timer.c");
      |                 ^~~~~~
peripheral/timer.c:2:1: note: include '<stdio.h>' or provide a declaration of 'printf'
    1 | #include "timer.h"
  +++ |+#include <stdio.h>
    2 | 
peripheral/timer.c:20:17: warning: incompatible implicit declaration of built-in function 'printf' [-Wbuiltin-declaration-mismatch]
   20 |                 printf("led_blink - timer.c");
      |                 ^~~~~~
peripheral/timer.c:20:17: note: include '<stdio.h>' or provide a declaration of 'printf'
peripheral/timer.c: At top level:
peripheral/timer.c:4:16: warning: 'led_blink_register' defined but not used [-Wunused-variable]
    4 | static uint8_t led_blink_register = 0;
      |                ^~~~~~~~~~~~~~~~~~
Info: Linking NIOS_Project_Small.elf
nios2-elf-g++.exe  -T'c:/Users/guan-ming.dennis-won/Documents/Code/SPI_4_Wire_Serial_Intel_FPGA_IP/software/NIOS_Project_Small_bsp//linker.x' -msys-crt0='c:/Users/guan-ming.dennis-won/Documents/Code/SPI_4_Wire_Serial_Intel_FPGA_IP/software/NIOS_Project_Small_bsp//obj/HAL/src/crt0.o' -msys-lib=hal_bsp -Lc:/Users/guan-ming.dennis-won/Documents/Code/SPI_4_Wire_Serial_Intel_FPGA_IP/software/NIOS_Project_Small_bsp/  -msmallc  -Wl,-Map=NIOS_Project_Small.map   -Os -g -Wall   -mno-hw-div -mno-hw-div -mno-hw-mul -mno-hw-mulx -mgpopt=global  -o NIOS_Project_Small.elf obj/default/hello_world_small.o obj/default/imported_source/TENCL040_ESC.o obj/default/imported_source/ax58100_hw.o obj/default/imported_source/coeappl.o obj/default/imported_source/ecatappl.o obj/default/imported_source/ecatcoe.o obj/default/imported_source/ecatslv.o obj/default/imported_source/mailbox.o obj/default/imported_source/objdef.o obj/default/imported_source/sdoserv.o obj/default/nios_it/nios_it.o obj/default/peripheral/peripheral_linker.o obj/default/peripheral/timer.o -lm -msys-lib=m
nios2-elf-insert.exe NIOS_Project_Small.elf --thread_model hal --cpu_name NIOS --qsys true --simulation_enabled false --id 39011 --sidp 0x410e0 --timestamp 1749798985 --stderr_dev DEBUG --stdin_dev DEBUG --stdout_dev DEBUG --sopc_system_name spi_platform_designer --quartus_project_dir "c:/Users/guan-ming.dennis-won/Documents/Code/SPI_4_Wire_Serial_Intel_FPGA_IP" --jdi ../..//output_files/spi.jdi --sopcinfo C:/Users/guan-ming.dennis-won/Documents/Code/SPI_4_Wire_Serial_Intel_FPGA_IP/spi_platform_designer.sopcinfo
Info: (NIOS_Project_Small.elf) 41 KBytes program size (code + initialized data).
Info:                          34 KBytes free for stack + heap.
Info: Creating NIOS_Project_Small.objdump
nios2-elf-objdump.exe --disassemble --syms --all-header --source NIOS_Project_Small.elf >NIOS_Project_Small.objdump
[NIOS_Project_Small build complete]
15:18:50 **** Incremental Build of configuration Nios II for project NIOS_Project_Small ****
wsl make all 
Info: Building /mnt/c/Users/guan-ming.dennis-won/Documents/Code/SPI_4_Wire_Serial_Intel_FPGA_IP/software/NIOS_Project_Small_bsp/
make --no-print-directory -C /mnt/c/Users/guan-ming.dennis-won/Documents/Code/SPI_4_Wire_Serial_Intel_FPGA_IP/software/NIOS_Project_Small_bsp/
[BSP build complete]
[NIOS_Project_Small build complete]
15:28:28 **** Clean-only build of configuration Nios II for project NIOS_Project_Small ****
wsl make clean 
[NIOS_Project_Small clean complete]
15:28:31 **** Build of configuration Nios II for project NIOS_Project_Small ****
wsl make all 
Info: Building /mnt/c/Users/guan-ming.dennis-won/Documents/Code/SPI_4_Wire_Serial_Intel_FPGA_IP/software/NIOS_Project_Small_bsp/
make --no-print-directory -C /mnt/c/Users/guan-ming.dennis-won/Documents/Code/SPI_4_Wire_Serial_Intel_FPGA_IP/software/NIOS_Project_Small_bsp/
[BSP build complete]
Info: Compiling hello_world_small.c to obj/default/hello_world_small.o
nios2-elf-gcc.exe -xc -MP -MMD -c -Ic:/Users/guan-ming.dennis-won/Documents/Code/SPI_4_Wire_Serial_Intel_FPGA_IP/software/NIOS_Project_Small_bsp//HAL/inc -Ic:/Users/guan-ming.dennis-won/Documents/Code/SPI_4_Wire_Serial_Intel_FPGA_IP/software/NIOS_Project_Small_bsp/ -Ic:/Users/guan-ming.dennis-won/Documents/Code/SPI_4_Wire_Serial_Intel_FPGA_IP/software/NIOS_Project_Small_bsp//drivers/inc  -pipe -D__hal__ -DALT_NO_C_PLUS_PLUS -DALT_NO_CLEAN_EXIT -D'exit(a)=_exit(a)' -DALT_NO_EXIT -DALT_USE_DIRECT_DRIVERS -DALT_NO_INSTRUCTION_EMULATION -DALT_USE_SMALL_DRIVERS -DSMALL_C_LIB -DALT_SINGLE_THREADED    -Os -g -Wall   -mno-hw-div -mno-hw-div -mno-hw-mul -mno-hw-mulx -mgpopt=global  -o "obj/default/hello_world_small.o" "hello_world_small.c"
Info: Compiling imported_source/TENCL040_ESC.c to obj/default/imported_source/TENCL040_ESC.o
nios2-elf-gcc.exe -xc -MP -MMD -c -Ic:/Users/guan-ming.dennis-won/Documents/Code/SPI_4_Wire_Serial_Intel_FPGA_IP/software/NIOS_Project_Small_bsp//HAL/inc -Ic:/Users/guan-ming.dennis-won/Documents/Code/SPI_4_Wire_Serial_Intel_FPGA_IP/software/NIOS_Project_Small_bsp/ -Ic:/Users/guan-ming.dennis-won/Documents/Code/SPI_4_Wire_Serial_Intel_FPGA_IP/software/NIOS_Project_Small_bsp//drivers/inc  -pipe -D__hal__ -DALT_NO_C_PLUS_PLUS -DALT_NO_CLEAN_EXIT -D'exit(a)=_exit(a)' -DALT_NO_EXIT -DALT_USE_DIRECT_DRIVERS -DALT_NO_INSTRUCTION_EMULATION -DALT_USE_SMALL_DRIVERS -DSMALL_C_LIB -DALT_SINGLE_THREADED    -Os -g -Wall   -mno-hw-div -mno-hw-div -mno-hw-mul -mno-hw-mulx -mgpopt=global  -o "obj/default/imported_source/TENCL040_ESC.o" "imported_source/TENCL040_ESC.c"
imported_source/TENCL040_ESC.c: In function 'APPL_InputMapping':
imported_source/TENCL040_ESC.c:360:33: warning: case label value exceeds maximum value for type [-Wswitch-outside-range]
  360 |                                 case 0x1A010:
      |                                 ^~~~
imported_source/TENCL040_ESC.c: In function 'APPL_GetDeviceID':
imported_source/TENCL040_ESC.c:449:6: warning: #warning "Implement explicit Device ID latching" [-Wcpp]
  449 |     #warning "Implement explicit Device ID latching"
      |      ^~~~~~~
Info: Compiling imported_source/ax58100_hw.c to obj/default/imported_source/ax58100_hw.o
nios2-elf-gcc.exe -xc -MP -MMD -c -Ic:/Users/guan-ming.dennis-won/Documents/Code/SPI_4_Wire_Serial_Intel_FPGA_IP/software/NIOS_Project_Small_bsp//HAL/inc -Ic:/Users/guan-ming.dennis-won/Documents/Code/SPI_4_Wire_Serial_Intel_FPGA_IP/software/NIOS_Project_Small_bsp/ -Ic:/Users/guan-ming.dennis-won/Documents/Code/SPI_4_Wire_Serial_Intel_FPGA_IP/software/NIOS_Project_Small_bsp//drivers/inc  -pipe -D__hal__ -DALT_NO_C_PLUS_PLUS -DALT_NO_CLEAN_EXIT -D'exit(a)=_exit(a)' -DALT_NO_EXIT -DALT_USE_DIRECT_DRIVERS -DALT_NO_INSTRUCTION_EMULATION -DALT_USE_SMALL_DRIVERS -DSMALL_C_LIB -DALT_SINGLE_THREADED    -Os -g -Wall   -mno-hw-div -mno-hw-div -mno-hw-mul -mno-hw-mulx -mgpopt=global  -o "obj/default/imported_source/ax58100_hw.o" "imported_source/ax58100_hw.c"
imported_source/ax58100_hw.c: In function 'HW_SPI_Read':
imported_source/ax58100_hw.c:169:25: warning: unused variable 'spi_check' [-Wunused-variable]
  169 |                 uint8_t spi_check =  spi_transmit_receive(ESC_SPI_BASE, 0,
      |                         ^~~~~~~~~
imported_source/ax58100_hw.c: In function 'HW_SPI_Write':
imported_source/ax58100_hw.c:259:25: warning: unused variable 'spi_check' [-Wunused-variable]
  259 |                 uint8_t spi_check =  spi_transmit_receive(ESC_SPI_BASE, 0,
      |                         ^~~~~~~~~
imported_source/ax58100_hw.c: In function 'HW_Init':
imported_source/ax58100_hw.c:333:9: warning: implicit declaration of function 'init_exti0_it' [-Wimplicit-function-declaration]
  333 |         init_exti0_it();
      |         ^~~~~~~~~~~~~
imported_source/ax58100_hw.c: At top level:
imported_source/ax58100_hw.c:61:16: warning: 'HW_SPI_TransmitReceive' defined but not used [-Wunused-function]
   61 | static int32_t HW_SPI_TransmitReceive(uint8_t* pTxData, uint8_t* pRxData,
      |                ^~~~~~~~~~~~~~~~~~~~~~
Info: Compiling imported_source/coeappl.c to obj/default/imported_source/coeappl.o
nios2-elf-gcc.exe -xc -MP -MMD -c -Ic:/Users/guan-ming.dennis-won/Documents/Code/SPI_4_Wire_Serial_Intel_FPGA_IP/software/NIOS_Project_Small_bsp//HAL/inc -Ic:/Users/guan-ming.dennis-won/Documents/Code/SPI_4_Wire_Serial_Intel_FPGA_IP/software/NIOS_Project_Small_bsp/ -Ic:/Users/guan-ming.dennis-won/Documents/Code/SPI_4_Wire_Serial_Intel_FPGA_IP/software/NIOS_Project_Small_bsp//drivers/inc  -pipe -D__hal__ -DALT_NO_C_PLUS_PLUS -DALT_NO_CLEAN_EXIT -D'exit(a)=_exit(a)' -DALT_NO_EXIT -DALT_USE_DIRECT_DRIVERS -DALT_NO_INSTRUCTION_EMULATION -DALT_USE_SMALL_DRIVERS -DSMALL_C_LIB -DALT_SINGLE_THREADED    -Os -g -Wall   -mno-hw-div -mno-hw-div -mno-hw-mul -mno-hw-mulx -mgpopt=global  -o "obj/default/imported_source/coeappl.o" "imported_source/coeappl.c"
imported_source/coeappl.c: In function 'COE_ObjDictionaryInit':
imported_source/coeappl.c:882:26: warning: the comparison will always evaluate as 'true' for the address of 'ApplicationObjDic' will never be NULL [-Waddress]
  882 |     if(ApplicationObjDic != NULL)
      |                          ^~
In file included from imported_source/../imported_source/TENCL040_ESC.h:41,
                 from imported_source/coeappl.c:132:
imported_source/../imported_source/TENCL040_ESCObjects.h:2437:19: note: 'ApplicationObjDic' declared here
 2437 | TOBJECT    OBJMEM ApplicationObjDic[] = {
      |                   ^~~~~~~~~~~~~~~~~
Info: Compiling imported_source/ecatappl.c to obj/default/imported_source/ecatappl.o
nios2-elf-gcc.exe -xc -MP -MMD -c -Ic:/Users/guan-ming.dennis-won/Documents/Code/SPI_4_Wire_Serial_Intel_FPGA_IP/software/NIOS_Project_Small_bsp//HAL/inc -Ic:/Users/guan-ming.dennis-won/Documents/Code/SPI_4_Wire_Serial_Intel_FPGA_IP/software/NIOS_Project_Small_bsp/ -Ic:/Users/guan-ming.dennis-won/Documents/Code/SPI_4_Wire_Serial_Intel_FPGA_IP/software/NIOS_Project_Small_bsp//drivers/inc  -pipe -D__hal__ -DALT_NO_C_PLUS_PLUS -DALT_NO_CLEAN_EXIT -D'exit(a)=_exit(a)' -DALT_NO_EXIT -DALT_USE_DIRECT_DRIVERS -DALT_NO_INSTRUCTION_EMULATION -DALT_USE_SMALL_DRIVERS -DSMALL_C_LIB -DALT_SINGLE_THREADED    -Os -g -Wall   -mno-hw-div -mno-hw-div -mno-hw-mul -mno-hw-mulx -mgpopt=global  -o "obj/default/imported_source/ecatappl.o" "imported_source/ecatappl.c"
Info: Compiling imported_source/ecatcoe.c to obj/default/imported_source/ecatcoe.o
nios2-elf-gcc.exe -xc -MP -MMD -c -Ic:/Users/guan-ming.dennis-won/Documents/Code/SPI_4_Wire_Serial_Intel_FPGA_IP/software/NIOS_Project_Small_bsp//HAL/inc -Ic:/Users/guan-ming.dennis-won/Documents/Code/SPI_4_Wire_Serial_Intel_FPGA_IP/software/NIOS_Project_Small_bsp/ -Ic:/Users/guan-ming.dennis-won/Documents/Code/SPI_4_Wire_Serial_Intel_FPGA_IP/software/NIOS_Project_Small_bsp//drivers/inc  -pipe -D__hal__ -DALT_NO_C_PLUS_PLUS -DALT_NO_CLEAN_EXIT -D'exit(a)=_exit(a)' -DALT_NO_EXIT -DALT_USE_DIRECT_DRIVERS -DALT_NO_INSTRUCTION_EMULATION -DALT_USE_SMALL_DRIVERS -DSMALL_C_LIB -DALT_SINGLE_THREADED    -Os -g -Wall   -mno-hw-div -mno-hw-div -mno-hw-mul -mno-hw-mulx -mgpopt=global  -o "obj/default/imported_source/ecatcoe.o" "imported_source/ecatcoe.c"
Info: Compiling imported_source/ecatslv.c to obj/default/imported_source/ecatslv.o
nios2-elf-gcc.exe -xc -MP -MMD -c -Ic:/Users/guan-ming.dennis-won/Documents/Code/SPI_4_Wire_Serial_Intel_FPGA_IP/software/NIOS_Project_Small_bsp//HAL/inc -Ic:/Users/guan-ming.dennis-won/Documents/Code/SPI_4_Wire_Serial_Intel_FPGA_IP/software/NIOS_Project_Small_bsp/ -Ic:/Users/guan-ming.dennis-won/Documents/Code/SPI_4_Wire_Serial_Intel_FPGA_IP/software/NIOS_Project_Small_bsp//drivers/inc  -pipe -D__hal__ -DALT_NO_C_PLUS_PLUS -DALT_NO_CLEAN_EXIT -D'exit(a)=_exit(a)' -DALT_NO_EXIT -DALT_USE_DIRECT_DRIVERS -DALT_NO_INSTRUCTION_EMULATION -DALT_USE_SMALL_DRIVERS -DSMALL_C_LIB -DALT_SINGLE_THREADED    -Os -g -Wall   -mno-hw-div -mno-hw-div -mno-hw-mul -mno-hw-mulx -mgpopt=global  -o "obj/default/imported_source/ecatslv.o" "imported_source/ecatslv.c"
Info: Compiling imported_source/mailbox.c to obj/default/imported_source/mailbox.o
nios2-elf-gcc.exe -xc -MP -MMD -c -Ic:/Users/guan-ming.dennis-won/Documents/Code/SPI_4_Wire_Serial_Intel_FPGA_IP/software/NIOS_Project_Small_bsp//HAL/inc -Ic:/Users/guan-ming.dennis-won/Documents/Code/SPI_4_Wire_Serial_Intel_FPGA_IP/software/NIOS_Project_Small_bsp/ -Ic:/Users/guan-ming.dennis-won/Documents/Code/SPI_4_Wire_Serial_Intel_FPGA_IP/software/NIOS_Project_Small_bsp//drivers/inc  -pipe -D__hal__ -DALT_NO_C_PLUS_PLUS -DALT_NO_CLEAN_EXIT -D'exit(a)=_exit(a)' -DALT_NO_EXIT -DALT_USE_DIRECT_DRIVERS -DALT_NO_INSTRUCTION_EMULATION -DALT_USE_SMALL_DRIVERS -DSMALL_C_LIB -DALT_SINGLE_THREADED    -Os -g -Wall   -mno-hw-div -mno-hw-div -mno-hw-mul -mno-hw-mulx -mgpopt=global  -o "obj/default/imported_source/mailbox.o" "imported_source/mailbox.c"
imported_source/mailbox.c: In function 'MBX_CheckAndCopyMailbox':
imported_source/mailbox.c:760:17: warning: array subscript 'TMBX[0]' is partly outside array bounds of 'unsigned char[10]' [-Warray-bounds]
  760 |             pMbx->MbxHeader.Length     = 4;
      |                 ^~
In file included from imported_source/mailbox.c:138:
imported_source/../imported_source/ecat_def.h:776:51: note: object of size 10 allocated by 'malloc'
  776 | #define APPL_AllocMailboxBuffer(size)             malloc((size))
      |                                                   ^~~~~~~~~~~~~~
imported_source/mailbox.c:753:45: note: in expansion of macro 'APPL_AllocMailboxBuffer'
  753 |         TMBX MBXMEM *pMbx = (TMBX MBXMEM *) APPL_AllocMailboxBuffer(10); /* a mailbox error datagram length*/
      |                                             ^~~~~~~~~~~~~~~~~~~~~~~
imported_source/mailbox.c:762:17: warning: array subscript 'TMBX[0]' is partly outside array bounds of 'unsigned char[10]' [-Warray-bounds]
  762 |             pMbx->Data[0]                        = SWAPWORD(MBXSERVICE_MBXERRORCMD);
      |                 ^~
imported_source/../imported_source/ecat_def.h:776:51: note: object of size 10 allocated by 'malloc'
  776 | #define APPL_AllocMailboxBuffer(size)             malloc((size))
      |                                                   ^~~~~~~~~~~~~~
imported_source/mailbox.c:753:45: note: in expansion of macro 'APPL_AllocMailboxBuffer'
  753 |         TMBX MBXMEM *pMbx = (TMBX MBXMEM *) APPL_AllocMailboxBuffer(10); /* a mailbox error datagram length*/
      |                                             ^~~~~~~~~~~~~~~~~~~~~~~
imported_source/mailbox.c:763:17: warning: array subscript 'TMBX[0]' is partly outside array bounds of 'unsigned char[10]' [-Warray-bounds]
  763 |             pMbx->Data[1]                        = SWAPWORD(MBXERR_NOMOREMEMORY);
      |                 ^~
imported_source/../imported_source/ecat_def.h:776:51: note: object of size 10 allocated by 'malloc'
  776 | #define APPL_AllocMailboxBuffer(size)             malloc((size))
      |                                                   ^~~~~~~~~~~~~~
imported_source/mailbox.c:753:45: note: in expansion of macro 'APPL_AllocMailboxBuffer'
  753 |         TMBX MBXMEM *pMbx = (TMBX MBXMEM *) APPL_AllocMailboxBuffer(10); /* a mailbox error datagram length*/
      |                                             ^~~~~~~~~~~~~~~~~~~~~~~
Info: Compiling imported_source/objdef.c to obj/default/imported_source/objdef.o
nios2-elf-gcc.exe -xc -MP -MMD -c -Ic:/Users/guan-ming.dennis-won/Documents/Code/SPI_4_Wire_Serial_Intel_FPGA_IP/software/NIOS_Project_Small_bsp//HAL/inc -Ic:/Users/guan-ming.dennis-won/Documents/Code/SPI_4_Wire_Serial_Intel_FPGA_IP/software/NIOS_Project_Small_bsp/ -Ic:/Users/guan-ming.dennis-won/Documents/Code/SPI_4_Wire_Serial_Intel_FPGA_IP/software/NIOS_Project_Small_bsp//drivers/inc  -pipe -D__hal__ -DALT_NO_C_PLUS_PLUS -DALT_NO_CLEAN_EXIT -D'exit(a)=_exit(a)' -DALT_NO_EXIT -DALT_USE_DIRECT_DRIVERS -DALT_NO_INSTRUCTION_EMULATION -DALT_USE_SMALL_DRIVERS -DSMALL_C_LIB -DALT_SINGLE_THREADED    -Os -g -Wall   -mno-hw-div -mno-hw-div -mno-hw-mul -mno-hw-mulx -mgpopt=global  -o "obj/default/imported_source/objdef.o" "imported_source/objdef.c"
Info: Compiling imported_source/sdoserv.c to obj/default/imported_source/sdoserv.o
nios2-elf-gcc.exe -xc -MP -MMD -c -Ic:/Users/guan-ming.dennis-won/Documents/Code/SPI_4_Wire_Serial_Intel_FPGA_IP/software/NIOS_Project_Small_bsp//HAL/inc -Ic:/Users/guan-ming.dennis-won/Documents/Code/SPI_4_Wire_Serial_Intel_FPGA_IP/software/NIOS_Project_Small_bsp/ -Ic:/Users/guan-ming.dennis-won/Documents/Code/SPI_4_Wire_Serial_Intel_FPGA_IP/software/NIOS_Project_Small_bsp//drivers/inc  -pipe -D__hal__ -DALT_NO_C_PLUS_PLUS -DALT_NO_CLEAN_EXIT -D'exit(a)=_exit(a)' -DALT_NO_EXIT -DALT_USE_DIRECT_DRIVERS -DALT_NO_INSTRUCTION_EMULATION -DALT_USE_SMALL_DRIVERS -DSMALL_C_LIB -DALT_SINGLE_THREADED    -Os -g -Wall   -mno-hw-div -mno-hw-div -mno-hw-mul -mno-hw-mulx -mgpopt=global  -o "obj/default/imported_source/sdoserv.o" "imported_source/sdoserv.c"
Info: Compiling nios_it/nios_it.c to obj/default/nios_it/nios_it.o
nios2-elf-gcc.exe -xc -MP -MMD -c -Ic:/Users/guan-ming.dennis-won/Documents/Code/SPI_4_Wire_Serial_Intel_FPGA_IP/software/NIOS_Project_Small_bsp//HAL/inc -Ic:/Users/guan-ming.dennis-won/Documents/Code/SPI_4_Wire_Serial_Intel_FPGA_IP/software/NIOS_Project_Small_bsp/ -Ic:/Users/guan-ming.dennis-won/Documents/Code/SPI_4_Wire_Serial_Intel_FPGA_IP/software/NIOS_Project_Small_bsp//drivers/inc  -pipe -D__hal__ -DALT_NO_C_PLUS_PLUS -DALT_NO_CLEAN_EXIT -D'exit(a)=_exit(a)' -DALT_NO_EXIT -DALT_USE_DIRECT_DRIVERS -DALT_NO_INSTRUCTION_EMULATION -DALT_USE_SMALL_DRIVERS -DSMALL_C_LIB -DALT_SINGLE_THREADED    -Os -g -Wall   -mno-hw-div -mno-hw-div -mno-hw-mul -mno-hw-mulx -mgpopt=global  -o "obj/default/nios_it/nios_it.o" "nios_it/nios_it.c"
nios_it/nios_it.c: In function 'exti0_isr':
nios_it/nios_it.c:18:10: warning: implicit declaration of function 'PDI_Isr' [-Wimplicit-function-declaration]
   18 |          PDI_Isr();
      |          ^~~~~~~
nios_it/nios_it.c:24:10: warning: implicit declaration of function 'printf' [-Wimplicit-function-declaration]
   24 |          printf("Called ISR!\n");
      |          ^~~~~~
nios_it/nios_it.c:11:1: note: include '<stdio.h>' or provide a declaration of 'printf'
   10 | #include "../peripheral/peripheral_linker.h"  // Include the linker header file with peripheral definitions
  +++ |+#include <stdio.h>
   11 | 
nios_it/nios_it.c:24:10: warning: incompatible implicit declaration of built-in function 'printf' [-Wbuiltin-declaration-mismatch]
   24 |          printf("Called ISR!\n");
      |          ^~~~~~
nios_it/nios_it.c:24:10: note: include '<stdio.h>' or provide a declaration of 'printf'
Info: Compiling peripheral/peripheral_linker.c to obj/default/peripheral/peripheral_linker.o
nios2-elf-gcc.exe -xc -MP -MMD -c -Ic:/Users/guan-ming.dennis-won/Documents/Code/SPI_4_Wire_Serial_Intel_FPGA_IP/software/NIOS_Project_Small_bsp//HAL/inc -Ic:/Users/guan-ming.dennis-won/Documents/Code/SPI_4_Wire_Serial_Intel_FPGA_IP/software/NIOS_Project_Small_bsp/ -Ic:/Users/guan-ming.dennis-won/Documents/Code/SPI_4_Wire_Serial_Intel_FPGA_IP/software/NIOS_Project_Small_bsp//drivers/inc  -pipe -D__hal__ -DALT_NO_C_PLUS_PLUS -DALT_NO_CLEAN_EXIT -D'exit(a)=_exit(a)' -DALT_NO_EXIT -DALT_USE_DIRECT_DRIVERS -DALT_NO_INSTRUCTION_EMULATION -DALT_USE_SMALL_DRIVERS -DSMALL_C_LIB -DALT_SINGLE_THREADED    -Os -g -Wall   -mno-hw-div -mno-hw-div -mno-hw-mul -mno-hw-mulx -mgpopt=global  -o "obj/default/peripheral/peripheral_linker.o" "peripheral/peripheral_linker.c"
peripheral/peripheral_linker.c: In function 'delay_ms':
peripheral/peripheral_linker.c:9:5: warning: implicit declaration of function 'usleep' [-Wimplicit-function-declaration]
    9 |     usleep(milliseconds * 1000);  // Convert to microseconds
      |     ^~~~~~
peripheral/peripheral_linker.c: In function 'adc_init':
peripheral/peripheral_linker.c:17:13: warning: variable 'spi_check' set but not used [-Wunused-but-set-variable]
   17 |         int spi_check = -1;
      |             ^~~~~~~~~
peripheral/peripheral_linker.c: In function 'adc_init_spi_transmit_receive':
peripheral/peripheral_linker.c:161:13: warning: variable 'spi_check' set but not used [-Wunused-but-set-variable]
  161 |         int spi_check = -1;
      |             ^~~~~~~~~
peripheral/peripheral_linker.c: In function 'spi_transmit_receive':
peripheral/peripheral_linker.c:348:19: warning: implicit declaration of function 'printf' [-Wimplicit-function-declaration]
  348 |                   printf("error!");
      |                   ^~~~~~
peripheral/peripheral_linker.c:5:1: note: include '<stdio.h>' or provide a declaration of 'printf'
    4 | #include "timer.h"
  +++ |+#include <stdio.h>
    5 | 
peripheral/peripheral_linker.c:348:19: warning: incompatible implicit declaration of built-in function 'printf' [-Wbuiltin-declaration-mismatch]
  348 |                   printf("error!");
      |                   ^~~~~~
peripheral/peripheral_linker.c:348:19: note: include '<stdio.h>' or provide a declaration of 'printf'
Info: Compiling peripheral/timer.c to obj/default/peripheral/timer.o
nios2-elf-gcc.exe -xc -MP -MMD -c -Ic:/Users/guan-ming.dennis-won/Documents/Code/SPI_4_Wire_Serial_Intel_FPGA_IP/software/NIOS_Project_Small_bsp//HAL/inc -Ic:/Users/guan-ming.dennis-won/Documents/Code/SPI_4_Wire_Serial_Intel_FPGA_IP/software/NIOS_Project_Small_bsp/ -Ic:/Users/guan-ming.dennis-won/Documents/Code/SPI_4_Wire_Serial_Intel_FPGA_IP/software/NIOS_Project_Small_bsp//drivers/inc  -pipe -D__hal__ -DALT_NO_C_PLUS_PLUS -DALT_NO_CLEAN_EXIT -D'exit(a)=_exit(a)' -DALT_NO_EXIT -DALT_USE_DIRECT_DRIVERS -DALT_NO_INSTRUCTION_EMULATION -DALT_USE_SMALL_DRIVERS -DSMALL_C_LIB -DALT_SINGLE_THREADED    -Os -g -Wall   -mno-hw-div -mno-hw-div -mno-hw-mul -mno-hw-mulx -mgpopt=global  -o "obj/default/peripheral/timer.o" "peripheral/timer.c"
peripheral/timer.c: In function 'led_blink':
peripheral/timer.c:20:17: warning: implicit declaration of function 'printf' [-Wimplicit-function-declaration]
   20 |                 printf("led_blink - timer.c");
      |                 ^~~~~~
peripheral/timer.c:2:1: note: include '<stdio.h>' or provide a declaration of 'printf'
    1 | #include "timer.h"
  +++ |+#include <stdio.h>
    2 | 
peripheral/timer.c:20:17: warning: incompatible implicit declaration of built-in function 'printf' [-Wbuiltin-declaration-mismatch]
   20 |                 printf("led_blink - timer.c");
      |                 ^~~~~~
peripheral/timer.c:20:17: note: include '<stdio.h>' or provide a declaration of 'printf'
peripheral/timer.c: In function 'timer16_isr':
peripheral/timer.c:38:17: warning: implicit declaration of function 'alt_putstr' [-Wimplicit-function-declaration]
   38 |                 alt_putstr("Hello from Nios II!\n");
      |                 ^~~~~~~~~~
peripheral/timer.c: At top level:
peripheral/timer.c:4:16: warning: 'led_blink_register' defined but not used [-Wunused-variable]
    4 | static uint8_t led_blink_register = 0;
      |                ^~~~~~~~~~~~~~~~~~
Info: Linking NIOS_Project_Small.elf
nios2-elf-g++.exe  -T'c:/Users/guan-ming.dennis-won/Documents/Code/SPI_4_Wire_Serial_Intel_FPGA_IP/software/NIOS_Project_Small_bsp//linker.x' -msys-crt0='c:/Users/guan-ming.dennis-won/Documents/Code/SPI_4_Wire_Serial_Intel_FPGA_IP/software/NIOS_Project_Small_bsp//obj/HAL/src/crt0.o' -msys-lib=hal_bsp -Lc:/Users/guan-ming.dennis-won/Documents/Code/SPI_4_Wire_Serial_Intel_FPGA_IP/software/NIOS_Project_Small_bsp/  -msmallc  -Wl,-Map=NIOS_Project_Small.map   -Os -g -Wall   -mno-hw-div -mno-hw-div -mno-hw-mul -mno-hw-mulx -mgpopt=global  -o NIOS_Project_Small.elf obj/default/hello_world_small.o obj/default/imported_source/TENCL040_ESC.o obj/default/imported_source/ax58100_hw.o obj/default/imported_source/coeappl.o obj/default/imported_source/ecatappl.o obj/default/imported_source/ecatcoe.o obj/default/imported_source/ecatslv.o obj/default/imported_source/mailbox.o obj/default/imported_source/objdef.o obj/default/imported_source/sdoserv.o obj/default/nios_it/nios_it.o obj/default/peripheral/peripheral_linker.o obj/default/peripheral/timer.o -lm -msys-lib=m
nios2-elf-insert.exe NIOS_Project_Small.elf --thread_model hal --cpu_name NIOS --qsys true --simulation_enabled false --id 39011 --sidp 0x410e0 --timestamp 1749798985 --stderr_dev DEBUG --stdin_dev DEBUG --stdout_dev DEBUG --sopc_system_name spi_platform_designer --quartus_project_dir "c:/Users/guan-ming.dennis-won/Documents/Code/SPI_4_Wire_Serial_Intel_FPGA_IP" --jdi ../..//output_files/spi.jdi --sopcinfo C:/Users/guan-ming.dennis-won/Documents/Code/SPI_4_Wire_Serial_Intel_FPGA_IP/spi_platform_designer.sopcinfo
Info: (NIOS_Project_Small.elf) 41 KBytes program size (code + initialized data).
Info:                          34 KBytes free for stack + heap.
Info: Creating NIOS_Project_Small.objdump
nios2-elf-objdump.exe --disassemble --syms --all-header --source NIOS_Project_Small.elf >NIOS_Project_Small.objdump
[NIOS_Project_Small build complete]
15:28:48 **** Incremental Build of configuration Nios II for project NIOS_Project_Small ****
wsl make all 
Info: Building /mnt/c/Users/guan-ming.dennis-won/Documents/Code/SPI_4_Wire_Serial_Intel_FPGA_IP/software/NIOS_Project_Small_bsp/
make --no-print-directory -C /mnt/c/Users/guan-ming.dennis-won/Documents/Code/SPI_4_Wire_Serial_Intel_FPGA_IP/software/NIOS_Project_Small_bsp/
[BSP build complete]
[NIOS_Project_Small build complete]
15:29:42 **** Clean-only build of configuration Nios II for project NIOS_Project_Small ****
wsl make clean 
[NIOS_Project_Small clean complete]
15:29:44 **** Build of configuration Nios II for project NIOS_Project_Small ****
wsl make all 
Info: Building /mnt/c/Users/guan-ming.dennis-won/Documents/Code/SPI_4_Wire_Serial_Intel_FPGA_IP/software/NIOS_Project_Small_bsp/
make --no-print-directory -C /mnt/c/Users/guan-ming.dennis-won/Documents/Code/SPI_4_Wire_Serial_Intel_FPGA_IP/software/NIOS_Project_Small_bsp/
[BSP build complete]
Info: Compiling hello_world_small.c to obj/default/hello_world_small.o
nios2-elf-gcc.exe -xc -MP -MMD -c -Ic:/Users/guan-ming.dennis-won/Documents/Code/SPI_4_Wire_Serial_Intel_FPGA_IP/software/NIOS_Project_Small_bsp//HAL/inc -Ic:/Users/guan-ming.dennis-won/Documents/Code/SPI_4_Wire_Serial_Intel_FPGA_IP/software/NIOS_Project_Small_bsp/ -Ic:/Users/guan-ming.dennis-won/Documents/Code/SPI_4_Wire_Serial_Intel_FPGA_IP/software/NIOS_Project_Small_bsp//drivers/inc  -pipe -D__hal__ -DALT_NO_C_PLUS_PLUS -DALT_NO_CLEAN_EXIT -D'exit(a)=_exit(a)' -DALT_NO_EXIT -DALT_USE_DIRECT_DRIVERS -DALT_NO_INSTRUCTION_EMULATION -DALT_USE_SMALL_DRIVERS -DSMALL_C_LIB -DALT_SINGLE_THREADED    -Os -g -Wall   -mno-hw-div -mno-hw-div -mno-hw-mul -mno-hw-mulx -mgpopt=global  -o "obj/default/hello_world_small.o" "hello_world_small.c"
Info: Compiling imported_source/TENCL040_ESC.c to obj/default/imported_source/TENCL040_ESC.o
nios2-elf-gcc.exe -xc -MP -MMD -c -Ic:/Users/guan-ming.dennis-won/Documents/Code/SPI_4_Wire_Serial_Intel_FPGA_IP/software/NIOS_Project_Small_bsp//HAL/inc -Ic:/Users/guan-ming.dennis-won/Documents/Code/SPI_4_Wire_Serial_Intel_FPGA_IP/software/NIOS_Project_Small_bsp/ -Ic:/Users/guan-ming.dennis-won/Documents/Code/SPI_4_Wire_Serial_Intel_FPGA_IP/software/NIOS_Project_Small_bsp//drivers/inc  -pipe -D__hal__ -DALT_NO_C_PLUS_PLUS -DALT_NO_CLEAN_EXIT -D'exit(a)=_exit(a)' -DALT_NO_EXIT -DALT_USE_DIRECT_DRIVERS -DALT_NO_INSTRUCTION_EMULATION -DALT_USE_SMALL_DRIVERS -DSMALL_C_LIB -DALT_SINGLE_THREADED    -Os -g -Wall   -mno-hw-div -mno-hw-div -mno-hw-mul -mno-hw-mulx -mgpopt=global  -o "obj/default/imported_source/TENCL040_ESC.o" "imported_source/TENCL040_ESC.c"
imported_source/TENCL040_ESC.c: In function 'APPL_InputMapping':
imported_source/TENCL040_ESC.c:360:33: warning: case label value exceeds maximum value for type [-Wswitch-outside-range]
  360 |                                 case 0x1A010:
      |                                 ^~~~
imported_source/TENCL040_ESC.c: In function 'APPL_GetDeviceID':
imported_source/TENCL040_ESC.c:449:6: warning: #warning "Implement explicit Device ID latching" [-Wcpp]
  449 |     #warning "Implement explicit Device ID latching"
      |      ^~~~~~~
Info: Compiling imported_source/ax58100_hw.c to obj/default/imported_source/ax58100_hw.o
nios2-elf-gcc.exe -xc -MP -MMD -c -Ic:/Users/guan-ming.dennis-won/Documents/Code/SPI_4_Wire_Serial_Intel_FPGA_IP/software/NIOS_Project_Small_bsp//HAL/inc -Ic:/Users/guan-ming.dennis-won/Documents/Code/SPI_4_Wire_Serial_Intel_FPGA_IP/software/NIOS_Project_Small_bsp/ -Ic:/Users/guan-ming.dennis-won/Documents/Code/SPI_4_Wire_Serial_Intel_FPGA_IP/software/NIOS_Project_Small_bsp//drivers/inc  -pipe -D__hal__ -DALT_NO_C_PLUS_PLUS -DALT_NO_CLEAN_EXIT -D'exit(a)=_exit(a)' -DALT_NO_EXIT -DALT_USE_DIRECT_DRIVERS -DALT_NO_INSTRUCTION_EMULATION -DALT_USE_SMALL_DRIVERS -DSMALL_C_LIB -DALT_SINGLE_THREADED    -Os -g -Wall   -mno-hw-div -mno-hw-div -mno-hw-mul -mno-hw-mulx -mgpopt=global  -o "obj/default/imported_source/ax58100_hw.o" "imported_source/ax58100_hw.c"
imported_source/ax58100_hw.c: In function 'HW_SPI_Read':
imported_source/ax58100_hw.c:169:25: warning: unused variable 'spi_check' [-Wunused-variable]
  169 |                 uint8_t spi_check =  spi_transmit_receive(ESC_SPI_BASE, 0,
      |                         ^~~~~~~~~
imported_source/ax58100_hw.c: In function 'HW_SPI_Write':
imported_source/ax58100_hw.c:259:25: warning: unused variable 'spi_check' [-Wunused-variable]
  259 |                 uint8_t spi_check =  spi_transmit_receive(ESC_SPI_BASE, 0,
      |                         ^~~~~~~~~
imported_source/ax58100_hw.c: In function 'HW_Init':
imported_source/ax58100_hw.c:333:9: warning: implicit declaration of function 'init_exti0_it' [-Wimplicit-function-declaration]
  333 |         init_exti0_it();
      |         ^~~~~~~~~~~~~
imported_source/ax58100_hw.c: At top level:
imported_source/ax58100_hw.c:61:16: warning: 'HW_SPI_TransmitReceive' defined but not used [-Wunused-function]
   61 | static int32_t HW_SPI_TransmitReceive(uint8_t* pTxData, uint8_t* pRxData,
      |                ^~~~~~~~~~~~~~~~~~~~~~
Info: Compiling imported_source/coeappl.c to obj/default/imported_source/coeappl.o
nios2-elf-gcc.exe -xc -MP -MMD -c -Ic:/Users/guan-ming.dennis-won/Documents/Code/SPI_4_Wire_Serial_Intel_FPGA_IP/software/NIOS_Project_Small_bsp//HAL/inc -Ic:/Users/guan-ming.dennis-won/Documents/Code/SPI_4_Wire_Serial_Intel_FPGA_IP/software/NIOS_Project_Small_bsp/ -Ic:/Users/guan-ming.dennis-won/Documents/Code/SPI_4_Wire_Serial_Intel_FPGA_IP/software/NIOS_Project_Small_bsp//drivers/inc  -pipe -D__hal__ -DALT_NO_C_PLUS_PLUS -DALT_NO_CLEAN_EXIT -D'exit(a)=_exit(a)' -DALT_NO_EXIT -DALT_USE_DIRECT_DRIVERS -DALT_NO_INSTRUCTION_EMULATION -DALT_USE_SMALL_DRIVERS -DSMALL_C_LIB -DALT_SINGLE_THREADED    -Os -g -Wall   -mno-hw-div -mno-hw-div -mno-hw-mul -mno-hw-mulx -mgpopt=global  -o "obj/default/imported_source/coeappl.o" "imported_source/coeappl.c"
imported_source/coeappl.c: In function 'COE_ObjDictionaryInit':
imported_source/coeappl.c:882:26: warning: the comparison will always evaluate as 'true' for the address of 'ApplicationObjDic' will never be NULL [-Waddress]
  882 |     if(ApplicationObjDic != NULL)
      |                          ^~
In file included from imported_source/../imported_source/TENCL040_ESC.h:41,
                 from imported_source/coeappl.c:132:
imported_source/../imported_source/TENCL040_ESCObjects.h:2437:19: note: 'ApplicationObjDic' declared here
 2437 | TOBJECT    OBJMEM ApplicationObjDic[] = {
      |                   ^~~~~~~~~~~~~~~~~
Info: Compiling imported_source/ecatappl.c to obj/default/imported_source/ecatappl.o
nios2-elf-gcc.exe -xc -MP -MMD -c -Ic:/Users/guan-ming.dennis-won/Documents/Code/SPI_4_Wire_Serial_Intel_FPGA_IP/software/NIOS_Project_Small_bsp//HAL/inc -Ic:/Users/guan-ming.dennis-won/Documents/Code/SPI_4_Wire_Serial_Intel_FPGA_IP/software/NIOS_Project_Small_bsp/ -Ic:/Users/guan-ming.dennis-won/Documents/Code/SPI_4_Wire_Serial_Intel_FPGA_IP/software/NIOS_Project_Small_bsp//drivers/inc  -pipe -D__hal__ -DALT_NO_C_PLUS_PLUS -DALT_NO_CLEAN_EXIT -D'exit(a)=_exit(a)' -DALT_NO_EXIT -DALT_USE_DIRECT_DRIVERS -DALT_NO_INSTRUCTION_EMULATION -DALT_USE_SMALL_DRIVERS -DSMALL_C_LIB -DALT_SINGLE_THREADED    -Os -g -Wall   -mno-hw-div -mno-hw-div -mno-hw-mul -mno-hw-mulx -mgpopt=global  -o "obj/default/imported_source/ecatappl.o" "imported_source/ecatappl.c"
Info: Compiling imported_source/ecatcoe.c to obj/default/imported_source/ecatcoe.o
nios2-elf-gcc.exe -xc -MP -MMD -c -Ic:/Users/guan-ming.dennis-won/Documents/Code/SPI_4_Wire_Serial_Intel_FPGA_IP/software/NIOS_Project_Small_bsp//HAL/inc -Ic:/Users/guan-ming.dennis-won/Documents/Code/SPI_4_Wire_Serial_Intel_FPGA_IP/software/NIOS_Project_Small_bsp/ -Ic:/Users/guan-ming.dennis-won/Documents/Code/SPI_4_Wire_Serial_Intel_FPGA_IP/software/NIOS_Project_Small_bsp//drivers/inc  -pipe -D__hal__ -DALT_NO_C_PLUS_PLUS -DALT_NO_CLEAN_EXIT -D'exit(a)=_exit(a)' -DALT_NO_EXIT -DALT_USE_DIRECT_DRIVERS -DALT_NO_INSTRUCTION_EMULATION -DALT_USE_SMALL_DRIVERS -DSMALL_C_LIB -DALT_SINGLE_THREADED    -Os -g -Wall   -mno-hw-div -mno-hw-div -mno-hw-mul -mno-hw-mulx -mgpopt=global  -o "obj/default/imported_source/ecatcoe.o" "imported_source/ecatcoe.c"
Info: Compiling imported_source/ecatslv.c to obj/default/imported_source/ecatslv.o
nios2-elf-gcc.exe -xc -MP -MMD -c -Ic:/Users/guan-ming.dennis-won/Documents/Code/SPI_4_Wire_Serial_Intel_FPGA_IP/software/NIOS_Project_Small_bsp//HAL/inc -Ic:/Users/guan-ming.dennis-won/Documents/Code/SPI_4_Wire_Serial_Intel_FPGA_IP/software/NIOS_Project_Small_bsp/ -Ic:/Users/guan-ming.dennis-won/Documents/Code/SPI_4_Wire_Serial_Intel_FPGA_IP/software/NIOS_Project_Small_bsp//drivers/inc  -pipe -D__hal__ -DALT_NO_C_PLUS_PLUS -DALT_NO_CLEAN_EXIT -D'exit(a)=_exit(a)' -DALT_NO_EXIT -DALT_USE_DIRECT_DRIVERS -DALT_NO_INSTRUCTION_EMULATION -DALT_USE_SMALL_DRIVERS -DSMALL_C_LIB -DALT_SINGLE_THREADED    -Os -g -Wall   -mno-hw-div -mno-hw-div -mno-hw-mul -mno-hw-mulx -mgpopt=global  -o "obj/default/imported_source/ecatslv.o" "imported_source/ecatslv.c"
Info: Compiling imported_source/mailbox.c to obj/default/imported_source/mailbox.o
nios2-elf-gcc.exe -xc -MP -MMD -c -Ic:/Users/guan-ming.dennis-won/Documents/Code/SPI_4_Wire_Serial_Intel_FPGA_IP/software/NIOS_Project_Small_bsp//HAL/inc -Ic:/Users/guan-ming.dennis-won/Documents/Code/SPI_4_Wire_Serial_Intel_FPGA_IP/software/NIOS_Project_Small_bsp/ -Ic:/Users/guan-ming.dennis-won/Documents/Code/SPI_4_Wire_Serial_Intel_FPGA_IP/software/NIOS_Project_Small_bsp//drivers/inc  -pipe -D__hal__ -DALT_NO_C_PLUS_PLUS -DALT_NO_CLEAN_EXIT -D'exit(a)=_exit(a)' -DALT_NO_EXIT -DALT_USE_DIRECT_DRIVERS -DALT_NO_INSTRUCTION_EMULATION -DALT_USE_SMALL_DRIVERS -DSMALL_C_LIB -DALT_SINGLE_THREADED    -Os -g -Wall   -mno-hw-div -mno-hw-div -mno-hw-mul -mno-hw-mulx -mgpopt=global  -o "obj/default/imported_source/mailbox.o" "imported_source/mailbox.c"
imported_source/mailbox.c: In function 'MBX_CheckAndCopyMailbox':
imported_source/mailbox.c:760:17: warning: array subscript 'TMBX[0]' is partly outside array bounds of 'unsigned char[10]' [-Warray-bounds]
  760 |             pMbx->MbxHeader.Length     = 4;
      |                 ^~
In file included from imported_source/mailbox.c:138:
imported_source/../imported_source/ecat_def.h:776:51: note: object of size 10 allocated by 'malloc'
  776 | #define APPL_AllocMailboxBuffer(size)             malloc((size))
      |                                                   ^~~~~~~~~~~~~~
imported_source/mailbox.c:753:45: note: in expansion of macro 'APPL_AllocMailboxBuffer'
  753 |         TMBX MBXMEM *pMbx = (TMBX MBXMEM *) APPL_AllocMailboxBuffer(10); /* a mailbox error datagram length*/
      |                                             ^~~~~~~~~~~~~~~~~~~~~~~
imported_source/mailbox.c:762:17: warning: array subscript 'TMBX[0]' is partly outside array bounds of 'unsigned char[10]' [-Warray-bounds]
  762 |             pMbx->Data[0]                        = SWAPWORD(MBXSERVICE_MBXERRORCMD);
      |                 ^~
imported_source/../imported_source/ecat_def.h:776:51: note: object of size 10 allocated by 'malloc'
  776 | #define APPL_AllocMailboxBuffer(size)             malloc((size))
      |                                                   ^~~~~~~~~~~~~~
imported_source/mailbox.c:753:45: note: in expansion of macro 'APPL_AllocMailboxBuffer'
  753 |         TMBX MBXMEM *pMbx = (TMBX MBXMEM *) APPL_AllocMailboxBuffer(10); /* a mailbox error datagram length*/
      |                                             ^~~~~~~~~~~~~~~~~~~~~~~
imported_source/mailbox.c:763:17: warning: array subscript 'TMBX[0]' is partly outside array bounds of 'unsigned char[10]' [-Warray-bounds]
  763 |             pMbx->Data[1]                        = SWAPWORD(MBXERR_NOMOREMEMORY);
      |                 ^~
imported_source/../imported_source/ecat_def.h:776:51: note: object of size 10 allocated by 'malloc'
  776 | #define APPL_AllocMailboxBuffer(size)             malloc((size))
      |                                                   ^~~~~~~~~~~~~~
imported_source/mailbox.c:753:45: note: in expansion of macro 'APPL_AllocMailboxBuffer'
  753 |         TMBX MBXMEM *pMbx = (TMBX MBXMEM *) APPL_AllocMailboxBuffer(10); /* a mailbox error datagram length*/
      |                                             ^~~~~~~~~~~~~~~~~~~~~~~
Info: Compiling imported_source/objdef.c to obj/default/imported_source/objdef.o
nios2-elf-gcc.exe -xc -MP -MMD -c -Ic:/Users/guan-ming.dennis-won/Documents/Code/SPI_4_Wire_Serial_Intel_FPGA_IP/software/NIOS_Project_Small_bsp//HAL/inc -Ic:/Users/guan-ming.dennis-won/Documents/Code/SPI_4_Wire_Serial_Intel_FPGA_IP/software/NIOS_Project_Small_bsp/ -Ic:/Users/guan-ming.dennis-won/Documents/Code/SPI_4_Wire_Serial_Intel_FPGA_IP/software/NIOS_Project_Small_bsp//drivers/inc  -pipe -D__hal__ -DALT_NO_C_PLUS_PLUS -DALT_NO_CLEAN_EXIT -D'exit(a)=_exit(a)' -DALT_NO_EXIT -DALT_USE_DIRECT_DRIVERS -DALT_NO_INSTRUCTION_EMULATION -DALT_USE_SMALL_DRIVERS -DSMALL_C_LIB -DALT_SINGLE_THREADED    -Os -g -Wall   -mno-hw-div -mno-hw-div -mno-hw-mul -mno-hw-mulx -mgpopt=global  -o "obj/default/imported_source/objdef.o" "imported_source/objdef.c"
Info: Compiling imported_source/sdoserv.c to obj/default/imported_source/sdoserv.o
nios2-elf-gcc.exe -xc -MP -MMD -c -Ic:/Users/guan-ming.dennis-won/Documents/Code/SPI_4_Wire_Serial_Intel_FPGA_IP/software/NIOS_Project_Small_bsp//HAL/inc -Ic:/Users/guan-ming.dennis-won/Documents/Code/SPI_4_Wire_Serial_Intel_FPGA_IP/software/NIOS_Project_Small_bsp/ -Ic:/Users/guan-ming.dennis-won/Documents/Code/SPI_4_Wire_Serial_Intel_FPGA_IP/software/NIOS_Project_Small_bsp//drivers/inc  -pipe -D__hal__ -DALT_NO_C_PLUS_PLUS -DALT_NO_CLEAN_EXIT -D'exit(a)=_exit(a)' -DALT_NO_EXIT -DALT_USE_DIRECT_DRIVERS -DALT_NO_INSTRUCTION_EMULATION -DALT_USE_SMALL_DRIVERS -DSMALL_C_LIB -DALT_SINGLE_THREADED    -Os -g -Wall   -mno-hw-div -mno-hw-div -mno-hw-mul -mno-hw-mulx -mgpopt=global  -o "obj/default/imported_source/sdoserv.o" "imported_source/sdoserv.c"
Info: Compiling nios_it/nios_it.c to obj/default/nios_it/nios_it.o
nios2-elf-gcc.exe -xc -MP -MMD -c -Ic:/Users/guan-ming.dennis-won/Documents/Code/SPI_4_Wire_Serial_Intel_FPGA_IP/software/NIOS_Project_Small_bsp//HAL/inc -Ic:/Users/guan-ming.dennis-won/Documents/Code/SPI_4_Wire_Serial_Intel_FPGA_IP/software/NIOS_Project_Small_bsp/ -Ic:/Users/guan-ming.dennis-won/Documents/Code/SPI_4_Wire_Serial_Intel_FPGA_IP/software/NIOS_Project_Small_bsp//drivers/inc  -pipe -D__hal__ -DALT_NO_C_PLUS_PLUS -DALT_NO_CLEAN_EXIT -D'exit(a)=_exit(a)' -DALT_NO_EXIT -DALT_USE_DIRECT_DRIVERS -DALT_NO_INSTRUCTION_EMULATION -DALT_USE_SMALL_DRIVERS -DSMALL_C_LIB -DALT_SINGLE_THREADED    -Os -g -Wall   -mno-hw-div -mno-hw-div -mno-hw-mul -mno-hw-mulx -mgpopt=global  -o "obj/default/nios_it/nios_it.o" "nios_it/nios_it.c"
nios_it/nios_it.c: In function 'exti0_isr':
nios_it/nios_it.c:18:10: warning: implicit declaration of function 'PDI_Isr' [-Wimplicit-function-declaration]
   18 |          PDI_Isr();
      |          ^~~~~~~
nios_it/nios_it.c:24:10: warning: implicit declaration of function 'printf' [-Wimplicit-function-declaration]
   24 |          printf("Called ISR!\n");
      |          ^~~~~~
nios_it/nios_it.c:11:1: note: include '<stdio.h>' or provide a declaration of 'printf'
   10 | #include "../peripheral/peripheral_linker.h"  // Include the linker header file with peripheral definitions
  +++ |+#include <stdio.h>
   11 | 
nios_it/nios_it.c:24:10: warning: incompatible implicit declaration of built-in function 'printf' [-Wbuiltin-declaration-mismatch]
   24 |          printf("Called ISR!\n");
      |          ^~~~~~
nios_it/nios_it.c:24:10: note: include '<stdio.h>' or provide a declaration of 'printf'
Info: Compiling peripheral/peripheral_linker.c to obj/default/peripheral/peripheral_linker.o
nios2-elf-gcc.exe -xc -MP -MMD -c -Ic:/Users/guan-ming.dennis-won/Documents/Code/SPI_4_Wire_Serial_Intel_FPGA_IP/software/NIOS_Project_Small_bsp//HAL/inc -Ic:/Users/guan-ming.dennis-won/Documents/Code/SPI_4_Wire_Serial_Intel_FPGA_IP/software/NIOS_Project_Small_bsp/ -Ic:/Users/guan-ming.dennis-won/Documents/Code/SPI_4_Wire_Serial_Intel_FPGA_IP/software/NIOS_Project_Small_bsp//drivers/inc  -pipe -D__hal__ -DALT_NO_C_PLUS_PLUS -DALT_NO_CLEAN_EXIT -D'exit(a)=_exit(a)' -DALT_NO_EXIT -DALT_USE_DIRECT_DRIVERS -DALT_NO_INSTRUCTION_EMULATION -DALT_USE_SMALL_DRIVERS -DSMALL_C_LIB -DALT_SINGLE_THREADED    -Os -g -Wall   -mno-hw-div -mno-hw-div -mno-hw-mul -mno-hw-mulx -mgpopt=global  -o "obj/default/peripheral/peripheral_linker.o" "peripheral/peripheral_linker.c"
peripheral/peripheral_linker.c: In function 'delay_ms':
peripheral/peripheral_linker.c:9:5: warning: implicit declaration of function 'usleep' [-Wimplicit-function-declaration]
    9 |     usleep(milliseconds * 1000);  // Convert to microseconds
      |     ^~~~~~
peripheral/peripheral_linker.c: In function 'adc_init':
peripheral/peripheral_linker.c:17:13: warning: variable 'spi_check' set but not used [-Wunused-but-set-variable]
   17 |         int spi_check = -1;
      |             ^~~~~~~~~
peripheral/peripheral_linker.c: In function 'adc_init_spi_transmit_receive':
peripheral/peripheral_linker.c:161:13: warning: variable 'spi_check' set but not used [-Wunused-but-set-variable]
  161 |         int spi_check = -1;
      |             ^~~~~~~~~
peripheral/peripheral_linker.c: In function 'spi_transmit_receive':
peripheral/peripheral_linker.c:348:19: warning: implicit declaration of function 'printf' [-Wimplicit-function-declaration]
  348 |                   printf("error!");
      |                   ^~~~~~
peripheral/peripheral_linker.c:5:1: note: include '<stdio.h>' or provide a declaration of 'printf'
    4 | #include "timer.h"
  +++ |+#include <stdio.h>
    5 | 
peripheral/peripheral_linker.c:348:19: warning: incompatible implicit declaration of built-in function 'printf' [-Wbuiltin-declaration-mismatch]
  348 |                   printf("error!");
      |                   ^~~~~~
peripheral/peripheral_linker.c:348:19: note: include '<stdio.h>' or provide a declaration of 'printf'
Info: Compiling peripheral/timer.c to obj/default/peripheral/timer.o
nios2-elf-gcc.exe -xc -MP -MMD -c -Ic:/Users/guan-ming.dennis-won/Documents/Code/SPI_4_Wire_Serial_Intel_FPGA_IP/software/NIOS_Project_Small_bsp//HAL/inc -Ic:/Users/guan-ming.dennis-won/Documents/Code/SPI_4_Wire_Serial_Intel_FPGA_IP/software/NIOS_Project_Small_bsp/ -Ic:/Users/guan-ming.dennis-won/Documents/Code/SPI_4_Wire_Serial_Intel_FPGA_IP/software/NIOS_Project_Small_bsp//drivers/inc  -pipe -D__hal__ -DALT_NO_C_PLUS_PLUS -DALT_NO_CLEAN_EXIT -D'exit(a)=_exit(a)' -DALT_NO_EXIT -DALT_USE_DIRECT_DRIVERS -DALT_NO_INSTRUCTION_EMULATION -DALT_USE_SMALL_DRIVERS -DSMALL_C_LIB -DALT_SINGLE_THREADED    -Os -g -Wall   -mno-hw-div -mno-hw-div -mno-hw-mul -mno-hw-mulx -mgpopt=global  -o "obj/default/peripheral/timer.o" "peripheral/timer.c"
peripheral/timer.c: In function 'led_blink':
peripheral/timer.c:20:17: warning: implicit declaration of function 'printf' [-Wimplicit-function-declaration]
   20 |                 printf("led_blink - timer.c");
      |                 ^~~~~~
peripheral/timer.c:2:1: note: include '<stdio.h>' or provide a declaration of 'printf'
    1 | #include "timer.h"
  +++ |+#include <stdio.h>
    2 | 
peripheral/timer.c:20:17: warning: incompatible implicit declaration of built-in function 'printf' [-Wbuiltin-declaration-mismatch]
   20 |                 printf("led_blink - timer.c");
      |                 ^~~~~~
peripheral/timer.c:20:17: note: include '<stdio.h>' or provide a declaration of 'printf'
peripheral/timer.c: In function 'timer16_isr':
peripheral/timer.c:38:17: warning: implicit declaration of function 'alt_putstr' [-Wimplicit-function-declaration]
   38 |                 alt_putstr("Hello from Nios II!\n");
      |                 ^~~~~~~~~~
peripheral/timer.c: At top level:
peripheral/timer.c:4:16: warning: 'led_blink_register' defined but not used [-Wunused-variable]
    4 | static uint8_t led_blink_register = 0;
      |                ^~~~~~~~~~~~~~~~~~
Info: Linking NIOS_Project_Small.elf
nios2-elf-g++.exe  -T'c:/Users/guan-ming.dennis-won/Documents/Code/SPI_4_Wire_Serial_Intel_FPGA_IP/software/NIOS_Project_Small_bsp//linker.x' -msys-crt0='c:/Users/guan-ming.dennis-won/Documents/Code/SPI_4_Wire_Serial_Intel_FPGA_IP/software/NIOS_Project_Small_bsp//obj/HAL/src/crt0.o' -msys-lib=hal_bsp -Lc:/Users/guan-ming.dennis-won/Documents/Code/SPI_4_Wire_Serial_Intel_FPGA_IP/software/NIOS_Project_Small_bsp/  -msmallc  -Wl,-Map=NIOS_Project_Small.map   -Os -g -Wall   -mno-hw-div -mno-hw-div -mno-hw-mul -mno-hw-mulx -mgpopt=global  -o NIOS_Project_Small.elf obj/default/hello_world_small.o obj/default/imported_source/TENCL040_ESC.o obj/default/imported_source/ax58100_hw.o obj/default/imported_source/coeappl.o obj/default/imported_source/ecatappl.o obj/default/imported_source/ecatcoe.o obj/default/imported_source/ecatslv.o obj/default/imported_source/mailbox.o obj/default/imported_source/objdef.o obj/default/imported_source/sdoserv.o obj/default/nios_it/nios_it.o obj/default/peripheral/peripheral_linker.o obj/default/peripheral/timer.o -lm -msys-lib=m
nios2-elf-insert.exe NIOS_Project_Small.elf --thread_model hal --cpu_name NIOS --qsys true --simulation_enabled false --id 39011 --sidp 0x410e0 --timestamp 1749798985 --stderr_dev DEBUG --stdin_dev DEBUG --stdout_dev DEBUG --sopc_system_name spi_platform_designer --quartus_project_dir "c:/Users/guan-ming.dennis-won/Documents/Code/SPI_4_Wire_Serial_Intel_FPGA_IP" --jdi ../..//output_files/spi.jdi --sopcinfo C:/Users/guan-ming.dennis-won/Documents/Code/SPI_4_Wire_Serial_Intel_FPGA_IP/spi_platform_designer.sopcinfo
Info: (NIOS_Project_Small.elf) 41 KBytes program size (code + initialized data).
Info:                          34 KBytes free for stack + heap.
Info: Creating NIOS_Project_Small.objdump
nios2-elf-objdump.exe --disassemble --syms --all-header --source NIOS_Project_Small.elf >NIOS_Project_Small.objdump
[NIOS_Project_Small build complete]
15:30:06 **** Incremental Build of configuration Nios II for project NIOS_Project_Small ****
wsl make all 
Info: Building /mnt/c/Users/guan-ming.dennis-won/Documents/Code/SPI_4_Wire_Serial_Intel_FPGA_IP/software/NIOS_Project_Small_bsp/
make --no-print-directory -C /mnt/c/Users/guan-ming.dennis-won/Documents/Code/SPI_4_Wire_Serial_Intel_FPGA_IP/software/NIOS_Project_Small_bsp/
[BSP build complete]
[NIOS_Project_Small build complete]
16:53:42 **** Clean-only build of configuration Nios II for project NIOS_Project_Small ****
wsl make clean 
[NIOS_Project_Small clean complete]
16:53:46 **** Build of configuration Nios II for project NIOS_Project_Small ****
wsl make all 
Info: Building /mnt/c/Users/guan-ming.dennis-won/Documents/Code/SPI_4_Wire_Serial_Intel_FPGA_IP/software/NIOS_Project_Small_bsp/
make --no-print-directory -C /mnt/c/Users/guan-ming.dennis-won/Documents/Code/SPI_4_Wire_Serial_Intel_FPGA_IP/software/NIOS_Project_Small_bsp/
Makefile not up to date.
/mnt/c/Users/guan-ming.dennis-won/Documents/Code/SPI_4_Wire_Serial_Intel_FPGA_IP/spi_platform_designer.sopcinfo has been modified since the BSP was generated.

Generate the BSP to update the Makefile, and then build again.

To generate from Eclipse:
 1. Right-click the BSP project.
 2. In the Nios II Menu, click Generate BSP.

To generate from the command line:
 nios2-bsp-generate-files --settings=<settings file> --bsp-dir=<target bsp files directory>

Makefile:573: recipe for target 'public.mk' failed
make[1]: *** [public.mk] Error 1
Makefile:854: recipe for target '/mnt/c/Users/guan-ming.dennis-won/Documents/Code/SPI_4_Wire_Serial_Intel_FPGA_IP/software/NIOS_Project_Small_bsp/-recurs-make-lib' failed
make: *** [/mnt/c/Users/guan-ming.dennis-won/Documents/Code/SPI_4_Wire_Serial_Intel_FPGA_IP/software/NIOS_Project_Small_bsp/-recurs-make-lib] Error 2
16:54:15 **** Clean-only build of configuration Nios II for project NIOS_Project_Small ****
wsl make clean 
[NIOS_Project_Small clean complete]
16:54:18 **** Build of configuration Nios II for project NIOS_Project_Small ****
wsl make all 
Info: Building /mnt/c/Users/guan-ming.dennis-won/Documents/Code/SPI_4_Wire_Serial_Intel_FPGA_IP/software/NIOS_Project_Small_bsp/
make --no-print-directory -C /mnt/c/Users/guan-ming.dennis-won/Documents/Code/SPI_4_Wire_Serial_Intel_FPGA_IP/software/NIOS_Project_Small_bsp/
Compiling alt_alarm_start.c...
nios2-elf-gcc.exe -xc -MP -MMD -c  -I./HAL/inc -I. -I./drivers/inc -pipe -D__hal__ -DALT_NO_C_PLUS_PLUS -DALT_NO_CLEAN_EXIT -D'exit(a)=_exit(a)' -DALT_NO_EXIT -DALT_USE_DIRECT_DRIVERS -DALT_NO_INSTRUCTION_EMULATION -DALT_USE_SMALL_DRIVERS -DSMALL_C_LIB -DALT_SINGLE_THREADED    '-Os' -g -Wall  -mno-hw-div -mno-hw-div -mno-hw-mul -mno-hw-mulx -mgpopt=global   -o obj/HAL/src/alt_alarm_start.o HAL/src/alt_alarm_start.c
Compiling alt_busy_sleep.c...
nios2-elf-gcc.exe -xc -MP -MMD -c  -I./HAL/inc -I. -I./drivers/inc -pipe -D__hal__ -DALT_NO_C_PLUS_PLUS -DALT_NO_CLEAN_EXIT -D'exit(a)=_exit(a)' -DALT_NO_EXIT -DALT_USE_DIRECT_DRIVERS -DALT_NO_INSTRUCTION_EMULATION -DALT_USE_SMALL_DRIVERS -DSMALL_C_LIB -DALT_SINGLE_THREADED    '-Os' -g -Wall  -mno-hw-div -mno-hw-div -mno-hw-mul -mno-hw-mulx -mgpopt=global   -o obj/HAL/src/alt_busy_sleep.o HAL/src/alt_busy_sleep.c
Compiling alt_close.c...
nios2-elf-gcc.exe -xc -MP -MMD -c  -I./HAL/inc -I. -I./drivers/inc -pipe -D__hal__ -DALT_NO_C_PLUS_PLUS -DALT_NO_CLEAN_EXIT -D'exit(a)=_exit(a)' -DALT_NO_EXIT -DALT_USE_DIRECT_DRIVERS -DALT_NO_INSTRUCTION_EMULATION -DALT_USE_SMALL_DRIVERS -DSMALL_C_LIB -DALT_SINGLE_THREADED    '-Os' -g -Wall  -mno-hw-div -mno-hw-div -mno-hw-mul -mno-hw-mulx -mgpopt=global   -o obj/HAL/src/alt_close.o HAL/src/alt_close.c
Compiling alt_dcache_flush.c...
nios2-elf-gcc.exe -xc -MP -MMD -c  -I./HAL/inc -I. -I./drivers/inc -pipe -D__hal__ -DALT_NO_C_PLUS_PLUS -DALT_NO_CLEAN_EXIT -D'exit(a)=_exit(a)' -DALT_NO_EXIT -DALT_USE_DIRECT_DRIVERS -DALT_NO_INSTRUCTION_EMULATION -DALT_USE_SMALL_DRIVERS -DSMALL_C_LIB -DALT_SINGLE_THREADED    '-Os' -g -Wall  -mno-hw-div -mno-hw-div -mno-hw-mul -mno-hw-mulx -mgpopt=global   -o obj/HAL/src/alt_dcache_flush.o HAL/src/alt_dcache_flush.c
Compiling alt_dcache_flush_all.c...
nios2-elf-gcc.exe -xc -MP -MMD -c  -I./HAL/inc -I. -I./drivers/inc -pipe -D__hal__ -DALT_NO_C_PLUS_PLUS -DALT_NO_CLEAN_EXIT -D'exit(a)=_exit(a)' -DALT_NO_EXIT -DALT_USE_DIRECT_DRIVERS -DALT_NO_INSTRUCTION_EMULATION -DALT_USE_SMALL_DRIVERS -DSMALL_C_LIB -DALT_SINGLE_THREADED    '-Os' -g -Wall  -mno-hw-div -mno-hw-div -mno-hw-mul -mno-hw-mulx -mgpopt=global   -o obj/HAL/src/alt_dcache_flush_all.o HAL/src/alt_dcache_flush_all.c
Compiling alt_dcache_flush_no_writeback.c...
nios2-elf-gcc.exe -xc -MP -MMD -c  -I./HAL/inc -I. -I./drivers/inc -pipe -D__hal__ -DALT_NO_C_PLUS_PLUS -DALT_NO_CLEAN_EXIT -D'exit(a)=_exit(a)' -DALT_NO_EXIT -DALT_USE_DIRECT_DRIVERS -DALT_NO_INSTRUCTION_EMULATION -DALT_USE_SMALL_DRIVERS -DSMALL_C_LIB -DALT_SINGLE_THREADED    '-Os' -g -Wall  -mno-hw-div -mno-hw-div -mno-hw-mul -mno-hw-mulx -mgpopt=global   -o obj/HAL/src/alt_dcache_flush_no_writeback.o HAL/src/alt_dcache_flush_no_writeback.c
Compiling alt_dev.c...
nios2-elf-gcc.exe -xc -MP -MMD -c  -I./HAL/inc -I. -I./drivers/inc -pipe -D__hal__ -DALT_NO_C_PLUS_PLUS -DALT_NO_CLEAN_EXIT -D'exit(a)=_exit(a)' -DALT_NO_EXIT -DALT_USE_DIRECT_DRIVERS -DALT_NO_INSTRUCTION_EMULATION -DALT_USE_SMALL_DRIVERS -DSMALL_C_LIB -DALT_SINGLE_THREADED    '-Os' -g -Wall  -mno-hw-div -mno-hw-div -mno-hw-mul -mno-hw-mulx -mgpopt=global   -o obj/HAL/src/alt_dev.o HAL/src/alt_dev.c
Compiling alt_dma_rxchan_open.c...
nios2-elf-gcc.exe -xc -MP -MMD -c  -I./HAL/inc -I. -I./drivers/inc -pipe -D__hal__ -DALT_NO_C_PLUS_PLUS -DALT_NO_CLEAN_EXIT -D'exit(a)=_exit(a)' -DALT_NO_EXIT -DALT_USE_DIRECT_DRIVERS -DALT_NO_INSTRUCTION_EMULATION -DALT_USE_SMALL_DRIVERS -DSMALL_C_LIB -DALT_SINGLE_THREADED    '-Os' -g -Wall  -mno-hw-div -mno-hw-div -mno-hw-mul -mno-hw-mulx -mgpopt=global   -o obj/HAL/src/alt_dma_rxchan_open.o HAL/src/alt_dma_rxchan_open.c
Compiling alt_dma_txchan_open.c...
nios2-elf-gcc.exe -xc -MP -MMD -c  -I./HAL/inc -I. -I./drivers/inc -pipe -D__hal__ -DALT_NO_C_PLUS_PLUS -DALT_NO_CLEAN_EXIT -D'exit(a)=_exit(a)' -DALT_NO_EXIT -DALT_USE_DIRECT_DRIVERS -DALT_NO_INSTRUCTION_EMULATION -DALT_USE_SMALL_DRIVERS -DSMALL_C_LIB -DALT_SINGLE_THREADED    '-Os' -g -Wall  -mno-hw-div -mno-hw-div -mno-hw-mul -mno-hw-mulx -mgpopt=global   -o obj/HAL/src/alt_dma_txchan_open.o HAL/src/alt_dma_txchan_open.c
Compiling alt_ecc_fatal_exception.c...
nios2-elf-gcc.exe -xc -MP -MMD -c  -I./HAL/inc -I. -I./drivers/inc -pipe -D__hal__ -DALT_NO_C_PLUS_PLUS -DALT_NO_CLEAN_EXIT -D'exit(a)=_exit(a)' -DALT_NO_EXIT -DALT_USE_DIRECT_DRIVERS -DALT_NO_INSTRUCTION_EMULATION -DALT_USE_SMALL_DRIVERS -DSMALL_C_LIB -DALT_SINGLE_THREADED    '-Os' -g -Wall  -mno-hw-div -mno-hw-div -mno-hw-mul -mno-hw-mulx -mgpopt=global   -o obj/HAL/src/alt_ecc_fatal_exception.o HAL/src/alt_ecc_fatal_exception.c
Compiling alt_exception_entry.S...
nios2-elf-gcc.exe -MP -MMD -c   '-Os' -g -Wall  -mno-hw-div -mno-hw-div -mno-hw-mul -mno-hw-mulx -mgpopt=global    -I./HAL/inc -I. -I./drivers/inc -pipe -D__hal__ -DALT_NO_C_PLUS_PLUS -DALT_NO_CLEAN_EXIT -D'exit(a)=_exit(a)' -DALT_NO_EXIT -DALT_USE_DIRECT_DRIVERS -DALT_NO_INSTRUCTION_EMULATION -DALT_USE_SMALL_DRIVERS -DSMALL_C_LIB -DALT_SINGLE_THREADED  -Wa,-gdwarf2  -o obj/HAL/src/alt_exception_entry.o HAL/src/alt_exception_entry.S
Compiling alt_exit.c...
nios2-elf-gcc.exe -xc -MP -MMD -c  -I./HAL/inc -I. -I./drivers/inc -pipe -D__hal__ -DALT_NO_C_PLUS_PLUS -DALT_NO_CLEAN_EXIT -D'exit(a)=_exit(a)' -DALT_NO_EXIT -DALT_USE_DIRECT_DRIVERS -DALT_NO_INSTRUCTION_EMULATION -DALT_USE_SMALL_DRIVERS -DSMALL_C_LIB -DALT_SINGLE_THREADED    '-Os' -g -Wall  -mno-hw-div -mno-hw-div -mno-hw-mul -mno-hw-mulx -mgpopt=global   -o obj/HAL/src/alt_exit.o HAL/src/alt_exit.c
Compiling alt_fcntl.c...
nios2-elf-gcc.exe -xc -MP -MMD -c  -I./HAL/inc -I. -I./drivers/inc -pipe -D__hal__ -DALT_NO_C_PLUS_PLUS -DALT_NO_CLEAN_EXIT -D'exit(a)=_exit(a)' -DALT_NO_EXIT -DALT_USE_DIRECT_DRIVERS -DALT_NO_INSTRUCTION_EMULATION -DALT_USE_SMALL_DRIVERS -DSMALL_C_LIB -DALT_SINGLE_THREADED    '-Os' -g -Wall  -mno-hw-div -mno-hw-div -mno-hw-mul -mno-hw-mulx -mgpopt=global   -o obj/HAL/src/alt_fcntl.o HAL/src/alt_fcntl.c
Compiling alt_fd_lock.c...
nios2-elf-gcc.exe -xc -MP -MMD -c  -I./HAL/inc -I. -I./drivers/inc -pipe -D__hal__ -DALT_NO_C_PLUS_PLUS -DALT_NO_CLEAN_EXIT -D'exit(a)=_exit(a)' -DALT_NO_EXIT -DALT_USE_DIRECT_DRIVERS -DALT_NO_INSTRUCTION_EMULATION -DALT_USE_SMALL_DRIVERS -DSMALL_C_LIB -DALT_SINGLE_THREADED    '-Os' -g -Wall  -mno-hw-div -mno-hw-div -mno-hw-mul -mno-hw-mulx -mgpopt=global   -o obj/HAL/src/alt_fd_lock.o HAL/src/alt_fd_lock.c
Compiling alt_fd_unlock.c...
nios2-elf-gcc.exe -xc -MP -MMD -c  -I./HAL/inc -I. -I./drivers/inc -pipe -D__hal__ -DALT_NO_C_PLUS_PLUS -DALT_NO_CLEAN_EXIT -D'exit(a)=_exit(a)' -DALT_NO_EXIT -DALT_USE_DIRECT_DRIVERS -DALT_NO_INSTRUCTION_EMULATION -DALT_USE_SMALL_DRIVERS -DSMALL_C_LIB -DALT_SINGLE_THREADED    '-Os' -g -Wall  -mno-hw-div -mno-hw-div -mno-hw-mul -mno-hw-mulx -mgpopt=global   -o obj/HAL/src/alt_fd_unlock.o HAL/src/alt_fd_unlock.c
Compiling alt_find_dev.c...
nios2-elf-gcc.exe -xc -MP -MMD -c  -I./HAL/inc -I. -I./drivers/inc -pipe -D__hal__ -DALT_NO_C_PLUS_PLUS -DALT_NO_CLEAN_EXIT -D'exit(a)=_exit(a)' -DALT_NO_EXIT -DALT_USE_DIRECT_DRIVERS -DALT_NO_INSTRUCTION_EMULATION -DALT_USE_SMALL_DRIVERS -DSMALL_C_LIB -DALT_SINGLE_THREADED    '-Os' -g -Wall  -mno-hw-div -mno-hw-div -mno-hw-mul -mno-hw-mulx -mgpopt=global   -o obj/HAL/src/alt_find_dev.o HAL/src/alt_find_dev.c
Compiling alt_find_file.c...
nios2-elf-gcc.exe -xc -MP -MMD -c  -I./HAL/inc -I. -I./drivers/inc -pipe -D__hal__ -DALT_NO_C_PLUS_PLUS -DALT_NO_CLEAN_EXIT -D'exit(a)=_exit(a)' -DALT_NO_EXIT -DALT_USE_DIRECT_DRIVERS -DALT_NO_INSTRUCTION_EMULATION -DALT_USE_SMALL_DRIVERS -DSMALL_C_LIB -DALT_SINGLE_THREADED    '-Os' -g -Wall  -mno-hw-div -mno-hw-div -mno-hw-mul -mno-hw-mulx -mgpopt=global   -o obj/HAL/src/alt_find_file.o HAL/src/alt_find_file.c
Compiling alt_flash_dev.c...
nios2-elf-gcc.exe -xc -MP -MMD -c  -I./HAL/inc -I. -I./drivers/inc -pipe -D__hal__ -DALT_NO_C_PLUS_PLUS -DALT_NO_CLEAN_EXIT -D'exit(a)=_exit(a)' -DALT_NO_EXIT -DALT_USE_DIRECT_DRIVERS -DALT_NO_INSTRUCTION_EMULATION -DALT_USE_SMALL_DRIVERS -DSMALL_C_LIB -DALT_SINGLE_THREADED    '-Os' -g -Wall  -mno-hw-div -mno-hw-div -mno-hw-mul -mno-hw-mulx -mgpopt=global   -o obj/HAL/src/alt_flash_dev.o HAL/src/alt_flash_dev.c
Compiling alt_fs_reg.c...
nios2-elf-gcc.exe -xc -MP -MMD -c  -I./HAL/inc -I. -I./drivers/inc -pipe -D__hal__ -DALT_NO_C_PLUS_PLUS -DALT_NO_CLEAN_EXIT -D'exit(a)=_exit(a)' -DALT_NO_EXIT -DALT_USE_DIRECT_DRIVERS -DALT_NO_INSTRUCTION_EMULATION -DALT_USE_SMALL_DRIVERS -DSMALL_C_LIB -DALT_SINGLE_THREADED    '-Os' -g -Wall  -mno-hw-div -mno-hw-div -mno-hw-mul -mno-hw-mulx -mgpopt=global   -o obj/HAL/src/alt_fs_reg.o HAL/src/alt_fs_reg.c
Compiling alt_fstat.c...
nios2-elf-gcc.exe -xc -MP -MMD -c  -I./HAL/inc -I. -I./drivers/inc -pipe -D__hal__ -DALT_NO_C_PLUS_PLUS -DALT_NO_CLEAN_EXIT -D'exit(a)=_exit(a)' -DALT_NO_EXIT -DALT_USE_DIRECT_DRIVERS -DALT_NO_INSTRUCTION_EMULATION -DALT_USE_SMALL_DRIVERS -DSMALL_C_LIB -DALT_SINGLE_THREADED    '-Os' -g -Wall  -mno-hw-div -mno-hw-div -mno-hw-mul -mno-hw-mulx -mgpopt=global   -o obj/HAL/src/alt_fstat.o HAL/src/alt_fstat.c
Compiling alt_get_fd.c...
nios2-elf-gcc.exe -xc -MP -MMD -c  -I./HAL/inc -I. -I./drivers/inc -pipe -D__hal__ -DALT_NO_C_PLUS_PLUS -DALT_NO_CLEAN_EXIT -D'exit(a)=_exit(a)' -DALT_NO_EXIT -DALT_USE_DIRECT_DRIVERS -DALT_NO_INSTRUCTION_EMULATION -DALT_USE_SMALL_DRIVERS -DSMALL_C_LIB -DALT_SINGLE_THREADED    '-Os' -g -Wall  -mno-hw-div -mno-hw-div -mno-hw-mul -mno-hw-mulx -mgpopt=global   -o obj/HAL/src/alt_get_fd.o HAL/src/alt_get_fd.c
Compiling alt_getchar.c...
nios2-elf-gcc.exe -xc -MP -MMD -c  -I./HAL/inc -I. -I./drivers/inc -pipe -D__hal__ -DALT_NO_C_PLUS_PLUS -DALT_NO_CLEAN_EXIT -D'exit(a)=_exit(a)' -DALT_NO_EXIT -DALT_USE_DIRECT_DRIVERS -DALT_NO_INSTRUCTION_EMULATION -DALT_USE_SMALL_DRIVERS -DSMALL_C_LIB -DALT_SINGLE_THREADED    '-Os' -g -Wall  -mno-hw-div -mno-hw-div -mno-hw-mul -mno-hw-mulx -mgpopt=global   -o obj/HAL/src/alt_getchar.o HAL/src/alt_getchar.c
In file included from HAL/src/alt_getchar.c:36:
./system.h: In function 'alt_getchar':
./system.h:136:32: warning: 'c' may be used uninitialized [-Wmaybe-uninitialized]
  136 | #define ALT_MODULE_CLASS_DEBUG altera_avalon_jtag_uart
      |                                ^~~~~~~~~~~~~~~~~~~~~~~
In file included from HAL/src/alt_getchar.c:37:
./system.h:136:32: note: by argument 2 of type 'const char *' to 'altera_avalon_jtag_uart_read' declared here
  136 | #define ALT_MODULE_CLASS_DEBUG altera_avalon_jtag_uart
      |                                ^~~~~~~~~~~~~~~~~~~~~~~
./HAL/inc/sys/alt_driver.h:76:3: note: in definition of macro 'ALT_DRIVER_FUNC_NAME2'
   76 |   module_class ## _ ## func
      |   ^~~~~~~~~~~~
./HAL/inc/sys/alt_driver.h:72:3: note: in expansion of macro 'ALT_DRIVER_FUNC_NAME1'
   72 |   ALT_DRIVER_FUNC_NAME1(ALT_MODULE_CLASS(instance), func)
      |   ^~~~~~~~~~~~~~~~~~~~~
./HAL/inc/sys/alt_driver.h:53:36: note: in expansion of macro 'ALT_MODULE_CLASS_DEBUG'
   53 | #define ALT_MODULE_CLASS(instance) ALT_MODULE_CLASS_ ## instance
      |                                    ^~~~~~~~~~~~~~~~~
./HAL/inc/sys/alt_driver.h:72:25: note: in expansion of macro 'ALT_MODULE_CLASS'
   72 |   ALT_DRIVER_FUNC_NAME1(ALT_MODULE_CLASS(instance), func)
      |                         ^~~~~~~~~~~~~~~~
./HAL/inc/sys/alt_driver.h:144:16: note: in expansion of macro 'ALT_DRIVER_FUNC_NAME'
  144 |     extern int ALT_DRIVER_FUNC_NAME(instance, read)                         \
      |                ^~~~~~~~~~~~~~~~~~~~
HAL/src/alt_getchar.c:59:5: note: in expansion of macro 'ALT_DRIVER_READ_EXTERNS'
   59 |     ALT_DRIVER_READ_EXTERNS(ALT_STDIN_DEV);
      |     ^~~~~~~~~~~~~~~~~~~~~~~
HAL/src/alt_getchar.c:60:10: note: 'c' declared here
   60 |     char c;
      |          ^
Compiling alt_gmon.c...
nios2-elf-gcc.exe -xc -MP -MMD -c  -I./HAL/inc -I. -I./drivers/inc -pipe -D__hal__ -DALT_NO_C_PLUS_PLUS -DALT_NO_CLEAN_EXIT -D'exit(a)=_exit(a)' -DALT_NO_EXIT -DALT_USE_DIRECT_DRIVERS -DALT_NO_INSTRUCTION_EMULATION -DALT_USE_SMALL_DRIVERS -DSMALL_C_LIB -DALT_SINGLE_THREADED    '-Os' -g -Wall  -mno-hw-div -mno-hw-div -mno-hw-mul -mno-hw-mulx -mgpopt=global   -o obj/HAL/src/alt_gmon.o HAL/src/alt_gmon.c
Compiling alt_icache_flush.c...
nios2-elf-gcc.exe -xc -MP -MMD -c  -I./HAL/inc -I. -I./drivers/inc -pipe -D__hal__ -DALT_NO_C_PLUS_PLUS -DALT_NO_CLEAN_EXIT -D'exit(a)=_exit(a)' -DALT_NO_EXIT -DALT_USE_DIRECT_DRIVERS -DALT_NO_INSTRUCTION_EMULATION -DALT_USE_SMALL_DRIVERS -DSMALL_C_LIB -DALT_SINGLE_THREADED    '-Os' -g -Wall  -mno-hw-div -mno-hw-div -mno-hw-mul -mno-hw-mulx -mgpopt=global   -o obj/HAL/src/alt_icache_flush.o HAL/src/alt_icache_flush.c
Compiling alt_icache_flush_all.c...
nios2-elf-gcc.exe -xc -MP -MMD -c  -I./HAL/inc -I. -I./drivers/inc -pipe -D__hal__ -DALT_NO_C_PLUS_PLUS -DALT_NO_CLEAN_EXIT -D'exit(a)=_exit(a)' -DALT_NO_EXIT -DALT_USE_DIRECT_DRIVERS -DALT_NO_INSTRUCTION_EMULATION -DALT_USE_SMALL_DRIVERS -DSMALL_C_LIB -DALT_SINGLE_THREADED    '-Os' -g -Wall  -mno-hw-div -mno-hw-div -mno-hw-mul -mno-hw-mulx -mgpopt=global   -o obj/HAL/src/alt_icache_flush_all.o HAL/src/alt_icache_flush_all.c
Compiling alt_iic.c...
nios2-elf-gcc.exe -xc -MP -MMD -c  -I./HAL/inc -I. -I./drivers/inc -pipe -D__hal__ -DALT_NO_C_PLUS_PLUS -DALT_NO_CLEAN_EXIT -D'exit(a)=_exit(a)' -DALT_NO_EXIT -DALT_USE_DIRECT_DRIVERS -DALT_NO_INSTRUCTION_EMULATION -DALT_USE_SMALL_DRIVERS -DSMALL_C_LIB -DALT_SINGLE_THREADED    '-Os' -g -Wall  -mno-hw-div -mno-hw-div -mno-hw-mul -mno-hw-mulx -mgpopt=global   -o obj/HAL/src/alt_iic.o HAL/src/alt_iic.c
Compiling alt_iic_isr_register.c...
nios2-elf-gcc.exe -xc -MP -MMD -c  -I./HAL/inc -I. -I./drivers/inc -pipe -D__hal__ -DALT_NO_C_PLUS_PLUS -DALT_NO_CLEAN_EXIT -D'exit(a)=_exit(a)' -DALT_NO_EXIT -DALT_USE_DIRECT_DRIVERS -DALT_NO_INSTRUCTION_EMULATION -DALT_USE_SMALL_DRIVERS -DSMALL_C_LIB -DALT_SINGLE_THREADED    '-Os' -g -Wall  -mno-hw-div -mno-hw-div -mno-hw-mul -mno-hw-mulx -mgpopt=global   -o obj/HAL/src/alt_iic_isr_register.o HAL/src/alt_iic_isr_register.c
Compiling alt_instruction_exception_entry.c...
nios2-elf-gcc.exe -xc -MP -MMD -c  -I./HAL/inc -I. -I./drivers/inc -pipe -D__hal__ -DALT_NO_C_PLUS_PLUS -DALT_NO_CLEAN_EXIT -D'exit(a)=_exit(a)' -DALT_NO_EXIT -DALT_USE_DIRECT_DRIVERS -DALT_NO_INSTRUCTION_EMULATION -DALT_USE_SMALL_DRIVERS -DSMALL_C_LIB -DALT_SINGLE_THREADED    '-Os' -g -Wall  -mno-hw-div -mno-hw-div -mno-hw-mul -mno-hw-mulx -mgpopt=global   -o obj/HAL/src/alt_instruction_exception_entry.o HAL/src/alt_instruction_exception_entry.c
Compiling alt_instruction_exception_register.c...
nios2-elf-gcc.exe -xc -MP -MMD -c  -I./HAL/inc -I. -I./drivers/inc -pipe -D__hal__ -DALT_NO_C_PLUS_PLUS -DALT_NO_CLEAN_EXIT -D'exit(a)=_exit(a)' -DALT_NO_EXIT -DALT_USE_DIRECT_DRIVERS -DALT_NO_INSTRUCTION_EMULATION -DALT_USE_SMALL_DRIVERS -DSMALL_C_LIB -DALT_SINGLE_THREADED    '-Os' -g -Wall  -mno-hw-div -mno-hw-div -mno-hw-mul -mno-hw-mulx -mgpopt=global   -o obj/HAL/src/alt_instruction_exception_register.o HAL/src/alt_instruction_exception_register.c
Compiling alt_io_redirect.c...
nios2-elf-gcc.exe -xc -MP -MMD -c  -I./HAL/inc -I. -I./drivers/inc -pipe -D__hal__ -DALT_NO_C_PLUS_PLUS -DALT_NO_CLEAN_EXIT -D'exit(a)=_exit(a)' -DALT_NO_EXIT -DALT_USE_DIRECT_DRIVERS -DALT_NO_INSTRUCTION_EMULATION -DALT_USE_SMALL_DRIVERS -DSMALL_C_LIB -DALT_SINGLE_THREADED    '-Os' -g -Wall  -mno-hw-div -mno-hw-div -mno-hw-mul -mno-hw-mulx -mgpopt=global   -o obj/HAL/src/alt_io_redirect.o HAL/src/alt_io_redirect.c
Compiling alt_ioctl.c...
nios2-elf-gcc.exe -xc -MP -MMD -c  -I./HAL/inc -I. -I./drivers/inc -pipe -D__hal__ -DALT_NO_C_PLUS_PLUS -DALT_NO_CLEAN_EXIT -D'exit(a)=_exit(a)' -DALT_NO_EXIT -DALT_USE_DIRECT_DRIVERS -DALT_NO_INSTRUCTION_EMULATION -DALT_USE_SMALL_DRIVERS -DSMALL_C_LIB -DALT_SINGLE_THREADED    '-Os' -g -Wall  -mno-hw-div -mno-hw-div -mno-hw-mul -mno-hw-mulx -mgpopt=global   -o obj/HAL/src/alt_ioctl.o HAL/src/alt_ioctl.c
Compiling alt_irq_entry.S...
nios2-elf-gcc.exe -MP -MMD -c   '-Os' -g -Wall  -mno-hw-div -mno-hw-div -mno-hw-mul -mno-hw-mulx -mgpopt=global    -I./HAL/inc -I. -I./drivers/inc -pipe -D__hal__ -DALT_NO_C_PLUS_PLUS -DALT_NO_CLEAN_EXIT -D'exit(a)=_exit(a)' -DALT_NO_EXIT -DALT_USE_DIRECT_DRIVERS -DALT_NO_INSTRUCTION_EMULATION -DALT_USE_SMALL_DRIVERS -DSMALL_C_LIB -DALT_SINGLE_THREADED  -Wa,-gdwarf2  -o obj/HAL/src/alt_irq_entry.o HAL/src/alt_irq_entry.S
Compiling alt_irq_handler.c...
nios2-elf-gcc.exe -xc -MP -MMD -c  -I./HAL/inc -I. -I./drivers/inc -pipe -D__hal__ -DALT_NO_C_PLUS_PLUS -DALT_NO_CLEAN_EXIT -D'exit(a)=_exit(a)' -DALT_NO_EXIT -DALT_USE_DIRECT_DRIVERS -DALT_NO_INSTRUCTION_EMULATION -DALT_USE_SMALL_DRIVERS -DSMALL_C_LIB -DALT_SINGLE_THREADED    '-Os' -g -Wall  -mno-hw-div -mno-hw-div -mno-hw-mul -mno-hw-mulx -mgpopt=global   -o obj/HAL/src/alt_irq_handler.o HAL/src/alt_irq_handler.c
Compiling alt_irq_register.c...
nios2-elf-gcc.exe -xc -MP -MMD -c  -I./HAL/inc -I. -I./drivers/inc -pipe -D__hal__ -DALT_NO_C_PLUS_PLUS -DALT_NO_CLEAN_EXIT -D'exit(a)=_exit(a)' -DALT_NO_EXIT -DALT_USE_DIRECT_DRIVERS -DALT_NO_INSTRUCTION_EMULATION -DALT_USE_SMALL_DRIVERS -DSMALL_C_LIB -DALT_SINGLE_THREADED    '-Os' -g -Wall  -mno-hw-div -mno-hw-div -mno-hw-mul -mno-hw-mulx -mgpopt=global   -o obj/HAL/src/alt_irq_register.o HAL/src/alt_irq_register.c
Compiling alt_irq_vars.c...
nios2-elf-gcc.exe -xc -MP -MMD -c  -I./HAL/inc -I. -I./drivers/inc -pipe -D__hal__ -DALT_NO_C_PLUS_PLUS -DALT_NO_CLEAN_EXIT -D'exit(a)=_exit(a)' -DALT_NO_EXIT -DALT_USE_DIRECT_DRIVERS -DALT_NO_INSTRUCTION_EMULATION -DALT_USE_SMALL_DRIVERS -DSMALL_C_LIB -DALT_SINGLE_THREADED    '-Os' -g -Wall  -mno-hw-div -mno-hw-div -mno-hw-mul -mno-hw-mulx -mgpopt=global   -o obj/HAL/src/alt_irq_vars.o HAL/src/alt_irq_vars.c
Compiling alt_isatty.c...
nios2-elf-gcc.exe -xc -MP -MMD -c  -I./HAL/inc -I. -I./drivers/inc -pipe -D__hal__ -DALT_NO_C_PLUS_PLUS -DALT_NO_CLEAN_EXIT -D'exit(a)=_exit(a)' -DALT_NO_EXIT -DALT_USE_DIRECT_DRIVERS -DALT_NO_INSTRUCTION_EMULATION -DALT_USE_SMALL_DRIVERS -DSMALL_C_LIB -DALT_SINGLE_THREADED    '-Os' -g -Wall  -mno-hw-div -mno-hw-div -mno-hw-mul -mno-hw-mulx -mgpopt=global   -o obj/HAL/src/alt_isatty.o HAL/src/alt_isatty.c
Compiling alt_lseek.c...
nios2-elf-gcc.exe -xc -MP -MMD -c  -I./HAL/inc -I. -I./drivers/inc -pipe -D__hal__ -DALT_NO_C_PLUS_PLUS -DALT_NO_CLEAN_EXIT -D'exit(a)=_exit(a)' -DALT_NO_EXIT -DALT_USE_DIRECT_DRIVERS -DALT_NO_INSTRUCTION_EMULATION -DALT_USE_SMALL_DRIVERS -DSMALL_C_LIB -DALT_SINGLE_THREADED    '-Os' -g -Wall  -mno-hw-div -mno-hw-div -mno-hw-mul -mno-hw-mulx -mgpopt=global   -o obj/HAL/src/alt_lseek.o HAL/src/alt_lseek.c
Compiling alt_main.c...
nios2-elf-gcc.exe -xc -MP -MMD -c  -I./HAL/inc -I. -I./drivers/inc -pipe -D__hal__ -DALT_NO_C_PLUS_PLUS -DALT_NO_CLEAN_EXIT -D'exit(a)=_exit(a)' -DALT_NO_EXIT -DALT_USE_DIRECT_DRIVERS -DALT_NO_INSTRUCTION_EMULATION -DALT_USE_SMALL_DRIVERS -DSMALL_C_LIB -DALT_SINGLE_THREADED    '-Os' -g -Wall  -mno-hw-div -mno-hw-div -mno-hw-mul -mno-hw-mulx -mgpopt=global   -o obj/HAL/src/alt_main.o HAL/src/alt_main.c
Compiling alt_open.c...
nios2-elf-gcc.exe -xc -MP -MMD -c  -I./HAL/inc -I. -I./drivers/inc -pipe -D__hal__ -DALT_NO_C_PLUS_PLUS -DALT_NO_CLEAN_EXIT -D'exit(a)=_exit(a)' -DALT_NO_EXIT -DALT_USE_DIRECT_DRIVERS -DALT_NO_INSTRUCTION_EMULATION -DALT_USE_SMALL_DRIVERS -DSMALL_C_LIB -DALT_SINGLE_THREADED    '-Os' -g -Wall  -mno-hw-div -mno-hw-div -mno-hw-mul -mno-hw-mulx -mgpopt=global   -o obj/HAL/src/alt_open.o HAL/src/alt_open.c
Compiling alt_putchar.c...
nios2-elf-gcc.exe -xc -MP -MMD -c  -I./HAL/inc -I. -I./drivers/inc -pipe -D__hal__ -DALT_NO_C_PLUS_PLUS -DALT_NO_CLEAN_EXIT -D'exit(a)=_exit(a)' -DALT_NO_EXIT -DALT_USE_DIRECT_DRIVERS -DALT_NO_INSTRUCTION_EMULATION -DALT_USE_SMALL_DRIVERS -DSMALL_C_LIB -DALT_SINGLE_THREADED    '-Os' -g -Wall  -mno-hw-div -mno-hw-div -mno-hw-mul -mno-hw-mulx -mgpopt=global   -o obj/HAL/src/alt_putchar.o HAL/src/alt_putchar.c
Compiling alt_putstr.c...
nios2-elf-gcc.exe -xc -MP -MMD -c  -I./HAL/inc -I. -I./drivers/inc -pipe -D__hal__ -DALT_NO_C_PLUS_PLUS -DALT_NO_CLEAN_EXIT -D'exit(a)=_exit(a)' -DALT_NO_EXIT -DALT_USE_DIRECT_DRIVERS -DALT_NO_INSTRUCTION_EMULATION -DALT_USE_SMALL_DRIVERS -DSMALL_C_LIB -DALT_SINGLE_THREADED    '-Os' -g -Wall  -mno-hw-div -mno-hw-div -mno-hw-mul -mno-hw-mulx -mgpopt=global   -o obj/HAL/src/alt_putstr.o HAL/src/alt_putstr.c
Compiling alt_read.c...
nios2-elf-gcc.exe -xc -MP -MMD -c  -I./HAL/inc -I. -I./drivers/inc -pipe -D__hal__ -DALT_NO_C_PLUS_PLUS -DALT_NO_CLEAN_EXIT -D'exit(a)=_exit(a)' -DALT_NO_EXIT -DALT_USE_DIRECT_DRIVERS -DALT_NO_INSTRUCTION_EMULATION -DALT_USE_SMALL_DRIVERS -DSMALL_C_LIB -DALT_SINGLE_THREADED    '-Os' -g -Wall  -mno-hw-div -mno-hw-div -mno-hw-mul -mno-hw-mulx -mgpopt=global   -o obj/HAL/src/alt_read.o HAL/src/alt_read.c
Compiling alt_release_fd.c...
nios2-elf-gcc.exe -xc -MP -MMD -c  -I./HAL/inc -I. -I./drivers/inc -pipe -D__hal__ -DALT_NO_C_PLUS_PLUS -DALT_NO_CLEAN_EXIT -D'exit(a)=_exit(a)' -DALT_NO_EXIT -DALT_USE_DIRECT_DRIVERS -DALT_NO_INSTRUCTION_EMULATION -DALT_USE_SMALL_DRIVERS -DSMALL_C_LIB -DALT_SINGLE_THREADED    '-Os' -g -Wall  -mno-hw-div -mno-hw-div -mno-hw-mul -mno-hw-mulx -mgpopt=global   -o obj/HAL/src/alt_release_fd.o HAL/src/alt_release_fd.c
Compiling alt_remap_cached.c...
nios2-elf-gcc.exe -xc -MP -MMD -c  -I./HAL/inc -I. -I./drivers/inc -pipe -D__hal__ -DALT_NO_C_PLUS_PLUS -DALT_NO_CLEAN_EXIT -D'exit(a)=_exit(a)' -DALT_NO_EXIT -DALT_USE_DIRECT_DRIVERS -DALT_NO_INSTRUCTION_EMULATION -DALT_USE_SMALL_DRIVERS -DSMALL_C_LIB -DALT_SINGLE_THREADED    '-Os' -g -Wall  -mno-hw-div -mno-hw-div -mno-hw-mul -mno-hw-mulx -mgpopt=global   -o obj/HAL/src/alt_remap_cached.o HAL/src/alt_remap_cached.c
Compiling alt_remap_uncached.c...
nios2-elf-gcc.exe -xc -MP -MMD -c  -I./HAL/inc -I. -I./drivers/inc -pipe -D__hal__ -DALT_NO_C_PLUS_PLUS -DALT_NO_CLEAN_EXIT -D'exit(a)=_exit(a)' -DALT_NO_EXIT -DALT_USE_DIRECT_DRIVERS -DALT_NO_INSTRUCTION_EMULATION -DALT_USE_SMALL_DRIVERS -DSMALL_C_LIB -DALT_SINGLE_THREADED    '-Os' -g -Wall  -mno-hw-div -mno-hw-div -mno-hw-mul -mno-hw-mulx -mgpopt=global   -o obj/HAL/src/alt_remap_uncached.o HAL/src/alt_remap_uncached.c
Compiling alt_sbrk.c...
nios2-elf-gcc.exe -xc -MP -MMD -c  -I./HAL/inc -I. -I./drivers/inc -pipe -D__hal__ -DALT_NO_C_PLUS_PLUS -DALT_NO_CLEAN_EXIT -D'exit(a)=_exit(a)' -DALT_NO_EXIT -DALT_USE_DIRECT_DRIVERS -DALT_NO_INSTRUCTION_EMULATION -DALT_USE_SMALL_DRIVERS -DSMALL_C_LIB -DALT_SINGLE_THREADED    '-Os' -g -Wall  -mno-hw-div -mno-hw-div -mno-hw-mul -mno-hw-mulx -mgpopt=global   -o obj/HAL/src/alt_sbrk.o HAL/src/alt_sbrk.c
Compiling alt_software_exception.S...
nios2-elf-gcc.exe -MP -MMD -c   '-Os' -g -Wall  -mno-hw-div -mno-hw-div -mno-hw-mul -mno-hw-mulx -mgpopt=global    -I./HAL/inc -I. -I./drivers/inc -pipe -D__hal__ -DALT_NO_C_PLUS_PLUS -DALT_NO_CLEAN_EXIT -D'exit(a)=_exit(a)' -DALT_NO_EXIT -DALT_USE_DIRECT_DRIVERS -DALT_NO_INSTRUCTION_EMULATION -DALT_USE_SMALL_DRIVERS -DSMALL_C_LIB -DALT_SINGLE_THREADED  -Wa,-gdwarf2  -o obj/HAL/src/alt_software_exception.o HAL/src/alt_software_exception.S
Compiling alt_tick.c...
nios2-elf-gcc.exe -xc -MP -MMD -c  -I./HAL/inc -I. -I./drivers/inc -pipe -D__hal__ -DALT_NO_C_PLUS_PLUS -DALT_NO_CLEAN_EXIT -D'exit(a)=_exit(a)' -DALT_NO_EXIT -DALT_USE_DIRECT_DRIVERS -DALT_NO_INSTRUCTION_EMULATION -DALT_USE_SMALL_DRIVERS -DSMALL_C_LIB -DALT_SINGLE_THREADED    '-Os' -g -Wall  -mno-hw-div -mno-hw-div -mno-hw-mul -mno-hw-mulx -mgpopt=global   -o obj/HAL/src/alt_tick.o HAL/src/alt_tick.c
Compiling alt_uncached_free.c...
nios2-elf-gcc.exe -xc -MP -MMD -c  -I./HAL/inc -I. -I./drivers/inc -pipe -D__hal__ -DALT_NO_C_PLUS_PLUS -DALT_NO_CLEAN_EXIT -D'exit(a)=_exit(a)' -DALT_NO_EXIT -DALT_USE_DIRECT_DRIVERS -DALT_NO_INSTRUCTION_EMULATION -DALT_USE_SMALL_DRIVERS -DSMALL_C_LIB -DALT_SINGLE_THREADED    '-Os' -g -Wall  -mno-hw-div -mno-hw-div -mno-hw-mul -mno-hw-mulx -mgpopt=global   -o obj/HAL/src/alt_uncached_free.o HAL/src/alt_uncached_free.c
Compiling alt_uncached_malloc.c...
nios2-elf-gcc.exe -xc -MP -MMD -c  -I./HAL/inc -I. -I./drivers/inc -pipe -D__hal__ -DALT_NO_C_PLUS_PLUS -DALT_NO_CLEAN_EXIT -D'exit(a)=_exit(a)' -DALT_NO_EXIT -DALT_USE_DIRECT_DRIVERS -DALT_NO_INSTRUCTION_EMULATION -DALT_USE_SMALL_DRIVERS -DSMALL_C_LIB -DALT_SINGLE_THREADED    '-Os' -g -Wall  -mno-hw-div -mno-hw-div -mno-hw-mul -mno-hw-mulx -mgpopt=global   -o obj/HAL/src/alt_uncached_malloc.o HAL/src/alt_uncached_malloc.c
Compiling alt_write.c...
nios2-elf-gcc.exe -xc -MP -MMD -c  -I./HAL/inc -I. -I./drivers/inc -pipe -D__hal__ -DALT_NO_C_PLUS_PLUS -DALT_NO_CLEAN_EXIT -D'exit(a)=_exit(a)' -DALT_NO_EXIT -DALT_USE_DIRECT_DRIVERS -DALT_NO_INSTRUCTION_EMULATION -DALT_USE_SMALL_DRIVERS -DSMALL_C_LIB -DALT_SINGLE_THREADED    '-Os' -g -Wall  -mno-hw-div -mno-hw-div -mno-hw-mul -mno-hw-mulx -mgpopt=global   -o obj/HAL/src/alt_write.o HAL/src/alt_write.c
Compiling altera_nios2_gen2_irq.c...
nios2-elf-gcc.exe -xc -MP -MMD -c  -I./HAL/inc -I. -I./drivers/inc -pipe -D__hal__ -DALT_NO_C_PLUS_PLUS -DALT_NO_CLEAN_EXIT -D'exit(a)=_exit(a)' -DALT_NO_EXIT -DALT_USE_DIRECT_DRIVERS -DALT_NO_INSTRUCTION_EMULATION -DALT_USE_SMALL_DRIVERS -DSMALL_C_LIB -DALT_SINGLE_THREADED    '-Os' -g -Wall  -mno-hw-div -mno-hw-div -mno-hw-mul -mno-hw-mulx -mgpopt=global   -o obj/HAL/src/altera_nios2_gen2_irq.o HAL/src/altera_nios2_gen2_irq.c
Compiling crt0.S...
nios2-elf-gcc.exe -MP -MMD -c   '-Os' -g -Wall  -mno-hw-div -mno-hw-div -mno-hw-mul -mno-hw-mulx -mgpopt=global    -I./HAL/inc -I. -I./drivers/inc -pipe -D__hal__ -DALT_NO_C_PLUS_PLUS -DALT_NO_CLEAN_EXIT -D'exit(a)=_exit(a)' -DALT_NO_EXIT -DALT_USE_DIRECT_DRIVERS -DALT_NO_INSTRUCTION_EMULATION -DALT_USE_SMALL_DRIVERS -DSMALL_C_LIB -DALT_SINGLE_THREADED  -Wa,-gdwarf2  -o obj/HAL/src/crt0.o HAL/src/crt0.S
Compiling alt_sys_init.c...
nios2-elf-gcc.exe -xc -MP -MMD -c  -I./HAL/inc -I. -I./drivers/inc -pipe -D__hal__ -DALT_NO_C_PLUS_PLUS -DALT_NO_CLEAN_EXIT -D'exit(a)=_exit(a)' -DALT_NO_EXIT -DALT_USE_DIRECT_DRIVERS -DALT_NO_INSTRUCTION_EMULATION -DALT_USE_SMALL_DRIVERS -DSMALL_C_LIB -DALT_SINGLE_THREADED    '-Os' -g -Wall  -mno-hw-div -mno-hw-div -mno-hw-mul -mno-hw-mulx -mgpopt=global   -o obj/alt_sys_init.o alt_sys_init.c
Compiling altera_avalon_jtag_uart_fd.c...
nios2-elf-gcc.exe -xc -MP -MMD -c  -I./HAL/inc -I. -I./drivers/inc -pipe -D__hal__ -DALT_NO_C_PLUS_PLUS -DALT_NO_CLEAN_EXIT -D'exit(a)=_exit(a)' -DALT_NO_EXIT -DALT_USE_DIRECT_DRIVERS -DALT_NO_INSTRUCTION_EMULATION -DALT_USE_SMALL_DRIVERS -DSMALL_C_LIB -DALT_SINGLE_THREADED    '-Os' -g -Wall  -mno-hw-div -mno-hw-div -mno-hw-mul -mno-hw-mulx -mgpopt=global   -o obj/drivers/src/altera_avalon_jtag_uart_fd.o drivers/src/altera_avalon_jtag_uart_fd.c
Compiling altera_avalon_jtag_uart_init.c...
nios2-elf-gcc.exe -xc -MP -MMD -c  -I./HAL/inc -I. -I./drivers/inc -pipe -D__hal__ -DALT_NO_C_PLUS_PLUS -DALT_NO_CLEAN_EXIT -D'exit(a)=_exit(a)' -DALT_NO_EXIT -DALT_USE_DIRECT_DRIVERS -DALT_NO_INSTRUCTION_EMULATION -DALT_USE_SMALL_DRIVERS -DSMALL_C_LIB -DALT_SINGLE_THREADED    '-Os' -g -Wall  -mno-hw-div -mno-hw-div -mno-hw-mul -mno-hw-mulx -mgpopt=global   -o obj/drivers/src/altera_avalon_jtag_uart_init.o drivers/src/altera_avalon_jtag_uart_init.c
Compiling altera_avalon_jtag_uart_ioctl.c...
nios2-elf-gcc.exe -xc -MP -MMD -c  -I./HAL/inc -I. -I./drivers/inc -pipe -D__hal__ -DALT_NO_C_PLUS_PLUS -DALT_NO_CLEAN_EXIT -D'exit(a)=_exit(a)' -DALT_NO_EXIT -DALT_USE_DIRECT_DRIVERS -DALT_NO_INSTRUCTION_EMULATION -DALT_USE_SMALL_DRIVERS -DSMALL_C_LIB -DALT_SINGLE_THREADED    '-Os' -g -Wall  -mno-hw-div -mno-hw-div -mno-hw-mul -mno-hw-mulx -mgpopt=global   -o obj/drivers/src/altera_avalon_jtag_uart_ioctl.o drivers/src/altera_avalon_jtag_uart_ioctl.c
Compiling altera_avalon_jtag_uart_read.c...
nios2-elf-gcc.exe -xc -MP -MMD -c  -I./HAL/inc -I. -I./drivers/inc -pipe -D__hal__ -DALT_NO_C_PLUS_PLUS -DALT_NO_CLEAN_EXIT -D'exit(a)=_exit(a)' -DALT_NO_EXIT -DALT_USE_DIRECT_DRIVERS -DALT_NO_INSTRUCTION_EMULATION -DALT_USE_SMALL_DRIVERS -DSMALL_C_LIB -DALT_SINGLE_THREADED    '-Os' -g -Wall  -mno-hw-div -mno-hw-div -mno-hw-mul -mno-hw-mulx -mgpopt=global   -o obj/drivers/src/altera_avalon_jtag_uart_read.o drivers/src/altera_avalon_jtag_uart_read.c
Compiling altera_avalon_jtag_uart_write.c...
nios2-elf-gcc.exe -xc -MP -MMD -c  -I./HAL/inc -I. -I./drivers/inc -pipe -D__hal__ -DALT_NO_C_PLUS_PLUS -DALT_NO_CLEAN_EXIT -D'exit(a)=_exit(a)' -DALT_NO_EXIT -DALT_USE_DIRECT_DRIVERS -DALT_NO_INSTRUCTION_EMULATION -DALT_USE_SMALL_DRIVERS -DSMALL_C_LIB -DALT_SINGLE_THREADED    '-Os' -g -Wall  -mno-hw-div -mno-hw-div -mno-hw-mul -mno-hw-mulx -mgpopt=global   -o obj/drivers/src/altera_avalon_jtag_uart_write.o drivers/src/altera_avalon_jtag_uart_write.c
Compiling altera_avalon_sysid_qsys.c...
nios2-elf-gcc.exe -xc -MP -MMD -c  -I./HAL/inc -I. -I./drivers/inc -pipe -D__hal__ -DALT_NO_C_PLUS_PLUS -DALT_NO_CLEAN_EXIT -D'exit(a)=_exit(a)' -DALT_NO_EXIT -DALT_USE_DIRECT_DRIVERS -DALT_NO_INSTRUCTION_EMULATION -DALT_USE_SMALL_DRIVERS -DSMALL_C_LIB -DALT_SINGLE_THREADED    '-Os' -g -Wall  -mno-hw-div -mno-hw-div -mno-hw-mul -mno-hw-mulx -mgpopt=global   -o obj/drivers/src/altera_avalon_sysid_qsys.o drivers/src/altera_avalon_sysid_qsys.c
Compiling altera_avalon_timer_sc.c...
nios2-elf-gcc.exe -xc -MP -MMD -c  -I./HAL/inc -I. -I./drivers/inc -pipe -D__hal__ -DALT_NO_C_PLUS_PLUS -DALT_NO_CLEAN_EXIT -D'exit(a)=_exit(a)' -DALT_NO_EXIT -DALT_USE_DIRECT_DRIVERS -DALT_NO_INSTRUCTION_EMULATION -DALT_USE_SMALL_DRIVERS -DSMALL_C_LIB -DALT_SINGLE_THREADED    '-Os' -g -Wall  -mno-hw-div -mno-hw-div -mno-hw-mul -mno-hw-mulx -mgpopt=global   -o obj/drivers/src/altera_avalon_timer_sc.o drivers/src/altera_avalon_timer_sc.c
Compiling altera_avalon_timer_ts.c...
nios2-elf-gcc.exe -xc -MP -MMD -c  -I./HAL/inc -I. -I./drivers/inc -pipe -D__hal__ -DALT_NO_C_PLUS_PLUS -DALT_NO_CLEAN_EXIT -D'exit(a)=_exit(a)' -DALT_NO_EXIT -DALT_USE_DIRECT_DRIVERS -DALT_NO_INSTRUCTION_EMULATION -DALT_USE_SMALL_DRIVERS -DSMALL_C_LIB -DALT_SINGLE_THREADED    '-Os' -g -Wall  -mno-hw-div -mno-hw-div -mno-hw-mul -mno-hw-mulx -mgpopt=global   -o obj/drivers/src/altera_avalon_timer_ts.o drivers/src/altera_avalon_timer_ts.c
Compiling altera_avalon_timer_vars.c...
nios2-elf-gcc.exe -xc -MP -MMD -c  -I./HAL/inc -I. -I./drivers/inc -pipe -D__hal__ -DALT_NO_C_PLUS_PLUS -DALT_NO_CLEAN_EXIT -D'exit(a)=_exit(a)' -DALT_NO_EXIT -DALT_USE_DIRECT_DRIVERS -DALT_NO_INSTRUCTION_EMULATION -DALT_USE_SMALL_DRIVERS -DSMALL_C_LIB -DALT_SINGLE_THREADED    '-Os' -g -Wall  -mno-hw-div -mno-hw-div -mno-hw-mul -mno-hw-mulx -mgpopt=global   -o obj/drivers/src/altera_avalon_timer_vars.o drivers/src/altera_avalon_timer_vars.c
Creating libhal_bsp.a...
rm -f -f libhal_bsp.a
nios2-elf-ar.exe -src libhal_bsp.a obj/HAL/src/alt_alarm_start.o obj/HAL/src/alt_busy_sleep.o obj/HAL/src/alt_close.o obj/HAL/src/alt_dcache_flush.o obj/HAL/src/alt_dcache_flush_all.o obj/HAL/src/alt_dcache_flush_no_writeback.o obj/HAL/src/alt_dev.o obj/HAL/src/alt_dev_llist_insert.o obj/HAL/src/alt_dma_rxchan_open.o obj/HAL/src/alt_dma_txchan_open.o obj/HAL/src/alt_do_ctors.o obj/HAL/src/alt_do_dtors.o obj/HAL/src/alt_ecc_fatal_entry.o obj/HAL/src/alt_ecc_fatal_exception.o obj/HAL/src/alt_env_lock.o obj/HAL/src/alt_environ.o obj/HAL/src/alt_errno.o obj/HAL/src/alt_exception_entry.o obj/HAL/src/alt_exception_muldiv.o obj/HAL/src/alt_exception_trap.o obj/HAL/src/alt_execve.o obj/HAL/src/alt_exit.o obj/HAL/src/alt_fcntl.o obj/HAL/src/alt_fd_lock.o obj/HAL/src/alt_fd_unlock.o obj/HAL/src/alt_find_dev.o obj/HAL/src/alt_find_file.o obj/HAL/src/alt_flash_dev.o obj/HAL/src/alt_fork.o obj/HAL/src/alt_fs_reg.o obj/HAL/src/alt_fstat.o obj/HAL/src/alt_get_fd.o obj/HAL/src/alt_getchar.o obj/HAL/src/alt_getpid.o obj/HAL/src/alt_gettod.o obj/HAL/src/alt_gmon.o obj/HAL/src/alt_icache_flush.o obj/HAL/src/alt_icache_flush_all.o obj/HAL/src/alt_iic.o obj/HAL/src/alt_iic_isr_register.o obj/HAL/src/alt_instruction_exception_entry.o obj/HAL/src/alt_instruction_exception_register.o obj/HAL/src/alt_io_redirect.o obj/HAL/src/alt_ioctl.o obj/HAL/src/alt_irq_entry.o obj/HAL/src/alt_irq_handler.o obj/HAL/src/alt_irq_register.o obj/HAL/src/alt_irq_vars.o obj/HAL/src/alt_isatty.o obj/HAL/src/alt_kill.o obj/HAL/src/alt_link.o obj/HAL/src/alt_load.o obj/HAL/src/alt_log_macro.o obj/HAL/src/alt_log_printf.o obj/HAL/src/alt_lseek.o obj/HAL/src/alt_main.o obj/HAL/src/alt_malloc_lock.o obj/HAL/src/alt_mcount.o obj/HAL/src/alt_open.o obj/HAL/src/alt_printf.o obj/HAL/src/alt_putchar.o obj/HAL/src/alt_putcharbuf.o obj/HAL/src/alt_putstr.o obj/HAL/src/alt_read.o obj/HAL/src/alt_release_fd.o obj/HAL/src/alt_remap_cached.o obj/HAL/src/alt_remap_uncached.o obj/HAL/src/alt_rename.o obj/HAL/src/alt_sbrk.o obj/HAL/src/alt_settod.o obj/HAL/src/alt_software_exception.o obj/HAL/src/alt_stat.o obj/HAL/src/alt_tick.o obj/HAL/src/alt_times.o obj/HAL/src/alt_uncached_free.o obj/HAL/src/alt_uncached_malloc.o obj/HAL/src/alt_unlink.o obj/HAL/src/alt_usleep.o obj/HAL/src/alt_wait.o obj/HAL/src/alt_write.o obj/HAL/src/altera_nios2_gen2_irq.o obj/HAL/src/crt0.o obj/alt_sys_init.o obj/drivers/src/altera_avalon_jtag_uart_fd.o obj/drivers/src/altera_avalon_jtag_uart_init.o obj/drivers/src/altera_avalon_jtag_uart_ioctl.o obj/drivers/src/altera_avalon_jtag_uart_read.o obj/drivers/src/altera_avalon_jtag_uart_write.o obj/drivers/src/altera_avalon_spi.o obj/drivers/src/altera_avalon_sysid_qsys.o obj/drivers/src/altera_avalon_timer_sc.o obj/drivers/src/altera_avalon_timer_ts.o obj/drivers/src/altera_avalon_timer_vars.o
[BSP build complete]
Info: Compiling hello_world_small.c to obj/default/hello_world_small.o
nios2-elf-gcc.exe -xc -MP -MMD -c -Ic:/Users/guan-ming.dennis-won/Documents/Code/SPI_4_Wire_Serial_Intel_FPGA_IP/software/NIOS_Project_Small_bsp//HAL/inc -Ic:/Users/guan-ming.dennis-won/Documents/Code/SPI_4_Wire_Serial_Intel_FPGA_IP/software/NIOS_Project_Small_bsp/ -Ic:/Users/guan-ming.dennis-won/Documents/Code/SPI_4_Wire_Serial_Intel_FPGA_IP/software/NIOS_Project_Small_bsp//drivers/inc  -pipe -D__hal__ -DALT_NO_C_PLUS_PLUS -DALT_NO_CLEAN_EXIT -D'exit(a)=_exit(a)' -DALT_NO_EXIT -DALT_USE_DIRECT_DRIVERS -DALT_NO_INSTRUCTION_EMULATION -DALT_USE_SMALL_DRIVERS -DSMALL_C_LIB -DALT_SINGLE_THREADED    -Os -g -Wall   -mno-hw-div -mno-hw-div -mno-hw-mul -mno-hw-mulx -mgpopt=global  -o "obj/default/hello_world_small.o" "hello_world_small.c"
Info: Compiling imported_source/TENCL040_ESC.c to obj/default/imported_source/TENCL040_ESC.o
nios2-elf-gcc.exe -xc -MP -MMD -c -Ic:/Users/guan-ming.dennis-won/Documents/Code/SPI_4_Wire_Serial_Intel_FPGA_IP/software/NIOS_Project_Small_bsp//HAL/inc -Ic:/Users/guan-ming.dennis-won/Documents/Code/SPI_4_Wire_Serial_Intel_FPGA_IP/software/NIOS_Project_Small_bsp/ -Ic:/Users/guan-ming.dennis-won/Documents/Code/SPI_4_Wire_Serial_Intel_FPGA_IP/software/NIOS_Project_Small_bsp//drivers/inc  -pipe -D__hal__ -DALT_NO_C_PLUS_PLUS -DALT_NO_CLEAN_EXIT -D'exit(a)=_exit(a)' -DALT_NO_EXIT -DALT_USE_DIRECT_DRIVERS -DALT_NO_INSTRUCTION_EMULATION -DALT_USE_SMALL_DRIVERS -DSMALL_C_LIB -DALT_SINGLE_THREADED    -Os -g -Wall   -mno-hw-div -mno-hw-div -mno-hw-mul -mno-hw-mulx -mgpopt=global  -o "obj/default/imported_source/TENCL040_ESC.o" "imported_source/TENCL040_ESC.c"
imported_source/TENCL040_ESC.c: In function 'APPL_InputMapping':
imported_source/TENCL040_ESC.c:360:33: warning: case label value exceeds maximum value for type [-Wswitch-outside-range]
  360 |                                 case 0x1A010:
      |                                 ^~~~
imported_source/TENCL040_ESC.c: In function 'APPL_GetDeviceID':
imported_source/TENCL040_ESC.c:449:6: warning: #warning "Implement explicit Device ID latching" [-Wcpp]
  449 |     #warning "Implement explicit Device ID latching"
      |      ^~~~~~~
Info: Compiling imported_source/ax58100_hw.c to obj/default/imported_source/ax58100_hw.o
nios2-elf-gcc.exe -xc -MP -MMD -c -Ic:/Users/guan-ming.dennis-won/Documents/Code/SPI_4_Wire_Serial_Intel_FPGA_IP/software/NIOS_Project_Small_bsp//HAL/inc -Ic:/Users/guan-ming.dennis-won/Documents/Code/SPI_4_Wire_Serial_Intel_FPGA_IP/software/NIOS_Project_Small_bsp/ -Ic:/Users/guan-ming.dennis-won/Documents/Code/SPI_4_Wire_Serial_Intel_FPGA_IP/software/NIOS_Project_Small_bsp//drivers/inc  -pipe -D__hal__ -DALT_NO_C_PLUS_PLUS -DALT_NO_CLEAN_EXIT -D'exit(a)=_exit(a)' -DALT_NO_EXIT -DALT_USE_DIRECT_DRIVERS -DALT_NO_INSTRUCTION_EMULATION -DALT_USE_SMALL_DRIVERS -DSMALL_C_LIB -DALT_SINGLE_THREADED    -Os -g -Wall   -mno-hw-div -mno-hw-div -mno-hw-mul -mno-hw-mulx -mgpopt=global  -o "obj/default/imported_source/ax58100_hw.o" "imported_source/ax58100_hw.c"
imported_source/ax58100_hw.c: In function 'HW_SPI_Read':
imported_source/ax58100_hw.c:169:25: warning: unused variable 'spi_check' [-Wunused-variable]
  169 |                 uint8_t spi_check =  spi_transmit_receive(ESC_SPI_BASE, 0,
      |                         ^~~~~~~~~
imported_source/ax58100_hw.c: In function 'HW_SPI_Write':
imported_source/ax58100_hw.c:259:25: warning: unused variable 'spi_check' [-Wunused-variable]
  259 |                 uint8_t spi_check =  spi_transmit_receive(ESC_SPI_BASE, 0,
      |                         ^~~~~~~~~
imported_source/ax58100_hw.c: In function 'HW_Init':
imported_source/ax58100_hw.c:333:9: warning: implicit declaration of function 'init_exti0_it' [-Wimplicit-function-declaration]
  333 |         init_exti0_it();
      |         ^~~~~~~~~~~~~
imported_source/ax58100_hw.c: At top level:
imported_source/ax58100_hw.c:61:16: warning: 'HW_SPI_TransmitReceive' defined but not used [-Wunused-function]
   61 | static int32_t HW_SPI_TransmitReceive(uint8_t* pTxData, uint8_t* pRxData,
      |                ^~~~~~~~~~~~~~~~~~~~~~
Info: Compiling imported_source/coeappl.c to obj/default/imported_source/coeappl.o
nios2-elf-gcc.exe -xc -MP -MMD -c -Ic:/Users/guan-ming.dennis-won/Documents/Code/SPI_4_Wire_Serial_Intel_FPGA_IP/software/NIOS_Project_Small_bsp//HAL/inc -Ic:/Users/guan-ming.dennis-won/Documents/Code/SPI_4_Wire_Serial_Intel_FPGA_IP/software/NIOS_Project_Small_bsp/ -Ic:/Users/guan-ming.dennis-won/Documents/Code/SPI_4_Wire_Serial_Intel_FPGA_IP/software/NIOS_Project_Small_bsp//drivers/inc  -pipe -D__hal__ -DALT_NO_C_PLUS_PLUS -DALT_NO_CLEAN_EXIT -D'exit(a)=_exit(a)' -DALT_NO_EXIT -DALT_USE_DIRECT_DRIVERS -DALT_NO_INSTRUCTION_EMULATION -DALT_USE_SMALL_DRIVERS -DSMALL_C_LIB -DALT_SINGLE_THREADED    -Os -g -Wall   -mno-hw-div -mno-hw-div -mno-hw-mul -mno-hw-mulx -mgpopt=global  -o "obj/default/imported_source/coeappl.o" "imported_source/coeappl.c"
imported_source/coeappl.c: In function 'COE_ObjDictionaryInit':
imported_source/coeappl.c:882:26: warning: the comparison will always evaluate as 'true' for the address of 'ApplicationObjDic' will never be NULL [-Waddress]
  882 |     if(ApplicationObjDic != NULL)
      |                          ^~
In file included from imported_source/../imported_source/TENCL040_ESC.h:41,
                 from imported_source/coeappl.c:132:
imported_source/../imported_source/TENCL040_ESCObjects.h:2437:19: note: 'ApplicationObjDic' declared here
 2437 | TOBJECT    OBJMEM ApplicationObjDic[] = {
      |                   ^~~~~~~~~~~~~~~~~
Info: Compiling imported_source/ecatappl.c to obj/default/imported_source/ecatappl.o
nios2-elf-gcc.exe -xc -MP -MMD -c -Ic:/Users/guan-ming.dennis-won/Documents/Code/SPI_4_Wire_Serial_Intel_FPGA_IP/software/NIOS_Project_Small_bsp//HAL/inc -Ic:/Users/guan-ming.dennis-won/Documents/Code/SPI_4_Wire_Serial_Intel_FPGA_IP/software/NIOS_Project_Small_bsp/ -Ic:/Users/guan-ming.dennis-won/Documents/Code/SPI_4_Wire_Serial_Intel_FPGA_IP/software/NIOS_Project_Small_bsp//drivers/inc  -pipe -D__hal__ -DALT_NO_C_PLUS_PLUS -DALT_NO_CLEAN_EXIT -D'exit(a)=_exit(a)' -DALT_NO_EXIT -DALT_USE_DIRECT_DRIVERS -DALT_NO_INSTRUCTION_EMULATION -DALT_USE_SMALL_DRIVERS -DSMALL_C_LIB -DALT_SINGLE_THREADED    -Os -g -Wall   -mno-hw-div -mno-hw-div -mno-hw-mul -mno-hw-mulx -mgpopt=global  -o "obj/default/imported_source/ecatappl.o" "imported_source/ecatappl.c"
Info: Compiling imported_source/ecatcoe.c to obj/default/imported_source/ecatcoe.o
nios2-elf-gcc.exe -xc -MP -MMD -c -Ic:/Users/guan-ming.dennis-won/Documents/Code/SPI_4_Wire_Serial_Intel_FPGA_IP/software/NIOS_Project_Small_bsp//HAL/inc -Ic:/Users/guan-ming.dennis-won/Documents/Code/SPI_4_Wire_Serial_Intel_FPGA_IP/software/NIOS_Project_Small_bsp/ -Ic:/Users/guan-ming.dennis-won/Documents/Code/SPI_4_Wire_Serial_Intel_FPGA_IP/software/NIOS_Project_Small_bsp//drivers/inc  -pipe -D__hal__ -DALT_NO_C_PLUS_PLUS -DALT_NO_CLEAN_EXIT -D'exit(a)=_exit(a)' -DALT_NO_EXIT -DALT_USE_DIRECT_DRIVERS -DALT_NO_INSTRUCTION_EMULATION -DALT_USE_SMALL_DRIVERS -DSMALL_C_LIB -DALT_SINGLE_THREADED    -Os -g -Wall   -mno-hw-div -mno-hw-div -mno-hw-mul -mno-hw-mulx -mgpopt=global  -o "obj/default/imported_source/ecatcoe.o" "imported_source/ecatcoe.c"
Info: Compiling imported_source/ecatslv.c to obj/default/imported_source/ecatslv.o
nios2-elf-gcc.exe -xc -MP -MMD -c -Ic:/Users/guan-ming.dennis-won/Documents/Code/SPI_4_Wire_Serial_Intel_FPGA_IP/software/NIOS_Project_Small_bsp//HAL/inc -Ic:/Users/guan-ming.dennis-won/Documents/Code/SPI_4_Wire_Serial_Intel_FPGA_IP/software/NIOS_Project_Small_bsp/ -Ic:/Users/guan-ming.dennis-won/Documents/Code/SPI_4_Wire_Serial_Intel_FPGA_IP/software/NIOS_Project_Small_bsp//drivers/inc  -pipe -D__hal__ -DALT_NO_C_PLUS_PLUS -DALT_NO_CLEAN_EXIT -D'exit(a)=_exit(a)' -DALT_NO_EXIT -DALT_USE_DIRECT_DRIVERS -DALT_NO_INSTRUCTION_EMULATION -DALT_USE_SMALL_DRIVERS -DSMALL_C_LIB -DALT_SINGLE_THREADED    -Os -g -Wall   -mno-hw-div -mno-hw-div -mno-hw-mul -mno-hw-mulx -mgpopt=global  -o "obj/default/imported_source/ecatslv.o" "imported_source/ecatslv.c"
Info: Compiling imported_source/mailbox.c to obj/default/imported_source/mailbox.o
nios2-elf-gcc.exe -xc -MP -MMD -c -Ic:/Users/guan-ming.dennis-won/Documents/Code/SPI_4_Wire_Serial_Intel_FPGA_IP/software/NIOS_Project_Small_bsp//HAL/inc -Ic:/Users/guan-ming.dennis-won/Documents/Code/SPI_4_Wire_Serial_Intel_FPGA_IP/software/NIOS_Project_Small_bsp/ -Ic:/Users/guan-ming.dennis-won/Documents/Code/SPI_4_Wire_Serial_Intel_FPGA_IP/software/NIOS_Project_Small_bsp//drivers/inc  -pipe -D__hal__ -DALT_NO_C_PLUS_PLUS -DALT_NO_CLEAN_EXIT -D'exit(a)=_exit(a)' -DALT_NO_EXIT -DALT_USE_DIRECT_DRIVERS -DALT_NO_INSTRUCTION_EMULATION -DALT_USE_SMALL_DRIVERS -DSMALL_C_LIB -DALT_SINGLE_THREADED    -Os -g -Wall   -mno-hw-div -mno-hw-div -mno-hw-mul -mno-hw-mulx -mgpopt=global  -o "obj/default/imported_source/mailbox.o" "imported_source/mailbox.c"
imported_source/mailbox.c: In function 'MBX_CheckAndCopyMailbox':
imported_source/mailbox.c:760:17: warning: array subscript 'TMBX[0]' is partly outside array bounds of 'unsigned char[10]' [-Warray-bounds]
  760 |             pMbx->MbxHeader.Length     = 4;
      |                 ^~
In file included from imported_source/mailbox.c:138:
imported_source/../imported_source/ecat_def.h:776:51: note: object of size 10 allocated by 'malloc'
  776 | #define APPL_AllocMailboxBuffer(size)             malloc((size))
      |                                                   ^~~~~~~~~~~~~~
imported_source/mailbox.c:753:45: note: in expansion of macro 'APPL_AllocMailboxBuffer'
  753 |         TMBX MBXMEM *pMbx = (TMBX MBXMEM *) APPL_AllocMailboxBuffer(10); /* a mailbox error datagram length*/
      |                                             ^~~~~~~~~~~~~~~~~~~~~~~
imported_source/mailbox.c:762:17: warning: array subscript 'TMBX[0]' is partly outside array bounds of 'unsigned char[10]' [-Warray-bounds]
  762 |             pMbx->Data[0]                        = SWAPWORD(MBXSERVICE_MBXERRORCMD);
      |                 ^~
imported_source/../imported_source/ecat_def.h:776:51: note: object of size 10 allocated by 'malloc'
  776 | #define APPL_AllocMailboxBuffer(size)             malloc((size))
      |                                                   ^~~~~~~~~~~~~~
imported_source/mailbox.c:753:45: note: in expansion of macro 'APPL_AllocMailboxBuffer'
  753 |         TMBX MBXMEM *pMbx = (TMBX MBXMEM *) APPL_AllocMailboxBuffer(10); /* a mailbox error datagram length*/
      |                                             ^~~~~~~~~~~~~~~~~~~~~~~
imported_source/mailbox.c:763:17: warning: array subscript 'TMBX[0]' is partly outside array bounds of 'unsigned char[10]' [-Warray-bounds]
  763 |             pMbx->Data[1]                        = SWAPWORD(MBXERR_NOMOREMEMORY);
      |                 ^~
imported_source/../imported_source/ecat_def.h:776:51: note: object of size 10 allocated by 'malloc'
  776 | #define APPL_AllocMailboxBuffer(size)             malloc((size))
      |                                                   ^~~~~~~~~~~~~~
imported_source/mailbox.c:753:45: note: in expansion of macro 'APPL_AllocMailboxBuffer'
  753 |         TMBX MBXMEM *pMbx = (TMBX MBXMEM *) APPL_AllocMailboxBuffer(10); /* a mailbox error datagram length*/
      |                                             ^~~~~~~~~~~~~~~~~~~~~~~
Info: Compiling imported_source/objdef.c to obj/default/imported_source/objdef.o
nios2-elf-gcc.exe -xc -MP -MMD -c -Ic:/Users/guan-ming.dennis-won/Documents/Code/SPI_4_Wire_Serial_Intel_FPGA_IP/software/NIOS_Project_Small_bsp//HAL/inc -Ic:/Users/guan-ming.dennis-won/Documents/Code/SPI_4_Wire_Serial_Intel_FPGA_IP/software/NIOS_Project_Small_bsp/ -Ic:/Users/guan-ming.dennis-won/Documents/Code/SPI_4_Wire_Serial_Intel_FPGA_IP/software/NIOS_Project_Small_bsp//drivers/inc  -pipe -D__hal__ -DALT_NO_C_PLUS_PLUS -DALT_NO_CLEAN_EXIT -D'exit(a)=_exit(a)' -DALT_NO_EXIT -DALT_USE_DIRECT_DRIVERS -DALT_NO_INSTRUCTION_EMULATION -DALT_USE_SMALL_DRIVERS -DSMALL_C_LIB -DALT_SINGLE_THREADED    -Os -g -Wall   -mno-hw-div -mno-hw-div -mno-hw-mul -mno-hw-mulx -mgpopt=global  -o "obj/default/imported_source/objdef.o" "imported_source/objdef.c"
Info: Compiling imported_source/sdoserv.c to obj/default/imported_source/sdoserv.o
nios2-elf-gcc.exe -xc -MP -MMD -c -Ic:/Users/guan-ming.dennis-won/Documents/Code/SPI_4_Wire_Serial_Intel_FPGA_IP/software/NIOS_Project_Small_bsp//HAL/inc -Ic:/Users/guan-ming.dennis-won/Documents/Code/SPI_4_Wire_Serial_Intel_FPGA_IP/software/NIOS_Project_Small_bsp/ -Ic:/Users/guan-ming.dennis-won/Documents/Code/SPI_4_Wire_Serial_Intel_FPGA_IP/software/NIOS_Project_Small_bsp//drivers/inc  -pipe -D__hal__ -DALT_NO_C_PLUS_PLUS -DALT_NO_CLEAN_EXIT -D'exit(a)=_exit(a)' -DALT_NO_EXIT -DALT_USE_DIRECT_DRIVERS -DALT_NO_INSTRUCTION_EMULATION -DALT_USE_SMALL_DRIVERS -DSMALL_C_LIB -DALT_SINGLE_THREADED    -Os -g -Wall   -mno-hw-div -mno-hw-div -mno-hw-mul -mno-hw-mulx -mgpopt=global  -o "obj/default/imported_source/sdoserv.o" "imported_source/sdoserv.c"
Info: Compiling nios_it/nios_it.c to obj/default/nios_it/nios_it.o
nios2-elf-gcc.exe -xc -MP -MMD -c -Ic:/Users/guan-ming.dennis-won/Documents/Code/SPI_4_Wire_Serial_Intel_FPGA_IP/software/NIOS_Project_Small_bsp//HAL/inc -Ic:/Users/guan-ming.dennis-won/Documents/Code/SPI_4_Wire_Serial_Intel_FPGA_IP/software/NIOS_Project_Small_bsp/ -Ic:/Users/guan-ming.dennis-won/Documents/Code/SPI_4_Wire_Serial_Intel_FPGA_IP/software/NIOS_Project_Small_bsp//drivers/inc  -pipe -D__hal__ -DALT_NO_C_PLUS_PLUS -DALT_NO_CLEAN_EXIT -D'exit(a)=_exit(a)' -DALT_NO_EXIT -DALT_USE_DIRECT_DRIVERS -DALT_NO_INSTRUCTION_EMULATION -DALT_USE_SMALL_DRIVERS -DSMALL_C_LIB -DALT_SINGLE_THREADED    -Os -g -Wall   -mno-hw-div -mno-hw-div -mno-hw-mul -mno-hw-mulx -mgpopt=global  -o "obj/default/nios_it/nios_it.o" "nios_it/nios_it.c"
nios_it/nios_it.c: In function 'exti0_isr':
nios_it/nios_it.c:18:10: warning: implicit declaration of function 'PDI_Isr' [-Wimplicit-function-declaration]
   18 |          PDI_Isr();
      |          ^~~~~~~
nios_it/nios_it.c:24:10: warning: implicit declaration of function 'printf' [-Wimplicit-function-declaration]
   24 |          printf("Called ISR!\n");
      |          ^~~~~~
nios_it/nios_it.c:11:1: note: include '<stdio.h>' or provide a declaration of 'printf'
   10 | #include "../peripheral/peripheral_linker.h"  // Include the linker header file with peripheral definitions
  +++ |+#include <stdio.h>
   11 | 
nios_it/nios_it.c:24:10: warning: incompatible implicit declaration of built-in function 'printf' [-Wbuiltin-declaration-mismatch]
   24 |          printf("Called ISR!\n");
      |          ^~~~~~
nios_it/nios_it.c:24:10: note: include '<stdio.h>' or provide a declaration of 'printf'
Info: Compiling peripheral/peripheral_linker.c to obj/default/peripheral/peripheral_linker.o
nios2-elf-gcc.exe -xc -MP -MMD -c -Ic:/Users/guan-ming.dennis-won/Documents/Code/SPI_4_Wire_Serial_Intel_FPGA_IP/software/NIOS_Project_Small_bsp//HAL/inc -Ic:/Users/guan-ming.dennis-won/Documents/Code/SPI_4_Wire_Serial_Intel_FPGA_IP/software/NIOS_Project_Small_bsp/ -Ic:/Users/guan-ming.dennis-won/Documents/Code/SPI_4_Wire_Serial_Intel_FPGA_IP/software/NIOS_Project_Small_bsp//drivers/inc  -pipe -D__hal__ -DALT_NO_C_PLUS_PLUS -DALT_NO_CLEAN_EXIT -D'exit(a)=_exit(a)' -DALT_NO_EXIT -DALT_USE_DIRECT_DRIVERS -DALT_NO_INSTRUCTION_EMULATION -DALT_USE_SMALL_DRIVERS -DSMALL_C_LIB -DALT_SINGLE_THREADED    -Os -g -Wall   -mno-hw-div -mno-hw-div -mno-hw-mul -mno-hw-mulx -mgpopt=global  -o "obj/default/peripheral/peripheral_linker.o" "peripheral/peripheral_linker.c"
peripheral/peripheral_linker.c: In function 'delay_ms':
peripheral/peripheral_linker.c:9:5: warning: implicit declaration of function 'usleep' [-Wimplicit-function-declaration]
    9 |     usleep(milliseconds * 1000);  // Convert to microseconds
      |     ^~~~~~
peripheral/peripheral_linker.c: In function 'adc_init':
peripheral/peripheral_linker.c:17:13: warning: variable 'spi_check' set but not used [-Wunused-but-set-variable]
   17 |         int spi_check = -1;
      |             ^~~~~~~~~
peripheral/peripheral_linker.c: In function 'adc_init_spi_transmit_receive':
peripheral/peripheral_linker.c:161:13: warning: variable 'spi_check' set but not used [-Wunused-but-set-variable]
  161 |         int spi_check = -1;
      |             ^~~~~~~~~
peripheral/peripheral_linker.c: In function 'spi_transmit_receive':
peripheral/peripheral_linker.c:348:19: warning: implicit declaration of function 'printf' [-Wimplicit-function-declaration]
  348 |                   printf("error!");
      |                   ^~~~~~
peripheral/peripheral_linker.c:5:1: note: include '<stdio.h>' or provide a declaration of 'printf'
    4 | #include "timer.h"
  +++ |+#include <stdio.h>
    5 | 
peripheral/peripheral_linker.c:348:19: warning: incompatible implicit declaration of built-in function 'printf' [-Wbuiltin-declaration-mismatch]
  348 |                   printf("error!");
      |                   ^~~~~~
peripheral/peripheral_linker.c:348:19: note: include '<stdio.h>' or provide a declaration of 'printf'
Info: Compiling peripheral/timer.c to obj/default/peripheral/timer.o
nios2-elf-gcc.exe -xc -MP -MMD -c -Ic:/Users/guan-ming.dennis-won/Documents/Code/SPI_4_Wire_Serial_Intel_FPGA_IP/software/NIOS_Project_Small_bsp//HAL/inc -Ic:/Users/guan-ming.dennis-won/Documents/Code/SPI_4_Wire_Serial_Intel_FPGA_IP/software/NIOS_Project_Small_bsp/ -Ic:/Users/guan-ming.dennis-won/Documents/Code/SPI_4_Wire_Serial_Intel_FPGA_IP/software/NIOS_Project_Small_bsp//drivers/inc  -pipe -D__hal__ -DALT_NO_C_PLUS_PLUS -DALT_NO_CLEAN_EXIT -D'exit(a)=_exit(a)' -DALT_NO_EXIT -DALT_USE_DIRECT_DRIVERS -DALT_NO_INSTRUCTION_EMULATION -DALT_USE_SMALL_DRIVERS -DSMALL_C_LIB -DALT_SINGLE_THREADED    -Os -g -Wall   -mno-hw-div -mno-hw-div -mno-hw-mul -mno-hw-mulx -mgpopt=global  -o "obj/default/peripheral/timer.o" "peripheral/timer.c"
peripheral/timer.c: In function 'led_blink':
peripheral/timer.c:20:17: warning: implicit declaration of function 'printf' [-Wimplicit-function-declaration]
   20 |                 printf("led_blink - timer.c");
      |                 ^~~~~~
peripheral/timer.c:2:1: note: include '<stdio.h>' or provide a declaration of 'printf'
    1 | #include "timer.h"
  +++ |+#include <stdio.h>
    2 | 
peripheral/timer.c:20:17: warning: incompatible implicit declaration of built-in function 'printf' [-Wbuiltin-declaration-mismatch]
   20 |                 printf("led_blink - timer.c");
      |                 ^~~~~~
peripheral/timer.c:20:17: note: include '<stdio.h>' or provide a declaration of 'printf'
peripheral/timer.c: In function 'timer16_isr':
peripheral/timer.c:38:17: warning: implicit declaration of function 'alt_putstr' [-Wimplicit-function-declaration]
   38 |                 alt_putstr("Hello from Nios II!\n");
      |                 ^~~~~~~~~~
peripheral/timer.c: At top level:
peripheral/timer.c:4:16: warning: 'led_blink_register' defined but not used [-Wunused-variable]
    4 | static uint8_t led_blink_register = 0;
      |                ^~~~~~~~~~~~~~~~~~
Info: Linking NIOS_Project_Small.elf
nios2-elf-g++.exe  -T'c:/Users/guan-ming.dennis-won/Documents/Code/SPI_4_Wire_Serial_Intel_FPGA_IP/software/NIOS_Project_Small_bsp//linker.x' -msys-crt0='c:/Users/guan-ming.dennis-won/Documents/Code/SPI_4_Wire_Serial_Intel_FPGA_IP/software/NIOS_Project_Small_bsp//obj/HAL/src/crt0.o' -msys-lib=hal_bsp -Lc:/Users/guan-ming.dennis-won/Documents/Code/SPI_4_Wire_Serial_Intel_FPGA_IP/software/NIOS_Project_Small_bsp/  -msmallc  -Wl,-Map=NIOS_Project_Small.map   -Os -g -Wall   -mno-hw-div -mno-hw-div -mno-hw-mul -mno-hw-mulx -mgpopt=global  -o NIOS_Project_Small.elf obj/default/hello_world_small.o obj/default/imported_source/TENCL040_ESC.o obj/default/imported_source/ax58100_hw.o obj/default/imported_source/coeappl.o obj/default/imported_source/ecatappl.o obj/default/imported_source/ecatcoe.o obj/default/imported_source/ecatslv.o obj/default/imported_source/mailbox.o obj/default/imported_source/objdef.o obj/default/imported_source/sdoserv.o obj/default/nios_it/nios_it.o obj/default/peripheral/peripheral_linker.o obj/default/peripheral/timer.o -lm -msys-lib=m
nios2-elf-insert.exe NIOS_Project_Small.elf --thread_model hal --cpu_name NIOS --qsys true --simulation_enabled false --id 39011 --sidp 0x410e0 --timestamp 1749801072 --stderr_dev DEBUG --stdin_dev DEBUG --stdout_dev DEBUG --sopc_system_name spi_platform_designer --quartus_project_dir "c:/Users/guan-ming.dennis-won/Documents/Code/SPI_4_Wire_Serial_Intel_FPGA_IP" --jdi ../..//output_files/spi.jdi --sopcinfo C:/Users/guan-ming.dennis-won/Documents/Code/SPI_4_Wire_Serial_Intel_FPGA_IP/spi_platform_designer.sopcinfo
Info: (NIOS_Project_Small.elf) 41 KBytes program size (code + initialized data).
Info:                          34 KBytes free for stack + heap.
Info: Creating NIOS_Project_Small.objdump
nios2-elf-objdump.exe --disassemble --syms --all-header --source NIOS_Project_Small.elf >NIOS_Project_Small.objdump
[NIOS_Project_Small build complete]
16:59:40 **** Build of configuration Nios II for project NIOS_Project_Small ****
wsl make all 
Info: Building /mnt/c/Users/guan-ming.dennis-won/Documents/Code/SPI_4_Wire_Serial_Intel_FPGA_IP/software/NIOS_Project_Small_bsp/
make --no-print-directory -C /mnt/c/Users/guan-ming.dennis-won/Documents/Code/SPI_4_Wire_Serial_Intel_FPGA_IP/software/NIOS_Project_Small_bsp/
[BSP build complete]
[NIOS_Project_Small build complete]
